window_time,flow_count,total_packets,packet_rate,total_bytes,byte_rate,duration_mean,duration_std,fwd_pkt_len_mean,bwd_pkt_len_mean,iat_mean,syn_ratio,rst_ratio,ack_ratio,fin_ratio,tcp_ratio,udp_ratio,risk,stage
2026-03-15 08:00:00,9.0,245.0,24.5,85461.0,8546.1,127452.47786458333,59333.4484309627,341.97025129530164,694.5643751356337,5955.418375651042,0.4444444444444444,0.2222222222222222,1.0,0.2222222222222222,0.6666666666666666,0.3333333333333333,0.0,0
2026-03-15 08:00:10,8.0,195.0,19.5,94446.0,9444.6,106712.958984375,52321.84806414612,299.01038551330566,640.0360813140869,5779.137496948242,0.125,0.125,1.0,0.0,0.625,0.375,0.0,0
2026-03-15 08:00:20,9.0,277.0,27.7,105596.0,10559.6,126511.19097222222,61277.923442599225,272.2744386461046,703.2449713812935,5943.089816623264,0.3333333333333333,0.0,1.0,0.1111111111111111,0.6666666666666666,0.3333333333333333,0.0,0
2026-03-15 08:00:30,8.0,224.0,22.4,94563.0,9456.3,135571.5048828125,39460.444066803466,337.3189125061035,678.2008285522461,7354.254501342773,0.375,0.25,1.0,0.0,1.0,0.0,0.0,0
2026-03-15 08:00:40,8.0,192.0,19.2,72584.0,7258.4,83459.37377929688,37523.65762269865,380.2815818786621,593.0525016784668,6359.385894775391,0.375,0.0,1.0,0.25,0.75,0.25,0.0,0
2026-03-15 08:00:50,9.0,252.0,25.2,93285.0,9328.5,127879.59722222222,54334.5869999425,268.74131139119464,679.0974290635851,6794.019029405382,0.2222222222222222,0.0,1.0,0.3333333333333333,0.5555555555555556,0.4444444444444444,0.0,0
2026-03-15 08:01:00,8.0,183.0,18.3,68041.0,6804.1,106081.03128051758,71268.58911295251,343.53683853149414,722.4138793945312,7022.123947143555,0.5,0.0,1.0,0.375,0.75,0.25,0.0,0
2026-03-15 08:01:10,8.0,188.0,18.8,101386.0,10138.6,115825.02856445312,60507.616716161065,315.1451930999756,625.1973152160645,6240.78991317749,0.375,0.0,1.0,0.125,0.75,0.25,0.0,0
2026-03-15 08:01:20,9.0,266.0,26.6,79774.0,7977.4,115098.63693576389,50335.79427930468,327.2359449598524,508.92008802625867,5622.023484971788,0.0,0.0,1.0,0.4444444444444444,0.8888888888888888,0.1111111111111111,0.0,0
2026-03-15 08:01:30,8.0,275.0,27.5,106346.0,10634.6,104340.82611083984,59143.56492296523,380.60160064697266,561.9859237670898,7234.144302368164,0.25,0.125,1.0,0.375,0.75,0.25,0.0,0
2026-03-15 08:01:40,8.0,225.0,22.5,108700.0,10870.0,104569.68115234375,34531.49599294085,278.569034576416,652.5519390106201,5921.915447235107,0.125,0.25,1.0,0.125,0.625,0.375,0.0,0
2026-03-15 08:01:50,8.0,261.0,26.1,84568.0,8456.8,83540.9609375,41672.08509183698,229.8012866973877,570.7374048233032,7182.377332687378,0.375,0.0,1.0,0.375,0.75,0.25,0.0,0
2026-03-15 08:02:00,9.0,274.0,27.4,113348.0,11334.8,94755.56404622395,62180.315739611375,393.68456692165796,537.2568427191841,8493.79143608941,0.0,0.0,1.0,0.1111111111111111,0.5555555555555556,0.4444444444444444,0.0,0
2026-03-15 08:02:10,8.0,216.0,21.6,97819.0,9781.9,107958.25646972656,41789.82793684185,357.34124279022217,632.9403429031372,6179.645980834961,0.5,0.0,1.0,0.0,0.75,0.25,0.0,0
2026-03-15 08:02:20,9.0,253.0,25.3,135882.0,13588.2,108000.84971788194,59957.34708611031,350.105399661594,514.0828382703993,5988.49612765842,0.2222222222222222,0.1111111111111111,1.0,0.1111111111111111,0.6666666666666666,0.3333333333333333,0.0,0
2026-03-15 08:02:30,8.0,181.0,18.1,69324.0,6932.4,70334.74719238281,52038.65682931607,245.9287838935852,507.4649648666382,8278.229278564453,0.75,0.0,1.0,0.5,0.75,0.25,0.0,0
2026-03-15 08:02:40,8.0,259.0,25.9,74741.0,7474.1,99437.31561279297,74263.55938195181,406.82814025878906,816.6927375793457,8391.389663696289,0.75,0.0,1.0,0.375,0.625,0.375,0.0,0
2026-03-15 08:02:50,8.0,249.0,24.9,90111.0,9011.1,57140.81081390381,46864.420075902046,392.7849326133728,660.1184844970703,7263.830383300781,0.25,0.0,1.0,0.25,0.75,0.25,0.0,0
2026-03-15 08:03:00,9.0,304.0,30.4,101638.0,10163.8,100840.2421875,61570.715994199774,311.6043226453993,583.6355463663737,9728.450575086805,0.3333333333333333,0.1111111111111111,1.0,0.1111111111111111,0.6666666666666666,0.3333333333333333,0.0,0
2026-03-15 08:03:10,8.0,206.0,20.6,98579.0,9857.9,94887.72338867188,56001.59372957613,422.2214756011963,639.5228519439697,6651.6092529296875,0.125,0.0,1.0,0.125,0.625,0.375,0.0,0
2026-03-15 08:03:20,9.0,211.0,21.1,95808.0,9580.8,75906.17388237847,64858.60252489924,244.41370561387805,610.0253499348959,7097.561747233073,0.3333333333333333,0.1111111111111111,1.0,0.3333333333333333,0.8888888888888888,0.1111111111111111,0.0,0
2026-03-15 08:03:30,8.0,231.0,23.1,100841.0,10084.1,103767.7333984375,40863.40659794433,383.6623954772949,637.6193513870239,6548.136749267578,0.25,0.125,1.0,0.375,0.625,0.375,0.0,0
2026-03-15 08:03:40,8.0,227.0,22.7,99136.0,9913.6,95427.8935546875,35406.18685341599,468.57275772094727,728.782112121582,4344.336074829102,0.5,0.0,1.0,0.0,0.625,0.375,0.0,0
2026-03-15 08:03:50,8.0,265.0,26.5,85015.0,8501.5,119944.0595703125,48435.84280871496,273.13296937942505,487.7829055786133,5800.706092834473,0.375,0.0,1.0,0.5,0.75,0.25,0.0,0
2026-03-15 08:04:00,9.0,218.0,21.8,108245.0,10824.5,55284.70383029514,48815.16069612314,395.8238279554579,809.1541442871094,7693.013509114583,0.2222222222222222,0.1111111111111111,1.0,0.1111111111111111,0.7777777777777778,0.2222222222222222,0.0,0
2026-03-15 08:04:10,8.0,215.0,21.5,74027.0,7402.7,139400.9365234375,60596.188329255194,274.06865549087524,678.3356609344482,9833.392169952393,0.375,0.0,1.0,0.125,0.75,0.25,0.0,0
2026-03-15 08:04:20,8.0,209.0,20.9,94462.0,9446.2,130884.59155273438,60763.710345339015,275.657675743103,711.6771659851074,8169.759909629822,0.375,0.0,1.0,0.0,0.5,0.5,0.0,0
2026-03-15 08:04:30,9.0,254.0,25.4,84571.0,8457.1,81173.77951388889,44656.317966655835,328.69109598795575,575.2581583658854,9285.04094780816,0.4444444444444444,0.0,1.0,0.0,0.6666666666666666,0.3333333333333333,0.0,0
2026-03-15 08:04:40,8.0,140.0,14.0,88377.0,8837.7,86587.37805175781,48737.5045466078,202.44253873825073,656.4179525375366,7630.2333984375,0.25,0.0,1.0,0.375,0.875,0.125,0.0,0
2026-03-15 08:04:50,8.0,226.0,22.6,83458.0,8345.8,106169.02661132812,50905.04622991353,370.1771240234375,646.1368789672852,9419.451293945312,0.75,0.125,1.0,0.0,0.375,0.625,0.0,0
2026-03-15 08:05:00,9.0,259.0,25.9,113274.0,11327.4,101335.53819444444,49450.32973467338,301.3156212700738,696.8651750352648,7504.539143880208,0.0,0.1111111111111111,1.0,0.0,1.0,0.0,0.0,0
2026-03-15 08:05:10,8.0,216.0,21.6,80854.0,8085.4,99731.09497070312,60763.848316826006,314.57784366607666,756.5598373413086,9285.454772949219,0.375,0.125,1.0,0.125,0.875,0.125,0.0,0
2026-03-15 08:05:20,9.0,223.0,22.3,102132.0,10213.2,108171.67491319444,61339.47817562907,330.6236385769314,638.3934173583984,6292.429796006944,0.1111111111111111,0.1111111111111111,1.0,0.0,0.6666666666666666,0.3333333333333333,0.0,0
2026-03-15 08:05:30,8.0,201.0,20.1,88683.0,8868.3,123098.6015625,39330.897075903944,270.77471685409546,711.542010307312,6266.19140625,0.625,0.25,1.0,0.25,0.625,0.375,0.0,0
2026-03-15 08:05:40,8.0,226.0,22.6,88280.0,8828.0,122516.6630859375,54510.991369450705,236.53796100616455,639.1408262252808,8334.307052612305,0.25,0.0,1.0,0.0,0.75,0.25,0.0,0
2026-03-15 08:05:50,8.0,202.0,20.2,101642.0,10164.2,116623.40307617188,53752.78396410215,349.5509452819824,647.7090511322021,7826.509582519531,0.125,0.125,1.0,0.0,0.75,0.25,0.0,0
2026-03-15 08:06:00,9.0,236.0,23.6,97127.0,9712.7,129381.39659288194,63487.75511945992,263.4419886271159,735.925757514106,6595.307915581598,0.4444444444444444,0.2222222222222222,1.0,0.1111111111111111,0.4444444444444444,0.5555555555555556,0.0,0
2026-03-15 08:06:10,8.0,185.0,18.5,72528.0,7252.8,86814.88513183594,60449.877942199295,193.44037914276123,734.734827041626,8130.311950683594,0.625,0.25,1.0,0.25,0.875,0.125,0.0,0
2026-03-15 08:06:20,8.0,228.0,22.8,105132.0,10513.2,80056.45288085938,54117.539912794135,270.5067992210388,865.9147567749023,6325.184844970703,0.125,0.125,1.0,0.375,0.625,0.375,0.0,0
2026-03-15 08:06:30,9.0,280.0,28.0,107529.0,10752.9,121879.96657986111,44735.47429554656,308.3919219970703,637.5811979505751,7081.566623263889,0.4444444444444444,0.0,1.0,0.2222222222222222,0.6666666666666666,0.3333333333333333,0.0,0
2026-03-15 08:06:40,8.0,131.0,13.1,111711.0,11171.1,92251.00524902344,75745.95565345832,326.42425537109375,511.66993713378906,9050.317077636719,0.125,0.0,1.0,0.25,0.5,0.5,0.0,0
2026-03-15 08:06:50,8.0,194.0,19.4,71748.0,7174.8,72277.1442565918,46954.373719081166,393.5238342285156,539.4870977401733,9417.228240966797,0.375,0.0,1.0,0.0,0.375,0.625,0.0,0
2026-03-15 08:07:00,9.0,313.0,31.3,94231.0,9423.1,87435.20313178169,62785.06223718493,297.8511979844835,677.5945536295573,7433.817925347223,0.4444444444444444,0.1111111111111111,1.0,0.3333333333333333,0.8888888888888888,0.1111111111111111,0.0,0
2026-03-15 08:07:10,8.0,248.0,24.8,74320.0,7432.0,101574.74487304688,60841.79606331963,393.5780439376831,591.7264461517334,6738.624656677246,0.25,0.0,1.0,0.25,0.75,0.25,0.0,0
2026-03-15 08:07:20,9.0,279.0,27.9,125311.0,12531.1,136118.07986111112,23992.347783283654,330.01853307088214,764.3650902642144,6277.180257161458,0.3333333333333333,0.0,1.0,0.0,0.7777777777777778,0.2222222222222222,0.0,0
2026-03-15 08:07:30,8.0,172.0,17.2,76519.0,7651.9,124394.75439453125,58338.85193433971,423.521297454834,724.3193321228027,5506.231674194336,0.25,0.0,1.0,0.375,0.5,0.5,0.0,0
2026-03-15 08:07:40,8.0,157.0,15.7,93474.0,9347.4,71506.15447998047,56333.82009037635,214.84150886535645,553.9553880691528,8257.944152832031,0.25,0.0,1.0,0.25,0.875,0.125,0.0,0
2026-03-15 08:07:50,9.0,248.0,24.8,132294.0,13229.4,100452.12944878472,59498.29392320273,342.1241099039714,716.1910603841146,8290.345811631945,0.4444444444444444,0.0,1.0,0.2222222222222222,0.6666666666666666,0.3333333333333333,0.0,0
2026-03-15 08:08:00,8.0,237.0,23.7,88089.0,8808.9,123275.69287109375,54320.050820743556,389.1268939971924,894.7208862304688,8537.910339355469,0.5,0.375,1.0,0.125,0.625,0.375,0.0,0
2026-03-15 08:08:10,8.0,214.0,21.4,84018.0,8401.8,125729.92504882812,52528.46561842458,265.30835819244385,774.8698959350586,9985.498207092285,0.125,0.25,1.0,0.0,0.75,0.25,0.0,0
2026-03-15 08:08:20,8.0,161.0,16.1,103445.0,10344.5,99230.3403930664,65444.72520563191,328.6476821899414,537.2419099807739,8025.285110473633,0.375,0.0,1.0,0.125,0.375,0.625,0.0,0
2026-03-15 08:08:30,9.0,280.0,28.0,97102.0,9710.2,79929.4970703125,46989.74759495957,354.74522399902344,757.0109812418619,7463.437418619792,0.5555555555555556,0.0,1.0,0.3333333333333333,0.8888888888888888,0.1111111111111111,0.0,0
2026-03-15 08:08:40,8.0,227.0,22.7,88843.0,8884.3,95379.74584960938,55561.27785583894,295.2653112411499,604.0457725524902,10094.692596435547,0.5,0.0,1.0,0.125,0.75,0.25,0.0,0
2026-03-15 08:08:50,9.0,199.0,19.9,94386.0,9438.6,103307.43153211806,56171.11408652851,400.34747314453125,525.631113688151,6545.075059678819,0.3333333333333333,0.0,1.0,0.2222222222222222,0.7777777777777778,0.2222222222222222,0.0,0
2026-03-15 08:09:00,8.0,164.0,16.4,75955.0,7595.5,93448.5732421875,47146.46993349811,288.4907531738281,611.8734436035156,7251.890289306641,0.25,0.0,1.0,0.0,0.75,0.25,0.0,0
2026-03-15 08:09:10,8.0,193.0,19.3,89956.0,8995.6,99087.888671875,60469.24538720992,298.3201560974121,732.458568572998,6263.968444824219,0.375,0.0,1.0,0.125,0.625,0.375,0.0,0
2026-03-15 08:09:20,9.0,290.0,29.0,92349.0,9234.9,82477.03645833333,57114.75963182009,219.8738521999783,589.5039189656576,8879.558295355902,0.0,0.0,1.0,0.2222222222222222,0.7777777777777778,0.2222222222222222,0.0,0
2026-03-15 08:09:30,8.0,224.0,22.4,101787.0,10178.7,104658.32495117188,55777.5662882049,299.2126712799072,526.0624828338623,7702.790473937988,0.5,0.0,1.0,0.125,0.75,0.25,0.0,0
2026-03-15 08:09:40,8.0,250.0,25.0,114447.0,11444.7,92868.73095703125,42233.500400654826,289.6538667678833,518.0861377716064,8344.428924560547,0.375,0.0,1.0,0.125,0.625,0.375,0.0,0
2026-03-15 08:09:50,8.0,213.0,21.3,116387.0,11638.7,117178.748046875,46944.0868175686,258.6729826927185,589.9032459259033,8941.343551635742,0.375,0.0,1.0,0.125,0.625,0.375,0.0,0
2026-03-15 08:10:00,9.0,264.0,26.4,100227.0,10022.7,84621.36241319444,51243.78954306789,365.02804395887586,828.4199523925781,6235.9697502983945,0.1111111111111111,0.0,1.0,0.2222222222222222,0.5555555555555556,0.4444444444444444,0.0,0
2026-03-15 08:10:10,8.0,238.0,23.8,98977.0,9897.7,85728.21374511719,54012.57363591321,378.07512187957764,687.7002124786377,10610.065460205078,0.375,0.0,1.0,0.25,0.625,0.375,0.0,0
2026-03-15 08:10:20,9.0,201.0,20.1,115716.0,11571.6,98127.7421875,48180.650613120975,339.9279335869683,422.71339162190753,5503.709771050348,0.3333333333333333,0.0,1.0,0.1111111111111111,0.6666666666666666,0.3333333333333333,0.0,0
2026-03-15 08:10:30,8.0,174.0,17.4,85545.0,8554.5,79112.833984375,47652.33125573061,377.0584602355957,650.3269367218018,7733.473815917969,0.375,0.0,1.0,0.125,0.75,0.25,0.0,0
2026-03-15 08:10:40,8.0,221.0,22.1,97742.0,9774.2,114678.02563476562,55812.739559188354,258.2048878669739,638.6815395355225,9508.661315917969,0.125,0.0,1.0,0.125,0.75,0.25,0.0,0
2026-03-15 08:10:50,9.0,276.0,27.6,124127.0,12412.7,94311.70421006944,58396.20376413207,357.20684983995227,668.4368591308594,6440.2052001953125,0.4444444444444444,0.0,1.0,0.2222222222222222,0.6666666666666666,0.3333333333333333,0.0,0
2026-03-15 08:11:00,8.0,221.0,22.1,87000.0,8700.0,83225.68942260742,56507.18014371719,388.35522174835205,672.1758031845093,10733.035125732422,0.375,0.0,1.0,0.5,0.5,0.5,0.0,0
2026-03-15 08:11:10,8.0,254.0,25.4,73117.0,7311.7,103622.46533203125,50603.84283223388,256.61683654785156,769.3010940551758,9777.60205078125,0.125,0.0,1.0,0.25,0.625,0.375,0.0,0
2026-03-15 08:11:20,8.0,227.0,22.7,82480.0,8248.0,112360.47534179688,67522.81468579324,318.12069606781006,803.3018569946289,7187.1054763793945,0.25,0.0,1.0,0.25,0.875,0.125,0.0,0
2026-03-15 08:11:30,9.0,233.0,23.3,108044.0,10804.4,92994.36458333333,60156.753742167544,322.5562964545356,514.0640055338541,7247.651177300348,0.3333333333333333,0.0,1.0,0.3333333333333333,0.4444444444444444,0.5555555555555556,0.0,0
2026-03-15 08:11:40,8.0,250.0,25.0,79395.0,7939.5,91289.43823242188,45394.8575255231,325.92833709716797,461.74073696136475,7139.603668212891,0.25,0.0,1.0,0.375,0.75,0.25,0.0,0
2026-03-15 08:11:50,9.0,228.0,22.8,103267.0,10326.7,85999.75466579861,54721.47866614533,379.0848837958442,606.6310848659939,9166.810434977213,0.5555555555555556,0.1111111111111111,1.0,0.3333333333333333,0.4444444444444444,0.5555555555555556,0.0,0
2026-03-15 08:12:00,8.0,191.0,19.1,128092.0,12809.2,110308.421875,58819.3082577566,245.18772268295288,764.060079574585,6717.063667297363,0.25,0.0,1.0,0.125,0.375,0.625,0.0,0
2026-03-15 08:12:10,8.0,256.0,25.6,59970.0,5997.0,110515.74334716797,65234.50841822043,417.5197925567627,639.7257461547852,7058.780479431152,0.0,0.125,1.0,0.0,0.5,0.5,0.0,0
2026-03-15 08:12:20,9.0,315.0,31.5,89229.0,8922.9,79601.18381076389,54347.40824932981,359.8591889275445,436.4645360310872,3706.337575276693,0.3333333333333333,0.0,1.0,0.1111111111111111,0.6666666666666666,0.3333333333333333,0.0,0
2026-03-15 08:12:30,8.0,256.0,25.6,103950.0,10395.0,46964.491287231445,40934.38022224149,285.3923149108887,510.6431312561035,8361.270050048828,0.25,0.25,1.0,0.0,1.0,0.0,0.0,0
2026-03-15 08:12:40,8.0,253.0,25.3,109392.0,10939.2,79024.36340332031,47194.56205170499,190.91522932052612,492.6744575500488,5907.453754425049,0.375,0.125,1.0,0.125,0.625,0.375,0.0,0
2026-03-15 08:12:50,9.0,286.0,28.6,111205.0,11120.5,66653.97688802083,38308.05860016416,310.6714392768012,683.5561845567491,6455.080132378473,0.3333333333333333,0.1111111111111111,1.0,0.0,0.5555555555555556,0.4444444444444444,0.0,0
2026-03-15 08:13:00,8.0,261.0,26.1,81609.0,8160.9,134283.396484375,54172.59477280322,327.70195627212524,498.05377197265625,9477.159484863281,0.125,0.25,1.0,0.25,0.5,0.5,0.0,0
2026-03-15 08:13:10,8.0,245.0,24.5,86156.0,8615.6,99035.00146484375,46164.81709624351,269.173800945282,598.7538242340088,8875.113586425781,0.25,0.125,1.0,0.125,0.375,0.625,0.0,0
2026-03-15 08:13:20,9.0,242.0,24.2,109525.0,10952.5,87076.57660590278,38302.22355235972,328.01904296875,655.0503794352213,9133.247856987848,0.2222222222222222,0.1111111111111111,1.0,0.0,0.5555555555555556,0.4444444444444444,0.0,0
2026-03-15 08:13:30,8.0,208.0,20.8,108754.0,10875.4,88854.87866210938,58861.695161160154,392.93426036834717,593.7202644348145,9964.950073242188,0.125,0.0,1.0,0.125,1.0,0.0,0.0,0
2026-03-15 08:13:40,8.0,264.0,26.4,106199.0,10619.9,119920.45947265625,60766.127971727794,378.5280647277832,711.9537544250488,10490.551696777344,0.25,0.125,1.0,0.25,0.75,0.25,0.0,0
2026-03-15 08:13:50,9.0,247.0,24.7,118778.0,11877.8,127466.99869791667,50032.31682807628,267.77024926079645,802.2344767252604,8244.467041015625,0.3333333333333333,0.2222222222222222,1.0,0.2222222222222222,0.7777777777777778,0.2222222222222222,0.0,0
2026-03-15 08:14:00,8.0,242.0,24.2,89912.0,8991.2,102857.63986206055,57234.331565371605,344.5275192260742,792.8490753173828,9830.277282714844,0.375,0.0,1.0,0.125,0.875,0.125,0.0,0
2026-03-15 08:14:10,8.0,248.0,24.8,93035.0,9303.5,115375.46618652344,60031.40454817377,418.3486189842224,671.5154781341553,7792.578323364258,0.5,0.0,1.0,0.125,0.875,0.125,0.0,0
2026-03-15 08:14:20,9.0,266.0,26.6,110414.0,11041.4,139421.11371527778,41342.44645881182,303.4884312947591,446.4593675401476,5750.289421929254,0.1111111111111111,0.1111111111111111,1.0,0.3333333333333333,0.7777777777777778,0.2222222222222222,0.0,0
2026-03-15 08:14:30,8.0,235.0,23.5,94283.0,9428.3,116507.15795898438,59964.92795018306,304.1078267097473,625.9319686889648,8468.183319091797,0.375,0.0,1.0,0.0,0.625,0.375,0.0,0
2026-03-15 08:14:40,8.0,244.0,24.4,99231.0,9923.1,88565.681640625,64248.13836064541,461.6487121582031,810.6918144226074,5819.375759124756,0.25,0.125,1.0,0.125,0.875,0.125,0.0,0
2026-03-15 08:14:50,9.0,272.0,27.2,101268.0,10126.8,107537.697265625,60488.39141634909,334.9120449490017,532.6960847642687,9281.547573513455,0.3333333333333333,0.1111111111111111,1.0,0.3333333333333333,0.4444444444444444,0.5555555555555556,0.0,0
2026-03-15 08:15:00,8.0,266.0,26.6,118481.0,11848.1,77876.49658203125,23323.227722389536,316.7651672363281,756.5435905456543,6851.815216064453,0.5,0.0,1.0,0.375,0.875,0.125,0.0,0
2026-03-15 08:15:10,8.0,218.0,21.8,103145.0,10314.5,133550.96923828125,37564.81009326338,263.4543032646179,659.0788307189941,7327.4707107543945,0.625,0.0,1.0,0.125,0.625,0.375,0.0,0
2026-03-15 08:15:20,8.0,224.0,22.4,99180.0,9918.0,73792.37957763672,49875.012117604165,298.15343379974365,748.182050704956,5316.836875915527,0.125,0.0,1.0,0.25,0.625,0.375,0.0,0
2026-03-15 08:15:30,9.0,300.0,30.0,126937.0,12693.7,77770.99338107639,50532.69832674838,352.3036295572917,643.8390384250217,7490.442843967014,0.5555555555555556,0.0,1.0,0.3333333333333333,0.6666666666666666,0.3333333333333333,0.0,0
2026-03-15 08:15:40,8.0,174.0,17.4,96208.0,9620.8,117358.00671386719,48314.33036562192,367.6428050994873,656.3363418579102,6591.96325302124,0.375,0.0,1.0,0.25,1.0,0.0,0.0,0
2026-03-15 08:15:50,8.0,209.0,20.9,92014.0,9201.4,72863.71325683594,37010.52899941954,324.4638042449951,508.1269073486328,10221.010437011719,0.375,0.125,1.0,0.0,0.375,0.625,0.0,0
2026-03-15 08:16:00,9.0,230.0,23.0,88784.0,8878.4,125515.28168402778,47291.08527917057,235.5050303141276,797.1270972357856,6800.076948377821,0.3333333333333333,0.1111111111111111,1.0,0.2222222222222222,0.5555555555555556,0.4444444444444444,0.0,0
2026-03-15 08:16:10,8.0,228.0,22.8,112312.0,11231.2,98864.33935546875,54642.12795129712,269.32747888565063,517.1669549942017,7318.469564437866,0.25,0.0,1.0,0.5,0.5,0.5,0.0,0
2026-03-15 08:16:20,9.0,260.0,26.0,102960.0,10296.0,113609.86284722222,68443.43434599279,267.04516304863824,587.5773451063368,6274.429117838542,0.2222222222222222,0.0,1.0,0.3333333333333333,0.5555555555555556,0.4444444444444444,0.0,0
2026-03-15 08:16:30,8.0,264.0,26.4,74886.0,7488.6,89565.23718261719,69431.45092710375,389.05692291259766,762.9599494934082,7696.068099975586,0.25,0.0,1.0,0.375,0.5,0.5,0.0,0
2026-03-15 08:16:40,8.0,229.0,22.9,78656.0,7865.6,126818.109375,37104.579257029945,303.94906282424927,448.8279809951782,9363.213409423828,0.25,0.0,1.0,0.0,0.5,0.5,0.0,0
2026-03-15 08:16:50,9.0,215.0,21.5,95790.0,9579.0,117615.67795138889,52611.980845858525,240.24609502156576,872.1438598632812,9116.956719292535,0.1111111111111111,0.1111111111111111,1.0,0.4444444444444444,1.0,0.0,0.0,0
2026-03-15 08:17:00,8.0,237.0,23.7,85032.0,8503.2,94626.94732666016,57615.4089904401,368.7805480957031,940.1898193359375,8527.71890258789,0.375,0.0,1.0,0.25,0.75,0.25,0.0,0
2026-03-15 08:17:10,8.0,272.0,27.2,75352.0,7535.2,106963.01593017578,65548.37966968445,327.12171268463135,606.5284690856934,6352.44064617157,0.375,0.125,1.0,0.0,0.75,0.25,0.0,0
2026-03-15 08:17:20,8.0,287.0,28.7,107754.0,10775.4,115511.19921875,43638.18766078476,393.00274085998535,630.4449234008789,10247.109497070312,0.125,0.375,1.0,0.125,1.0,0.0,0.0,0
2026-03-15 08:17:30,9.0,302.0,30.2,92923.0,9292.3,65701.3049858941,65517.57045416011,366.5597330729167,471.0439173380534,4860.2549235026045,0.1111111111111111,0.1111111111111111,1.0,0.3333333333333333,0.7777777777777778,0.2222222222222222,0.0,0
2026-03-15 08:17:40,8.0,273.0,27.3,118253.0,11825.3,89812.61462402344,50817.45402630672,284.2732057571411,754.2370319366455,4998.419036865234,0.25,0.0,1.0,0.375,0.375,0.625,0.0,0
2026-03-15 08:17:50,9.0,218.0,21.8,120962.0,12096.2,88993.37478298611,52360.03401476398,341.6151415506999,735.663830227322,5009.4498291015625,0.2222222222222222,0.1111111111111111,1.0,0.3333333333333333,0.7777777777777778,0.2222222222222222,0.0,0
2026-03-15 08:18:00,8.0,255.0,25.5,92004.0,9200.4,106473.34326171875,46685.364541608404,279.79892921447754,654.749267578125,9271.139282226562,0.125,0.125,1.0,0.25,0.625,0.375,0.0,0
2026-03-15 08:18:10,8.0,221.0,22.1,111384.0,11138.4,118559.46044921875,47983.15093998283,318.7915859222412,656.7198295593262,4283.735626220703,0.5,0.0,1.0,0.5,0.5,0.5,0.0,0
2026-03-15 08:18:20,9.0,251.0,25.1,106222.0,10622.2,59023.15763346354,47569.26141419027,180.89631695217557,716.4938049316406,9217.502549913195,0.3333333333333333,0.0,1.0,0.3333333333333333,0.4444444444444444,0.5555555555555556,0.0,0
2026-03-15 08:18:30,8.0,217.0,21.7,80839.0,8083.9,98585.49169921875,46027.43619956049,216.1720552444458,833.5366039276123,6379.574981689453,0.375,0.0,1.0,0.375,0.75,0.25,0.0,0
2026-03-15 08:18:40,8.0,255.0,25.5,95752.0,9575.2,105955.44262695312,50640.42717935797,313.46428871154785,755.5314836502075,9338.594089508057,0.375,0.0,1.0,0.25,0.875,0.125,0.0,0
2026-03-15 08:18:50,8.0,244.0,24.4,70917.0,7091.7,62920.01531982422,39882.34929931932,341.07628059387207,675.4346942901611,7947.450698852539,0.375,0.0,1.0,0.125,0.625,0.375,0.0,0
2026-03-15 08:19:00,9.0,242.0,24.2,121994.0,12199.4,114012.69487847222,55805.204312948386,295.5835126241048,638.3328196207682,7877.7059326171875,0.2222222222222222,0.1111111111111111,1.0,0.0,0.6666666666666666,0.3333333333333333,0.0,0
2026-03-15 08:19:10,8.0,235.0,23.5,79673.0,7967.3,94069.05383300781,60240.098068433705,366.0362672805786,753.9594841003418,7483.339797973633,0.25,0.25,1.0,0.125,1.0,0.0,0.0,0
2026-03-15 08:19:20,8.0,200.0,20.0,76396.0,7639.6,121086.46166992188,53034.43356447204,321.1724491119385,563.4879932403564,8361.698120117188,0.25,0.125,1.0,0.25,0.625,0.375,0.0,0
2026-03-15 08:19:30,9.0,222.0,22.2,83965.0,8396.5,94930.48651801216,55045.25767617446,401.29808213975696,588.5618693033854,6517.199625651042,0.2222222222222222,0.0,1.0,0.4444444444444444,0.6666666666666666,0.3333333333333333,0.0,0
2026-03-15 08:19:40,8.0,193.0,19.3,104722.0,10472.2,110525.8212890625,44649.8827288752,320.0418634414673,716.8399810791016,6247.517726898193,0.125,0.0,1.0,0.0,0.5,0.5,0.0,0
2026-03-15 08:19:50,9.0,311.0,31.1,118540.0,11854.0,112531.70789930556,44746.02136033764,279.9228049384223,750.591800265842,6260.490587022569,0.4444444444444444,0.0,1.0,0.0,0.6666666666666666,0.3333333333333333,0.0,0
2026-03-15 08:20:00,8.0,195.0,19.5,105117.0,10511.7,103750.8515625,43463.95448067678,411.0083932876587,605.46790599823,6871.494674682617,0.25,0.0,1.0,0.125,0.625,0.375,0.0,0
2026-03-15 08:20:10,8.0,220.0,22.0,95942.0,9594.2,122467.1728515625,47006.05744813718,312.4985132217407,456.7856750488281,6743.805179595947,0.375,0.125,1.0,0.25,0.5,0.5,0.0,0
2026-03-15 08:20:20,9.0,253.0,25.3,105236.0,10523.6,116664.92762586806,58052.04693215495,410.41038513183594,560.8727205064562,9125.33056640625,0.0,0.1111111111111111,1.0,0.1111111111111111,0.6666666666666666,0.3333333333333333,0.0,0
2026-03-15 08:20:30,8.0,269.0,26.9,102386.0,10238.6,102192.02807617188,61951.53785831834,316.8260746002197,639.9274730682373,4852.240341186523,0.375,0.0,1.0,0.125,1.0,0.0,0.0,0
2026-03-15 08:20:40,8.0,270.0,27.0,99001.0,9900.1,135441.52978515625,50991.482391543126,331.9624032974243,721.9323673248291,9572.47688293457,0.5,0.125,1.0,0.375,0.75,0.25,0.0,0
2026-03-15 08:20:50,8.0,183.0,18.3,105473.0,10547.3,100042.26098632812,56196.5161500187,318.16819953918457,538.9212956428528,8150.956390380859,0.5,0.0,1.0,0.0,0.875,0.125,0.0,0
2026-03-15 08:21:00,9.0,299.0,29.9,112753.0,11275.3,127680.04079861111,50341.77373620155,413.86156209309894,607.5875718858507,8536.739529079861,0.1111111111111111,0.1111111111111111,1.0,0.3333333333333333,1.0,0.0,0.0,0
2026-03-15 08:21:10,8.0,226.0,22.6,83656.0,8365.6,76653.7275390625,55093.74159119847,335.0248727798462,530.7573595046997,5664.304092407227,0.375,0.0,1.0,0.125,0.875,0.125,0.0,0
2026-03-15 08:21:20,9.0,248.0,24.8,110636.0,11063.6,86997.71831597222,59156.46183895604,354.50020768907336,375.293822394477,8285.31159125434,0.1111111111111111,0.0,1.0,0.0,0.8888888888888888,0.1111111111111111,0.0,0
2026-03-15 08:21:30,8.0,257.0,25.7,122866.0,12286.6,108088.63659667969,47280.79872545964,205.26461172103882,474.2309808731079,5090.862289428711,0.375,0.125,1.0,0.125,0.875,0.125,0.0,0
2026-03-15 08:21:40,8.0,177.0,17.7,77360.0,7736.0,112970.462890625,54227.72101086931,380.35407638549805,706.1893033981323,8355.348022460938,0.25,0.125,1.0,0.0,0.625,0.375,0.0,0
2026-03-15 08:21:50,9.0,225.0,22.5,112803.0,11280.3,117344.68684895833,59027.76700767525,270.22905943128796,588.0098766750759,6312.200870090061,0.2222222222222222,0.0,1.0,0.0,0.6666666666666666,0.3333333333333333,0.0,0
2026-03-15 08:22:00,8.0,270.0,27.0,109803.0,10980.3,101850.00598144531,62220.28861439837,203.81154251098633,673.2834529876709,8446.562561035156,0.125,0.0,1.0,0.375,0.5,0.5,0.0,0
2026-03-15 08:22:10,8.0,224.0,22.4,95536.0,9553.6,61542.736755371094,60731.61090706687,372.958044052124,504.3025875091553,7727.026016235352,0.25,0.0,1.0,0.125,0.5,0.5,0.0,0
2026-03-15 08:22:20,8.0,227.0,22.7,80618.0,8061.8,113761.44482421875,53265.498979185715,348.12067794799805,762.5636749267578,7605.322540283203,0.375,0.125,1.0,0.125,0.75,0.25,0.0,0
2026-03-15 08:22:30,9.0,198.0,19.8,107524.0,10752.4,118773.853515625,55346.52625181958,383.5365753173828,747.711449517144,8311.35365125868,0.1111111111111111,0.0,1.0,0.2222222222222222,0.5555555555555556,0.4444444444444444,0.0,0
2026-03-15 08:22:40,8.0,235.0,23.5,107425.0,10742.5,72153.70718383789,55056.97939960913,244.45883750915527,496.7876777648926,6025.020401000977,0.125,0.125,1.0,0.125,0.75,0.25,0.0,0
2026-03-15 08:22:50,9.0,241.0,24.1,114984.0,11498.4,105337.50151909722,46029.46416937005,359.0597915649414,550.1780819363064,9845.300415039062,0.5555555555555556,0.1111111111111111,1.0,0.2222222222222222,0.8888888888888888,0.1111111111111111,0.0,0
2026-03-15 08:23:00,8.0,235.0,23.5,90529.0,9052.9,65514.974609375,24727.147043915662,276.6494483947754,689.4147338867188,9543.264894485474,0.125,0.0,1.0,0.0,0.25,0.75,0.0,0
2026-03-15 08:23:10,8.0,236.0,23.6,78402.0,7840.2,86079.20190429688,47011.88382708671,312.15231704711914,624.0407266616821,7406.1867599487305,0.5,0.0,1.0,0.25,0.875,0.125,0.0,0
2026-03-15 08:23:20,8.0,227.0,22.7,73655.0,7365.5,162977.2490234375,26156.825390943264,392.5294933319092,727.0289726257324,6294.465675354004,0.125,0.125,1.0,0.375,0.625,0.375,0.0,0
2026-03-15 08:23:30,9.0,265.0,26.5,103369.0,10336.9,84631.66059027778,67575.16229368937,221.3506647745768,548.1077321370443,8327.268446180555,0.2222222222222222,0.2222222222222222,1.0,0.3333333333333333,0.6666666666666666,0.3333333333333333,0.0,0
2026-03-15 08:23:40,8.0,266.0,26.6,98844.0,9884.4,73296.10412597656,44075.367627472784,330.55948066711426,765.067626953125,5436.5593185424805,0.25,0.0,1.0,0.375,0.625,0.375,0.0,0
2026-03-15 08:23:50,8.0,211.0,21.1,67334.0,6733.4,77791.48291015625,59331.80155747379,221.10449123382568,613.1342372894287,6335.569412231445,0.25,0.0,1.0,0.25,0.625,0.375,0.0,0
2026-03-15 08:24:00,9.0,207.0,20.7,102952.0,10295.2,101119.63422309028,57469.20058666898,297.75918748643664,583.7620900472006,11187.015353732639,0.3333333333333333,0.0,1.0,0.3333333333333333,1.0,0.0,0.0,0
2026-03-15 08:24:10,8.0,258.0,25.8,115456.0,11545.6,150667.21337890625,53784.67386685613,322.8314962387085,566.10986328125,5340.638816833496,0.125,0.125,1.0,0.375,0.875,0.125,0.0,0
2026-03-15 08:24:20,8.0,261.0,26.1,82639.0,8263.9,80732.25372314453,71002.32739131713,303.63239431381226,742.8608474731445,5571.813438415527,0.125,0.0,1.0,0.25,0.625,0.375,0.0,0
2026-03-15 08:24:30,9.0,274.0,27.4,108856.0,10885.6,108797.43663194444,48311.695979090866,274.19435034857855,526.1577436659071,6269.207438151042,0.1111111111111111,0.0,1.0,0.1111111111111111,0.8888888888888888,0.1111111111111111,0.0,0
2026-03-15 08:24:40,8.0,261.0,26.1,88571.0,8857.1,111772.73291015625,47925.46660128513,290.07573986053467,356.6020517349243,8168.261428833008,0.5,0.0,1.0,0.5,0.875,0.125,0.0,0
2026-03-15 08:24:50,9.0,261.0,26.1,125896.0,12589.6,100079.13368055556,65009.59712292365,384.7347064548069,683.573988172743,9900.21888563368,0.3333333333333333,0.1111111111111111,1.0,0.1111111111111111,0.4444444444444444,0.5555555555555556,0.0,0
2026-03-15 08:25:00,8.0,217.0,21.7,98854.0,9885.4,58851.134521484375,41853.94736545523,342.34176445007324,725.3301734924316,9448.401287078857,0.5,0.25,1.0,0.125,0.375,0.625,0.0,0
2026-03-15 08:25:10,8.0,204.0,20.4,83583.0,8358.3,130767.4521484375,54173.77423986013,393.19405364990234,779.4291954040527,9962.892303466797,0.125,0.0,1.0,0.0,0.625,0.375,0.0,0
2026-03-15 08:25:20,9.0,326.0,32.6,104831.0,10483.1,128826.52604166667,48472.19587538904,418.1027094523112,486.96565924750433,7227.586256239149,0.2222222222222222,0.0,1.0,0.2222222222222222,0.6666666666666666,0.3333333333333333,0.0,0
2026-03-15 08:25:30,8.0,212.0,21.2,91242.0,9124.2,143211.6953125,54040.61175005652,361.1184415817261,610.8022994995117,8205.529312133789,0.5,0.0,1.0,0.25,0.75,0.25,0.0,0
2026-03-15 08:25:40,8.0,257.0,25.7,107977.0,10797.7,98708.90063476562,55493.861037362476,381.83850955963135,719.9734477996826,10023.637725830078,0.125,0.0,1.0,0.25,0.875,0.125,0.0,0
2026-03-15 08:25:50,9.0,218.0,21.8,117603.0,11760.3,84147.67616102431,67497.41571972522,384.57935587565106,490.5769229465061,7233.63037109375,0.1111111111111111,0.0,1.0,0.1111111111111111,0.6666666666666666,0.3333333333333333,0.0,0
2026-03-15 08:26:00,8.0,241.0,24.1,88568.0,8856.8,127094.21667480469,64543.08834789638,316.98523235321045,580.955451965332,10425.701263427734,0.25,0.0,1.0,0.25,0.875,0.125,0.0,0
2026-03-15 08:26:10,8.0,219.0,21.9,95087.0,9508.7,107881.255859375,58400.726040478854,440.7958068847656,378.06696224212646,9291.714416503906,0.625,0.0,1.0,0.0,0.625,0.375,0.0,0
2026-03-15 08:26:20,8.0,220.0,22.0,71640.0,7164.0,77021.15734863281,41881.7452838681,303.18565559387207,507.54820919036865,8994.208892822266,0.0,0.125,1.0,0.125,0.875,0.125,0.0,0
2026-03-15 08:26:30,9.0,215.0,21.5,121846.0,12184.6,92887.03580729167,67695.91616907106,274.45047675238715,686.9871656629774,7555.667182074652,0.5555555555555556,0.1111111111111111,1.0,0.3333333333333333,0.8888888888888888,0.1111111111111111,0.0,0
2026-03-15 08:26:40,8.0,255.0,25.5,113112.0,11311.2,84000.2007446289,53300.552054027285,344.92547607421875,606.5889616012573,6570.345657348633,0.125,0.25,1.0,0.25,0.625,0.375,0.0,0
2026-03-15 08:26:50,8.0,258.0,25.8,89841.0,8984.1,110080.62573242188,58224.60957943536,338.01436614990234,640.8185443878174,8465.714988708496,0.375,0.0,1.0,0.375,0.75,0.25,0.0,0
2026-03-15 08:27:00,9.0,235.0,23.5,107904.0,10790.4,91628.76725260417,67173.71295730733,273.37384033203125,583.9770567152235,8341.354966905383,0.1111111111111111,0.0,1.0,0.2222222222222222,0.8888888888888888,0.1111111111111111,0.0,0
2026-03-15 08:27:10,8.0,190.0,19.0,89263.0,8926.3,118237.02758789062,59028.627711845525,299.78856563568115,656.0095977783203,6233.950553894043,0.125,0.0,1.0,0.25,0.75,0.25,0.0,0
2026-03-15 08:27:20,9.0,303.0,30.3,124649.0,12464.9,116118.23806423611,53787.85029657655,260.6454887390137,620.1003850301107,10898.358452690973,0.1111111111111111,0.0,1.0,0.2222222222222222,1.0,0.0,0.0,0
2026-03-15 08:27:30,8.0,212.0,21.2,107661.0,10766.1,99217.73461914062,59940.50869807545,339.5001893043518,758.5499563217163,6153.709213256836,0.5,0.0,1.0,0.0,0.625,0.375,0.0,0
2026-03-15 08:27:40,8.0,157.0,15.7,89190.0,8919.0,109565.64575195312,47487.40899221968,209.74114274978638,568.114896774292,7648.964614868164,0.125,0.25,1.0,0.25,0.75,0.25,0.0,0
2026-03-15 08:27:50,9.0,229.0,22.9,128747.0,12874.7,133718.43912760416,56572.82145505677,347.12791612413196,580.1656934950087,7232.91891140408,0.4444444444444444,0.1111111111111111,1.0,0.1111111111111111,0.7777777777777778,0.2222222222222222,0.0,0
2026-03-15 08:28:00,8.0,109.0,10.9,89635.0,8963.5,101256.82760620117,59142.057036996215,220.17306327819824,589.6236419677734,10951.568359375,0.25,0.0,1.0,0.375,0.375,0.625,0.0,0
2026-03-15 08:28:10,8.0,221.0,22.1,97109.0,9710.9,106102.72607421875,57206.94027548734,323.29257011413574,684.1797199249268,7502.0299072265625,0.25,0.0,1.0,0.0,0.75,0.25,0.0,0
2026-03-15 08:28:20,9.0,249.0,24.9,123211.0,12321.1,127468.60633680556,40313.07471577611,354.8500010172526,583.3706665039062,8183.385091145833,0.4444444444444444,0.0,1.0,0.1111111111111111,0.6666666666666666,0.3333333333333333,0.0,0
2026-03-15 08:28:30,8.0,248.0,24.8,113920.0,11392.0,94244.01937866211,61397.15407995614,301.03870010375977,694.0410423278809,6257.001726150513,0.125,0.0,1.0,0.0,0.375,0.625,0.0,0
2026-03-15 08:28:40,8.0,237.0,23.7,86714.0,8671.4,118320.8974609375,39185.66030852564,337.9181823730469,613.6044578552246,7492.4273319244385,0.375,0.125,1.0,0.375,0.625,0.375,0.0,0
2026-03-15 08:28:50,8.0,256.0,25.6,94587.0,9458.7,115502.04174804688,51922.69918339915,285.0434341430664,601.7445907592773,6736.419662475586,0.25,0.0,1.0,0.125,0.375,0.625,0.0,0
2026-03-15 08:29:00,9.0,259.0,25.9,95369.0,9536.9,118643.71614583333,55415.40875090052,295.6070611741808,706.0888451470269,7720.980465359158,0.2222222222222222,0.0,1.0,0.1111111111111111,0.8888888888888888,0.1111111111111111,0.0,0
2026-03-15 08:29:10,8.0,183.0,18.3,107298.0,10729.8,95305.12721252441,65968.51012924119,281.10356426239014,765.5451965332031,8543.785034179688,0.0,0.0,1.0,0.125,1.0,0.0,0.0,0
2026-03-15 08:29:20,8.0,235.0,23.5,106201.0,10620.1,69727.36248779297,67593.41320733269,298.15794944763184,585.5020160675049,4778.544952392578,0.375,0.0,1.0,0.375,0.75,0.25,0.0,0
2026-03-15 08:29:30,9.0,256.0,25.6,102069.0,10206.9,87724.69661458333,52108.254692284325,346.6074612935384,450.9690653483073,7183.186672634549,0.4444444444444444,0.0,1.0,0.2222222222222222,0.6666666666666666,0.3333333333333333,0.0,0
2026-03-15 08:29:40,8.0,230.0,23.0,93056.0,9305.6,64656.76721191406,49135.75634923842,320.3150119781494,482.66548347473145,6992.181930541992,0.375,0.125,1.0,0.125,0.875,0.125,0.0,0
2026-03-15 08:29:50,8.0,214.0,21.4,95363.0,9536.3,113101.689453125,56312.88744928913,337.77494049072266,749.6909637451172,6788.101638793945,0.375,0.0,1.0,0.375,0.625,0.375,0.0,0
2026-03-15 08:30:00,9.0,239.0,23.9,93193.0,9319.3,56268.674831814234,44407.519685550855,352.99269527859155,518.1849941677517,8040.85700141059,0.4444444444444444,0.0,1.0,0.1111111111111111,0.8888888888888888,0.1111111111111111,0.0,0
2026-03-15 08:30:10,8.0,238.0,23.8,103210.0,10321.0,88985.93688964844,61694.01445612318,213.01427745819092,505.9101982116699,4966.180559158325,0.625,0.0,1.0,0.25,1.0,0.0,0.0,0
2026-03-15 08:30:20,9.0,252.0,25.2,98033.0,9803.3,133817.34461805556,51241.900884972354,378.92666965060766,595.6147070990669,8116.590983072917,0.4444444444444444,0.0,1.0,0.1111111111111111,0.6666666666666666,0.3333333333333333,0.0,0
2026-03-15 08:30:30,8.0,228.0,22.8,95825.0,9582.5,98147.37426757812,51704.6015938756,244.51268482208252,687.1165904998779,9111.371643066406,0.25,0.0,1.0,0.375,0.625,0.375,0.0,0
2026-03-15 08:30:40,8.0,197.0,19.7,90562.0,9056.2,88849.44750976562,45745.42504966405,279.13231468200684,370.8830614089966,7621.71923828125,0.25,0.125,1.0,0.375,0.875,0.125,0.0,0
2026-03-15 08:30:50,9.0,206.0,20.6,90488.0,9048.8,80712.49370659722,54941.24032425654,275.21053907606336,596.6778259277344,7155.257147894965,0.3333333333333333,0.0,1.0,0.3333333333333333,0.8888888888888888,0.1111111111111111,0.0,0
2026-03-15 08:31:00,8.0,253.0,25.3,109440.0,10944.0,108140.86108398438,62083.86818220175,369.79935455322266,662.2099857330322,7721.690124511719,0.125,0.0,1.0,0.25,0.875,0.125,0.0,0
2026-03-15 08:31:10,8.0,270.0,27.0,80467.0,8046.7,119928.49688720703,59289.178037997,332.70111751556396,582.0453872680664,9535.857666015625,0.125,0.0,1.0,0.25,0.875,0.125,0.0,0
2026-03-15 08:31:20,9.0,299.0,29.9,82856.0,8285.6,68421.2132297092,58357.98811275124,241.49344041612414,616.0403205023872,8598.308837890625,0.1111111111111111,0.0,1.0,0.3333333333333333,0.4444444444444444,0.5555555555555556,0.0,0
2026-03-15 08:31:30,8.0,160.0,16.0,78167.0,7816.7,113147.04541015625,44198.31910878382,291.1745467185974,751.6875877380371,8835.49642944336,0.375,0.0,1.0,0.0,0.75,0.25,0.0,0
2026-03-15 08:31:40,8.0,241.0,24.1,85613.0,8561.3,95064.40097045898,65835.4834852955,349.82142543792725,560.0487327575684,6768.861122131348,0.25,0.0,1.0,0.25,0.75,0.25,0.0,0
2026-03-15 08:31:50,8.0,254.0,25.4,84418.0,8441.8,99673.796875,53269.64850174341,293.0942668914795,619.4085807800293,8813.011169433594,0.5,0.0,1.0,0.125,0.625,0.375,0.0,0
2026-03-15 08:32:00,9.0,224.0,22.4,89470.0,8947.0,116308.96961805556,44893.98480881625,318.04980807834204,557.5088102552626,5152.304850260417,0.5555555555555556,0.0,1.0,0.2222222222222222,1.0,0.0,0.0,0
2026-03-15 08:32:10,8.0,248.0,24.8,78341.0,7834.1,91981.43298339844,57409.89932327029,321.50053215026855,653.9804000854492,8211.180587768555,0.375,0.125,1.0,0.375,0.75,0.25,0.0,0
2026-03-15 08:32:20,8.0,267.0,26.7,91694.0,9169.4,91990.61499023438,40293.73270870824,215.41546630859375,483.5323181152344,8621.620986938477,0.25,0.25,1.0,0.125,0.5,0.5,0.0,0
2026-03-15 08:32:30,9.0,265.0,26.5,83922.0,8392.2,99525.81293402778,42286.95288674176,339.6312603420681,503.3577058580187,7358.856228298611,0.2222222222222222,0.1111111111111111,1.0,0.3333333333333333,0.7777777777777778,0.2222222222222222,0.0,0
2026-03-15 08:32:40,8.0,242.0,24.2,100817.0,10081.7,99092.0786895752,58650.70621563461,276.41436290740967,629.9662246704102,7663.945541381836,0.375,0.0,1.0,0.125,0.75,0.25,0.0,0
2026-03-15 08:32:50,9.0,250.0,25.0,91617.0,9161.7,59760.93023003472,43619.70389690143,316.79363589816626,424.55682881673175,6794.523132324219,0.4444444444444444,0.1111111111111111,1.0,0.3333333333333333,0.7777777777777778,0.2222222222222222,0.0,0
2026-03-15 08:33:00,8.0,245.0,24.5,101503.0,10150.3,68610.39904785156,64211.14421706739,362.0806255340576,687.1356430053711,5455.3380336761475,0.0,0.0,1.0,0.375,0.375,0.625,0.0,0
2026-03-15 08:33:10,8.0,210.0,21.0,106730.0,10673.0,80419.72216796875,46955.94063909869,399.2146797180176,665.307689666748,8952.03857421875,0.125,0.125,1.0,0.125,0.75,0.25,0.0,0
2026-03-15 08:33:20,8.0,181.0,18.1,81452.0,8145.2,122486.27197265625,42955.00890853766,229.7520637512207,626.7969875335693,5966.790195465088,0.5,0.125,1.0,0.375,0.75,0.25,0.0,0
2026-03-15 08:33:30,9.0,264.0,26.4,122994.0,12299.4,111170.76128472222,53835.832510117165,295.42182964748804,769.7631878323025,7829.085232204861,0.2222222222222222,0.0,1.0,0.0,0.6666666666666666,0.3333333333333333,0.0,0
2026-03-15 08:33:40,8.0,262.0,26.2,103498.0,10349.8,83386.484375,41273.58718621559,149.44630479812622,480.4898319244385,7638.884246826172,0.125,0.0,1.0,0.375,0.875,0.125,0.0,0
2026-03-15 08:33:50,8.0,204.0,20.4,64415.0,6441.5,69908.22161102295,60076.68700433329,341.26704025268555,508.5450630187988,6899.287292480469,0.25,0.0,1.0,0.375,0.75,0.25,0.0,0
2026-03-15 08:34:00,9.0,268.0,26.8,95717.0,9571.7,85550.13262261284,43115.07200795694,311.0986213684082,722.6910773383247,8721.384928385416,0.3333333333333333,0.0,1.0,0.1111111111111111,0.6666666666666666,0.3333333333333333,0.0,0
2026-03-15 08:34:10,8.0,247.0,24.7,80041.0,8004.1,116923.302734375,42755.54269368232,202.135018825531,782.8750629425049,3572.651542663574,0.5,0.0,1.0,0.5,0.75,0.25,0.0,0
2026-03-15 08:34:20,9.0,258.0,25.8,113917.0,11391.7,104102.7412109375,67942.71530886387,298.0564931233724,664.7784491644966,6689.480406019423,0.2222222222222222,0.1111111111111111,1.0,0.4444444444444444,0.6666666666666666,0.3333333333333333,0.0,0
2026-03-15 08:34:30,8.0,204.0,20.4,95028.0,9502.8,84469.89575195312,49990.238785945345,360.66683292388916,554.6676683425903,9288.724563598633,0.25,0.0,1.0,0.125,0.625,0.375,0.0,0
2026-03-15 08:34:40,8.0,255.0,25.5,108510.0,10851.0,91796.59985351562,51164.133240922245,398.5762939453125,563.0153913497925,5148.964553833008,0.125,0.0,1.0,0.0,0.75,0.25,0.0,0
2026-03-15 08:34:50,8.0,231.0,23.1,112786.0,11278.6,96957.89172363281,69238.1526312844,295.67579078674316,708.971378326416,6200.923233032227,0.125,0.0,1.0,0.25,0.5,0.5,0.0,0
2026-03-15 08:35:00,9.0,272.0,27.2,106245.0,10624.5,114325.65234375,53469.47866445495,302.1553204854329,620.2238260904948,9948.424696180555,0.1111111111111111,0.1111111111111111,1.0,0.0,0.6666666666666666,0.3333333333333333,0.0,0
2026-03-15 08:35:10,8.0,214.0,21.4,84212.0,8421.2,100543.26013183594,66407.58153037423,301.5389199256897,497.6706485748291,6948.927345275879,0.25,0.0,1.0,0.25,0.75,0.25,0.0,0
2026-03-15 08:35:20,8.0,236.0,23.6,87393.0,8739.3,106353.18194580078,55985.118056069135,295.85906171798706,576.9481201171875,8757.501541137695,0.625,0.125,1.0,0.375,1.0,0.0,0.0,0
2026-03-15 08:35:30,9.0,253.0,25.3,95666.0,9566.6,112135.68880208333,40124.65598382765,347.56449211968317,743.5375705295139,9076.114237467447,0.2222222222222222,0.0,1.0,0.1111111111111111,0.7777777777777778,0.2222222222222222,0.0,0
2026-03-15 08:35:40,8.0,229.0,22.9,100470.0,10047.0,143157.85009765625,60977.49802794133,384.6592025756836,680.7147426605225,8799.582950592041,0.375,0.0,1.0,0.0,0.75,0.25,0.0,0
2026-03-15 08:35:50,8.0,212.0,21.2,81879.0,8187.9,146517.65380859375,53473.96022055685,383.77167320251465,673.1332817077637,6837.646347045898,0.0,0.125,1.0,0.125,0.75,0.25,0.0,0
2026-03-15 08:36:00,9.0,269.0,26.9,120680.0,12068.0,82675.81640625,51782.09540704601,395.83298789130316,418.52028401692706,8696.47203233507,0.4444444444444444,0.1111111111111111,1.0,0.2222222222222222,0.7777777777777778,0.2222222222222222,0.0,0
2026-03-15 08:36:10,8.0,217.0,21.7,87354.0,8735.4,51372.54479980469,38563.810391693165,314.1444339752197,531.9177322387695,4331.775440216064,0.125,0.25,1.0,0.5,0.75,0.25,0.0,0
2026-03-15 08:36:20,9.0,286.0,28.6,98822.0,9882.2,103210.83365885417,47860.13500736906,381.3511606852214,646.9539557562935,7632.993631998698,0.3333333333333333,0.0,1.0,0.1111111111111111,0.6666666666666666,0.3333333333333333,0.0,0
2026-03-15 08:36:30,8.0,208.0,20.8,100371.0,10037.1,100424.48657226562,49362.16242185746,275.12404441833496,753.2331562042236,9189.062622070312,0.625,0.0,1.0,0.375,0.75,0.25,0.0,0
2026-03-15 08:36:40,8.0,198.0,19.8,87262.0,8726.2,50872.31237792969,24923.089316078116,290.51245307922363,535.798547744751,11708.330444335938,0.375,0.125,1.0,0.25,0.75,0.25,0.0,0
2026-03-15 08:36:50,9.0,199.0,19.9,112619.0,11261.9,96148.76953125,43578.45905458853,291.6199035644531,642.3238118489584,7686.160319010417,0.3333333333333333,0.0,1.0,0.1111111111111111,0.5555555555555556,0.4444444444444444,0.0,0
2026-03-15 08:37:00,8.0,222.0,22.2,96123.0,9612.3,144123.72567749023,61521.148940510146,374.7373743057251,545.5918350219727,8181.792190551758,0.375,0.0,1.0,0.5,1.0,0.0,0.0,0
2026-03-15 08:37:10,8.0,240.0,24.0,87799.0,8779.9,83444.5,61020.19683956055,330.79389095306396,512.6883268356323,6665.293380737305,0.375,0.125,1.0,0.125,0.75,0.25,0.0,0
2026-03-15 08:37:20,8.0,212.0,21.2,94209.0,9420.9,119371.326171875,46379.68347176452,302.4914321899414,536.3346605300903,8583.402465820312,0.25,0.0,1.0,0.125,0.625,0.375,0.0,0
2026-03-15 08:37:30,9.0,251.0,25.1,104594.0,10459.4,119126.92013888889,46206.68525038635,343.663323296441,669.8179982503256,6546.941270616319,0.6666666666666666,0.0,1.0,0.1111111111111111,0.7777777777777778,0.2222222222222222,0.0,0
2026-03-15 08:37:40,8.0,253.0,25.3,85197.0,8519.7,92057.205078125,47352.022518457125,406.78359603881836,522.8330354690552,6397.778182983398,0.625,0.0,1.0,0.625,0.75,0.25,0.0,0
2026-03-15 08:37:50,8.0,208.0,20.8,74887.0,7488.7,83780.02453613281,68552.00713522898,377.02430725097656,786.765438079834,9668.203216552734,0.125,0.375,1.0,0.125,0.75,0.25,0.0,0
2026-03-15 08:38:00,9.0,218.0,21.8,104319.0,10431.9,92650.41851128472,44626.495595628556,305.0675777859158,607.1761813693577,8114.024712456598,0.1111111111111111,0.0,1.0,0.0,0.5555555555555556,0.4444444444444444,0.0,0
2026-03-15 08:38:10,8.0,203.0,20.3,102403.0,10240.3,98545.52416992188,47544.82141395931,324.0550317764282,620.531099319458,9705.853408813477,0.125,0.125,1.0,0.125,0.5,0.5,0.0,0
2026-03-15 08:38:20,9.0,209.0,20.9,95853.0,9585.3,80236.30300564236,68854.15189096346,266.3884633382161,497.08951483832465,6371.990295410156,0.4444444444444444,0.0,1.0,0.3333333333333333,0.6666666666666666,0.3333333333333333,0.0,0
2026-03-15 08:38:30,8.0,260.0,26.0,91445.0,9144.5,128060.94979858398,71782.47202893467,315.195837020874,512.387186050415,8458.92691040039,0.375,0.125,1.0,0.375,0.875,0.125,0.0,0
2026-03-15 08:38:40,8.0,247.0,24.7,100521.0,10052.1,127679.36853027344,61546.840518820085,328.62811374664307,582.7702827453613,8665.716888427734,0.25,0.125,1.0,0.375,0.5,0.5,0.0,0
2026-03-15 08:38:50,8.0,242.0,24.2,104592.0,10459.2,96133.97692871094,57837.30856059723,290.57038021087646,627.1834125518799,8337.229370117188,0.375,0.0,1.0,0.25,0.75,0.25,0.0,0
2026-03-15 08:39:00,9.0,272.0,27.2,103745.0,10374.5,93472.62239583333,59647.025833514264,299.3422508239746,488.2598470052083,9010.395833333334,0.6666666666666666,0.0,1.0,0.2222222222222222,0.4444444444444444,0.5555555555555556,0.0,0
2026-03-15 08:39:10,8.0,184.0,18.4,102179.0,10217.9,128462.2529296875,35606.25493628931,377.9799747467041,859.169340133667,7742.246856689453,0.125,0.25,1.0,0.125,0.625,0.375,0.0,0
2026-03-15 08:39:20,9.0,200.0,20.0,94300.0,9430.0,107462.72569444444,44361.861603030746,337.827631632487,624.052746242947,7334.411797417535,0.2222222222222222,0.0,1.0,0.2222222222222222,0.5555555555555556,0.4444444444444444,0.0,0
2026-03-15 08:39:30,8.0,273.0,27.3,87443.0,8744.3,73472.69451904297,56479.75928730785,276.08674907684326,482.1616039276123,5194.671234130859,0.0,0.0,1.0,0.125,0.875,0.125,0.0,0
2026-03-15 08:39:40,8.0,277.0,27.7,89513.0,8951.3,83302.03842163086,58582.243336115134,275.625919342041,664.4479484558105,6664.625129699707,0.5,0.0,1.0,0.125,0.625,0.375,0.0,0
2026-03-15 08:39:50,8.0,206.0,20.6,79538.0,7953.8,98637.50720214844,47674.112736255054,280.2162685394287,598.5157070159912,7161.762542724609,0.0,0.0,1.0,0.375,0.375,0.625,0.0,0
2026-03-15 08:40:00,9.0,281.0,28.1,83093.0,8309.3,111439.57416449653,61726.426786083975,334.91946580674914,766.7547056410048,6739.296413845486,0.3333333333333333,0.1111111111111111,1.0,0.2222222222222222,0.6666666666666666,0.3333333333333333,0.0,0
2026-03-15 08:40:10,8.0,189.0,18.9,93756.0,9375.6,131851.58984375,53393.37703915034,245.13918828964233,729.5492095947266,8364.96953010559,0.25,0.0,1.0,0.375,0.875,0.125,0.0,0
2026-03-15 08:40:20,9.0,259.0,25.9,79893.0,7989.3,84623.36349826389,42445.24033799983,393.3304951985677,541.7876671685112,9990.595621744791,0.2222222222222222,0.0,1.0,0.4444444444444444,0.7777777777777778,0.2222222222222222,0.0,0
2026-03-15 08:40:30,8.0,204.0,20.4,105413.0,10541.3,118457.59997558594,62259.51905260614,258.36271953582764,602.019208908081,7474.534118652344,0.5,0.0,1.0,0.375,0.75,0.25,0.0,0
2026-03-15 08:40:40,8.0,295.0,29.5,93356.0,9335.6,155285.2783203125,37790.80760803088,306.4286251068115,529.8304977416992,7792.400054931641,0.25,0.125,1.0,0.0,0.875,0.125,0.0,0
2026-03-15 08:40:50,8.0,233.0,23.3,102970.0,10297.0,129346.54614257812,64525.99949407409,400.906400680542,547.4804592132568,9922.591125488281,0.0,0.0,1.0,0.25,0.375,0.625,0.0,0
2026-03-15 08:41:00,9.0,256.0,25.6,112386.0,11238.6,120652.46614583333,45445.44346351264,350.1450945536296,637.4980807834202,8476.518269856771,0.3333333333333333,0.0,1.0,0.2222222222222222,0.5555555555555556,0.4444444444444444,0.0,0
2026-03-15 08:41:10,8.0,213.0,21.3,89310.0,8931.0,69421.13552856445,57022.34081399502,325.19060134887695,684.324592590332,7473.777282714844,0.375,0.0,1.0,0.25,0.875,0.125,0.0,0
2026-03-15 08:41:20,8.0,251.0,25.1,88568.0,8856.8,105045.72973632812,62034.32387090683,338.72665214538574,744.2932815551758,8356.380920410156,0.0,0.0,1.0,0.125,0.5,0.5,0.0,0
2026-03-15 08:41:30,9.0,269.0,26.9,107894.0,10789.4,117613.93272569444,45777.53447187713,237.55811309814453,748.872934129503,8369.415759616428,0.1111111111111111,0.0,1.0,0.3333333333333333,0.6666666666666666,0.3333333333333333,0.0,0
2026-03-15 08:41:40,8.0,195.0,19.5,90627.0,9062.7,109233.78256225586,76150.57741398881,324.61102771759033,688.827600479126,9317.67904663086,0.25,0.125,1.0,0.25,0.75,0.25,0.0,0
2026-03-15 08:41:50,8.0,215.0,21.5,86461.0,8646.1,81684.0942993164,48918.59306388517,358.5221309661865,819.0121364593506,8006.838394165039,0.375,0.0,1.0,0.125,0.5,0.5,0.0,0
2026-03-15 08:42:00,9.0,246.0,24.6,119601.0,11960.1,85709.60980902778,64370.71454337015,297.044005923801,642.7652952406141,6892.414360894098,0.2222222222222222,0.0,1.0,0.3333333333333333,0.7777777777777778,0.2222222222222222,0.0,0
2026-03-15 08:42:10,8.0,222.0,22.2,117846.0,11784.6,124231.59692382812,53016.09998832922,270.2131509780884,794.7301425933838,8009.138442993164,0.25,0.125,1.0,0.0,0.5,0.5,0.0,0
2026-03-15 08:42:20,9.0,197.0,19.7,65087.0,6508.7,149923.35959201388,50535.94624466093,309.80038197835285,607.2195646497938,8881.449652777777,0.2222222222222222,0.0,1.0,0.2222222222222222,0.6666666666666666,0.3333333333333333,0.0,0
2026-03-15 08:42:30,8.0,222.0,22.2,101556.0,10155.6,101043.22888183594,66129.0729789825,374.2120089530945,542.080358505249,9859.024993896484,0.25,0.0,1.0,0.125,0.625,0.375,0.0,0
2026-03-15 08:42:40,8.0,247.0,24.7,92697.0,9269.7,119780.26879882812,61442.453309207725,230.0322723388672,751.1109485626221,7348.356872558594,0.125,0.125,1.0,0.125,1.0,0.0,0.0,0
2026-03-15 08:42:50,8.0,233.0,23.3,103161.0,10316.1,74146.12878417969,56318.35529310026,246.67551040649414,839.3556070327759,7937.317626953125,0.125,0.125,1.0,0.125,0.625,0.375,0.0,0
2026-03-15 08:43:00,9.0,260.0,26.0,94666.0,9466.6,115205.79014756944,57216.8224458058,358.24696858723956,726.9202524820963,6841.6678466796875,0.3333333333333333,0.1111111111111111,1.0,0.2222222222222222,0.7777777777777778,0.2222222222222222,0.0,0
2026-03-15 08:43:10,8.0,168.0,16.8,104499.0,10449.9,106604.70556640625,44233.60754629565,317.3227205276489,705.2581558227539,6353.759124755859,0.375,0.125,1.0,0.125,1.0,0.0,0.0,0
2026-03-15 08:43:20,8.0,252.0,25.2,101252.0,10125.2,93477.0316772461,69914.87798379642,271.19353675842285,751.4887714385986,7152.15673828125,0.125,0.125,1.0,0.125,0.75,0.25,0.0,0
2026-03-15 08:43:30,9.0,232.0,23.2,74317.0,7431.7,105642.42339409722,60873.64101399537,242.43342293633356,754.1641676161024,7254.04642062717,0.4444444444444444,0.1111111111111111,1.0,0.1111111111111111,0.6666666666666666,0.3333333333333333,0.0,0
2026-03-15 08:43:40,8.0,209.0,20.9,91634.0,9163.4,63858.54586791992,42484.910277531024,314.9680519104004,618.9739437103271,8272.018005371094,0.125,0.0,1.0,0.125,0.75,0.25,0.0,0
2026-03-15 08:43:50,9.0,246.0,24.6,108044.0,10804.4,117679.03323025173,68315.54060738778,311.4535132514106,638.4140794542101,7741.530436197917,0.1111111111111111,0.1111111111111111,1.0,0.3333333333333333,0.7777777777777778,0.2222222222222222,0.0,0
2026-03-15 08:44:00,8.0,214.0,21.4,75833.0,7583.3,104919.25561523438,56117.99866137257,324.1529722213745,746.2369155883789,9622.988098144531,0.5,0.0,1.0,0.0,0.75,0.25,0.0,0
2026-03-15 08:44:10,8.0,287.0,28.7,93400.0,9340.0,79973.0845336914,51841.18791531509,364.3617534637451,859.6813144683838,9537.267211914062,0.5,0.0,1.0,0.125,0.75,0.25,0.0,0
2026-03-15 08:44:20,9.0,169.0,16.9,91096.0,9109.6,120771.66525607639,59026.351411037016,299.50646718343097,692.8536207411024,5503.157524956598,0.2222222222222222,0.0,1.0,0.3333333333333333,0.8888888888888888,0.1111111111111111,0.0,0
2026-03-15 08:44:30,8.0,215.0,21.5,102192.0,10219.2,86939.27307128906,58755.00155958199,286.94831466674805,519.6870832443237,8008.362335205078,0.25,0.0,1.0,0.125,0.75,0.25,0.0,0
2026-03-15 08:44:40,8.0,180.0,18.0,106665.0,10666.5,109773.14892578125,46263.06145754565,293.76619815826416,622.6099109649658,6776.912233352661,0.375,0.0,1.0,0.125,0.625,0.375,0.0,0
2026-03-15 08:44:50,8.0,253.0,25.3,91564.0,9156.4,80067.18743896484,56916.118011972496,322.9202289581299,570.2048301696777,9797.042846679688,0.375,0.0,1.0,0.25,0.75,0.25,0.0,0
2026-03-15 08:45:00,9.0,276.0,27.6,122777.0,12277.7,98078.23676215278,49085.18562200555,442.00489298502606,608.8454047309028,5995.058024088542,0.3333333333333333,0.1111111111111111,1.0,0.0,0.5555555555555556,0.4444444444444444,0.0,0
2026-03-15 08:45:10,8.0,240.0,24.0,80472.0,8047.2,116959.8505859375,53350.54820660976,418.16251373291016,757.6954040527344,8322.07402420044,0.375,0.0,1.0,0.0,0.5,0.5,0.0,0
2026-03-15 08:45:20,9.0,203.0,20.3,107961.0,10796.1,107440.31467013889,58585.118420871,215.12704806857639,723.3896942138672,7199.418545193143,0.2222222222222222,0.0,1.0,0.1111111111111111,0.8888888888888888,0.1111111111111111,0.0,0
2026-03-15 08:45:30,8.0,246.0,24.6,91638.0,9163.8,118628.91577148438,66679.11636950732,355.91727209091187,781.1017532348633,7183.849838256836,0.25,0.0,1.0,0.125,0.625,0.375,0.0,0
2026-03-15 08:45:40,8.0,212.0,21.2,109304.0,10930.4,97662.24304199219,70359.96918222937,294.9186429977417,684.7369594573975,7023.123016357422,0.375,0.0,1.0,0.125,0.625,0.375,0.0,0
2026-03-15 08:45:50,8.0,218.0,21.8,89760.0,8976.0,144897.92919921875,59899.188190874745,253.1969599723816,593.3048849105835,6023.579559326172,0.375,0.0,1.0,0.125,0.375,0.625,0.0,0
2026-03-15 08:46:00,9.0,286.0,28.6,101593.0,10159.3,109122.76185438369,57627.747631807324,315.2862731085883,718.8289574517144,6236.145555284288,0.2222222222222222,0.1111111111111111,1.0,0.2222222222222222,0.6666666666666666,0.3333333333333333,0.0,0
2026-03-15 08:46:10,8.0,169.0,16.9,94163.0,9416.3,111032.90893554688,60705.11214246595,383.68044662475586,652.0813894271851,10380.597839355469,0.5,0.0,1.0,0.375,0.25,0.75,0.0,0
2026-03-15 08:46:20,8.0,236.0,23.6,79418.0,7941.8,124336.080078125,46409.654273676024,456.05033111572266,477.7132453918457,6855.0148849487305,0.375,0.0,1.0,0.25,0.625,0.375,0.0,0
2026-03-15 08:46:30,9.0,245.0,24.5,101971.0,10197.1,125556.26258680556,45457.996947031956,330.9912618001302,771.4006551106771,7672.309868706598,0.1111111111111111,0.0,1.0,0.3333333333333333,0.7777777777777778,0.2222222222222222,0.0,0
2026-03-15 08:46:40,8.0,284.0,28.4,106708.0,10670.8,120277.54833984375,49989.72390666508,299.9525365829468,504.830659866333,7417.208770751953,0.375,0.0,1.0,0.25,0.75,0.25,0.0,0
2026-03-15 08:46:50,9.0,262.0,26.2,124928.0,12492.8,150233.82204861112,48102.779431341754,215.87277264065213,556.9984436035156,8731.920739067926,0.3333333333333333,0.1111111111111111,1.0,0.2222222222222222,0.4444444444444444,0.5555555555555556,0.0,0
2026-03-15 08:47:00,8.0,220.0,22.0,60920.0,6092.0,99889.998046875,56246.92440284223,346.7235059738159,630.5077619552612,8761.72543334961,0.25,0.125,1.0,0.375,0.375,0.625,0.0,0
2026-03-15 08:47:10,8.0,218.0,21.8,56035.0,5603.5,85660.48022460938,41564.27555027562,283.2021484375,659.6151237487793,3886.3547973632812,0.125,0.0,1.0,0.375,0.75,0.25,0.0,0
2026-03-15 08:47:20,9.0,265.0,26.5,142120.0,14212.0,102028.03814019097,72126.39335203804,326.1503677368164,889.3979424370659,6301.185928344727,0.4444444444444444,0.0,1.0,0.4444444444444444,0.7777777777777778,0.2222222222222222,0.0,0
2026-03-15 08:47:30,8.0,195.0,19.5,102551.0,10255.1,91249.12487792969,69990.3152115766,312.5545301437378,559.5145177841187,6251.162246704102,0.375,0.125,1.0,0.0,0.75,0.25,0.0,0
2026-03-15 08:47:40,8.0,212.0,21.2,75106.0,7510.6,76728.3023071289,57885.053688015454,302.0078372955322,498.8417921066284,8319.451171875,0.25,0.125,1.0,0.0,0.625,0.375,0.0,0
2026-03-15 08:47:50,8.0,235.0,23.5,93702.0,9370.2,82291.96661376953,64304.9737000278,309.5616807937622,560.0638256072998,8727.494934082031,0.25,0.0,1.0,0.125,0.75,0.25,0.0,0
2026-03-15 08:48:00,9.0,245.0,24.5,100238.0,10023.8,104572.81756591797,58813.46121605255,321.6905754937066,475.1688588460286,8166.810329861111,0.4444444444444444,0.1111111111111111,1.0,0.4444444444444444,0.7777777777777778,0.2222222222222222,0.0,0
2026-03-15 08:48:10,8.0,235.0,23.5,85637.0,8563.7,97962.37295532227,71739.09597374925,368.7828025817871,628.2483901977539,8423.151565551758,0.375,0.0,1.0,0.375,1.0,0.0,0.0,0
2026-03-15 08:48:20,8.0,197.0,19.7,103443.0,10344.3,71713.90771484375,58674.81602318213,324.0712242126465,445.9612922668457,6392.973968505859,0.0,0.25,1.0,0.0,0.625,0.375,0.0,0
2026-03-15 08:48:30,9.0,265.0,26.5,112270.0,11227.0,63847.73676215278,46838.6553061335,299.77518378363715,767.5982598198784,9768.547905815973,0.5555555555555556,0.0,1.0,0.1111111111111111,0.8888888888888888,0.1111111111111111,0.0,0
2026-03-15 08:48:40,8.0,214.0,21.4,55914.0,5591.4,141047.7255859375,41638.93180971574,294.17451763153076,472.3685359954834,9188.351470947266,0.0,0.0,1.0,0.0,0.625,0.375,0.0,0
2026-03-15 08:48:50,8.0,204.0,20.4,88217.0,8821.7,98450.04248046875,41768.0577554632,271.4430012702942,523.6873836517334,8759.471069335938,0.375,0.0,1.0,0.25,0.375,0.625,0.0,0
2026-03-15 08:49:00,9.0,233.0,23.3,99065.0,9906.5,65159.896945529516,56014.54014300877,395.42081536187067,553.7527864244249,8170.331000434027,0.4444444444444444,0.1111111111111111,1.0,0.2222222222222222,0.7777777777777778,0.2222222222222222,0.0,0
2026-03-15 08:49:10,8.0,194.0,19.4,86720.0,8672.0,98404.08666992188,54457.23534158564,282.71478748321533,663.7338562011719,12202.570617675781,0.375,0.0,1.0,0.5,0.625,0.375,0.0,0
2026-03-15 08:49:20,9.0,266.0,26.6,90738.0,9073.8,119816.73784722222,49261.23179347357,327.1582022772895,752.1287689208984,7344.093722873264,0.1111111111111111,0.1111111111111111,1.0,0.2222222222222222,0.6666666666666666,0.3333333333333333,0.0,0
2026-03-15 08:49:30,8.0,250.0,25.0,102352.0,10235.2,128123.03295898438,64621.628326677586,353.1272325515747,739.1787986755371,10436.522094726562,0.375,0.125,1.0,0.125,0.125,0.875,0.0,0
2026-03-15 08:49:40,8.0,183.0,18.3,110301.0,11030.1,91208.30865478516,61482.61896416308,221.08489608764648,509.26741218566895,5115.109869003296,0.125,0.125,1.0,0.125,0.75,0.25,0.0,0
2026-03-15 08:49:50,9.0,210.0,21.0,105359.0,10535.9,93019.19175889756,60152.06258833238,321.5221820407444,738.2880520290798,7814.777248806424,0.1111111111111111,0.1111111111111111,1.0,0.0,0.6666666666666666,0.3333333333333333,0.0,0
2026-03-15 08:50:00,8.0,191.0,19.1,104257.0,10425.7,99633.58624267578,66194.54799687216,250.3009090423584,613.306529045105,9570.547912597656,0.5,0.125,1.0,0.125,0.75,0.25,0.0,0
2026-03-15 08:50:10,8.0,250.0,25.0,81192.0,8119.2,131798.71459960938,56754.76798854608,313.11002826690674,548.8491306304932,6164.395462036133,0.375,0.0,1.0,0.125,0.75,0.25,0.0,0
2026-03-15 08:50:20,9.0,263.0,26.3,109599.0,10959.9,112898.88454861111,55329.050210855465,475.0538838704427,582.9927927652994,6782.0566813151045,0.2222222222222222,0.1111111111111111,1.0,0.2222222222222222,0.5555555555555556,0.4444444444444444,0.0,0
2026-03-15 08:50:30,8.0,234.0,23.4,91911.0,9191.1,110531.43981933594,56511.219273961775,314.66169929504395,459.00903511047363,7748.923004150391,0.25,0.125,1.0,0.25,0.625,0.375,0.0,0
2026-03-15 08:50:40,8.0,202.0,20.2,99266.0,9926.6,96008.64794921875,36802.97554683266,165.6468915939331,655.1040878295898,8077.858581542969,0.25,0.0,1.0,0.25,0.75,0.25,0.0,0
2026-03-15 08:50:50,8.0,236.0,23.6,122970.0,12297.0,49682.71502685547,54091.01445717642,382.350643157959,399.42569732666016,7659.237808227539,0.375,0.0,1.0,0.0,0.75,0.25,0.0,0
2026-03-15 08:51:00,9.0,276.0,27.6,90118.0,9011.8,127013.82899305556,55123.49898224343,332.10535007052954,472.0378663804796,6270.533026801215,0.4444444444444444,0.0,1.0,0.1111111111111111,0.6666666666666666,0.3333333333333333,0.0,0
2026-03-15 08:51:10,8.0,214.0,21.4,97897.0,9789.7,76305.69207763672,68309.68369894385,192.0835828781128,673.8519630432129,9152.236694335938,0.125,0.125,1.0,0.125,1.0,0.0,0.0,0
2026-03-15 08:51:20,8.0,249.0,24.9,97943.0,9794.3,118515.93359375,50528.42442296768,315.8954792022705,535.8941583633423,7489.760154724121,0.75,0.0,1.0,0.125,0.625,0.375,0.0,0
2026-03-15 08:51:30,9.0,242.0,24.2,80520.0,8052.0,127240.83854166667,44670.54889694484,333.59530554877387,742.8520863850912,8207.717190212674,0.4444444444444444,0.1111111111111111,1.0,0.3333333333333333,0.5555555555555556,0.4444444444444444,0.0,0
2026-03-15 08:51:40,8.0,258.0,25.8,99067.0,9906.7,110727.71728515625,52807.75134239822,281.4099340438843,571.2313461303711,7917.002777099609,0.25,0.125,1.0,0.5,0.875,0.125,0.0,0
2026-03-15 08:51:50,9.0,295.0,29.5,94379.0,9437.9,120334.13758680556,67302.92977902814,357.444342719184,639.6824764675564,9058.848225911459,0.1111111111111111,0.1111111111111111,1.0,0.4444444444444444,0.6666666666666666,0.3333333333333333,0.0,0
2026-03-15 08:52:00,8.0,175.0,17.5,95083.0,9508.3,97086.64208984375,60103.94800270318,224.52387857437134,901.3607635498047,7068.9609298706055,0.25,0.125,1.0,0.125,0.75,0.25,0.0,0
2026-03-15 08:52:10,8.0,188.0,18.8,77058.0,7705.8,96911.04833984375,39994.48109135415,271.97529792785645,506.408429145813,9431.08014678955,0.125,0.125,1.0,0.25,1.0,0.0,0.0,0
2026-03-15 08:52:20,9.0,271.0,27.1,121720.0,12172.0,110713.99159071181,56896.94788058508,313.06609047783746,651.0746866861979,7558.103271484375,0.4444444444444444,0.0,1.0,0.2222222222222222,0.4444444444444444,0.5555555555555556,0.0,0
2026-03-15 08:52:30,8.0,260.0,26.0,81977.0,8197.7,76313.39501953125,51529.131640465916,303.0128517150879,572.6182270050049,7086.836471557617,0.375,0.0,1.0,0.0,0.75,0.25,0.0,0
2026-03-15 08:52:40,8.0,229.0,22.9,72848.0,7284.8,93814.64151000977,67454.02120253307,361.7732849121094,644.6312417984009,7798.2542724609375,0.25,0.0,1.0,0.25,0.875,0.125,0.0,0
2026-03-15 08:52:50,8.0,215.0,21.5,95176.0,9517.6,122743.62963867188,59296.51609552416,368.5677909851074,498.8814468383789,6881.5762939453125,0.125,0.0,1.0,0.25,0.625,0.375,0.0,0
2026-03-15 08:53:00,9.0,260.0,26.0,97703.0,9770.3,104123.62369791667,39049.93701486464,351.06813557942706,488.271740383572,8948.711208767361,0.0,0.0,1.0,0.3333333333333333,0.6666666666666666,0.3333333333333333,0.0,0
2026-03-15 08:53:10,8.0,229.0,22.9,109904.0,10990.4,101728.72778320312,61408.620888316305,359.7063236236572,604.050371170044,10831.996154785156,0.375,0.125,1.0,0.0,0.75,0.25,0.0,0
2026-03-15 08:53:20,8.0,258.0,25.8,94481.0,9448.1,77596.64959716797,51465.211710425254,312.2102065086365,651.2027435302734,6795.855041503906,0.375,0.25,1.0,0.375,0.875,0.125,0.0,0
2026-03-15 08:53:30,9.0,256.0,25.6,119109.0,11910.9,114426.73019748264,65036.30622880385,363.4149008856879,446.4498562282986,9295.157118055555,0.3333333333333333,0.0,1.0,0.0,0.8888888888888888,0.1111111111111111,0.0,0
2026-03-15 08:53:40,8.0,217.0,21.7,92360.0,9236.0,103339.44036865234,74604.49359843267,304.4195394515991,605.5025262832642,7898.901336669922,0.125,0.0,1.0,0.25,0.625,0.375,0.0,0
2026-03-15 08:53:50,8.0,197.0,19.7,102220.0,10222.0,101412.92041015625,68041.60416169315,308.2106075286865,508.2475070953369,5385.224060058594,0.25,0.0,1.0,0.125,0.625,0.375,0.0,0
2026-03-15 08:54:00,9.0,14.0,1.4,755.0,75.5,408.3951527277629,260.9573634754737,56.453422970241974,0.0,34.25344361199273,1.0,0.5555555555555556,0.0,0.0,1.0,0.0,1.0,1
2026-03-15 08:54:10,8.0,11.0,1.1,585.0,58.5,362.883074760437,252.78298602115564,51.63172006607056,0.0,35.56703305244446,1.0,0.75,0.0,0.0,1.0,0.0,1.0,1
2026-03-15 08:54:20,8.0,11.0,1.1,568.0,56.8,479.9061050415039,201.05362928643578,55.79403495788574,0.0,18.43757998943329,1.0,0.75,0.0,0.0,1.0,0.0,1.0,1
2026-03-15 08:54:30,9.0,14.0,1.4,851.0,85.1,491.81915113661023,221.57494924092734,53.55065663655599,0.0,33.24343575371636,1.0,0.2222222222222222,0.0,0.0,1.0,0.0,1.0,1
2026-03-15 08:54:40,8.0,11.0,1.1,583.0,58.3,437.63500690460205,179.97706813814636,50.46753454208374,0.0,17.191776752471924,1.0,0.5,0.0,0.0,1.0,0.0,1.0,1
2026-03-15 08:54:50,9.0,13.0,1.3,668.0,66.8,495.94774288601343,186.81844868471848,55.226711697048614,0.0,35.39158164130317,1.0,0.8888888888888888,0.0,0.0,1.0,0.0,1.0,1
2026-03-15 08:55:00,8.0,12.0,1.2,591.0,59.1,450.47400856018066,213.59247058732282,50.81647825241089,0.0,30.83983075618744,1.0,0.625,0.0,0.0,1.0,0.0,1.0,1
2026-03-15 08:55:10,8.0,13.0,1.3,677.0,67.7,455.157922744751,227.47450717118096,49.23488473892212,0.0,23.857764899730682,1.0,0.625,0.0,0.0,1.0,0.0,1.0,1
2026-03-15 08:55:20,9.0,13.0,1.3,683.0,68.3,430.46405749850805,223.28274514801177,52.159049563937714,0.0,23.475348896450466,1.0,1.0,0.0,0.0,1.0,0.0,1.0,1
2026-03-15 08:55:30,8.0,13.0,1.3,615.0,61.5,307.40850257873535,67.57542066979988,53.81444978713989,0.0,37.51619374752045,1.0,0.375,0.0,0.0,1.0,0.0,1.0,1
2026-03-15 08:55:40,8.0,14.0,1.4,575.0,57.5,449.06611585617065,256.0397615946038,51.14452648162842,0.0,24.85822182893753,1.0,0.625,0.0,0.0,1.0,0.0,1.0,1
2026-03-15 08:55:50,8.0,12.0,1.2,657.0,65.7,391.28839206695557,215.33056152191196,50.70232343673706,0.0,33.942551374435425,1.0,0.5,0.0,0.0,1.0,0.0,1.0,1
2026-03-15 08:56:00,9.0,13.0,1.3,755.0,75.5,399.36852179633246,204.2222040656437,51.80317179361979,0.0,28.215117984347874,1.0,0.5555555555555556,0.0,0.0,1.0,0.0,1.0,1
2026-03-15 08:56:10,8.0,13.0,1.3,657.0,65.7,440.1371726989746,125.95672637242333,52.00221633911133,0.0,26.008237957954407,1.0,0.625,0.0,0.0,1.0,0.0,1.0,1
2026-03-15 08:56:20,8.0,11.0,1.1,691.0,69.1,365.80304622650146,240.88414958357572,52.92288637161255,0.0,40.522940278053284,1.0,0.625,0.0,0.0,1.0,0.0,1.0,1
2026-03-15 08:56:30,9.0,14.0,1.4,647.0,64.7,534.4041646321615,185.60322911092118,52.278814951578774,0.0,30.94651370578342,1.0,0.6666666666666666,0.0,0.0,1.0,0.0,1.0,1
2026-03-15 08:56:40,8.0,14.0,1.4,607.0,60.7,427.2393112182617,130.7792037257261,51.73014211654663,0.0,26.060526311397552,1.0,0.75,0.0,0.0,1.0,0.0,1.0,1
2026-03-15 08:56:50,9.0,14.0,1.4,682.0,68.2,360.6159396701389,227.0717901256676,53.95287874009874,0.0,25.892059008280437,1.0,0.4444444444444444,0.0,0.0,1.0,0.0,1.0,1
2026-03-15 08:57:00,8.0,9.0,0.9,735.0,73.5,249.49881601333618,191.75230597494226,53.0150089263916,0.0,18.0784512758255,1.0,0.625,0.0,0.0,1.0,0.0,1.0,1
2026-03-15 08:57:10,8.0,12.0,1.2,533.0,53.3,363.28152418136597,205.9334461850632,54.191036224365234,0.0,25.78829163312912,1.0,0.5,0.0,0.0,1.0,0.0,1.0,1
2026-03-15 08:57:20,9.0,14.0,1.4,836.0,83.6,354.15886878967285,239.12723762404366,56.97150336371528,0.0,23.700626161363388,1.0,0.6666666666666666,0.0,0.0,1.0,0.0,1.0,1
2026-03-15 08:57:30,8.0,12.0,1.2,562.0,56.2,456.58392238616943,243.3235742466496,54.06979322433472,0.0,25.63208532333374,1.0,0.875,0.0,0.0,1.0,0.0,1.0,1
2026-03-15 08:57:40,8.0,11.0,1.1,574.0,57.4,358.39465713500977,198.7680351501775,51.13656139373779,0.0,31.705906748771667,1.0,0.875,0.0,0.0,1.0,0.0,1.0,1
2026-03-15 08:57:50,9.0,11.0,1.1,807.0,80.7,427.37331051296655,187.60758588694907,53.89755884806315,0.0,29.8736637963189,1.0,0.7777777777777778,0.0,0.0,1.0,0.0,1.0,1
2026-03-15 08:58:00,8.0,12.0,1.2,541.0,54.1,466.9595146179199,199.37389480311785,49.59849500656128,0.0,28.98427104949951,1.0,0.5,0.0,0.0,1.0,0.0,1.0,1
2026-03-15 08:58:10,8.0,12.0,1.2,658.0,65.8,406.5556926727295,180.4846667473975,49.21921491622925,0.0,35.544148683547974,1.0,0.5,0.0,0.0,1.0,0.0,1.0,1
2026-03-15 08:58:20,8.0,10.0,1.0,577.0,57.7,331.0048818588257,231.32336827979515,51.8030047416687,0.0,30.426357984542847,1.0,0.375,0.0,0.0,1.0,0.0,1.0,1
2026-03-15 08:58:30,9.0,14.0,1.4,681.0,68.1,285.16576343112524,199.51646742854766,52.404350704616974,0.0,25.137723286946613,1.0,0.6666666666666666,0.0,0.0,1.0,0.0,1.0,1
2026-03-15 08:58:40,8.0,14.0,1.4,655.0,65.5,570.0589256286621,117.35542934304151,49.84765005111694,0.0,27.758480072021484,1.0,0.625,0.0,0.0,1.0,0.0,1.0,1
2026-03-15 08:58:50,9.0,13.0,1.3,729.0,72.9,467.70193650987414,221.25948132154807,52.90077590942383,0.0,26.620920605129665,1.0,0.3333333333333333,0.0,0.0,1.0,0.0,1.0,1
2026-03-15 08:59:00,8.0,11.0,1.1,574.0,57.4,466.56066489219666,262.99027782596744,49.30424213409424,0.0,26.72592568397522,1.0,0.875,0.0,0.0,1.0,0.0,1.0,1
2026-03-15 08:59:10,8.0,13.0,1.3,582.0,58.2,475.57520484924316,222.68642853984807,52.390697956085205,0.0,27.528656125068665,1.0,0.5,0.0,0.0,1.0,0.0,1.0,1
2026-03-15 08:59:20,8.0,14.0,1.4,649.0,64.9,472.75059509277344,238.04316044686232,56.30186319351196,0.0,25.591319799423218,1.0,0.625,0.0,0.0,1.0,0.0,1.0,1
2026-03-15 08:59:30,9.0,16.0,1.6,611.0,61.1,408.123483022054,220.41210470099466,53.24372906155057,0.0,29.21028603447808,1.0,0.6666666666666666,0.0,0.0,1.0,0.0,1.0,1
2026-03-15 08:59:40,8.0,14.0,1.4,578.0,57.8,347.22721767425537,218.61979404460132,52.29025650024414,0.0,41.223262786865234,1.0,0.0,0.0,0.0,1.0,0.0,1.0,1
2026-03-15 08:59:50,8.0,12.0,1.2,556.0,55.6,339.3075065612793,242.08935109637244,49.17153882980347,0.0,24.05962336063385,1.0,0.625,0.0,0.0,1.0,0.0,1.0,1
2026-03-15 09:00:00,9.0,14.0,1.4,613.0,61.3,397.07174428304035,232.76357152376647,53.65862570868598,0.0,33.966409259372284,1.0,0.3333333333333333,0.0,0.0,1.0,0.0,1.0,1
2026-03-15 09:00:10,8.0,11.0,1.1,646.0,64.6,323.92595911026,242.09446848371425,52.13418436050415,0.0,27.190871596336365,1.0,0.75,0.0,0.0,1.0,0.0,1.0,1
2026-03-15 09:00:20,9.0,12.0,1.2,841.0,84.1,480.0287679036458,145.25857645514174,56.10845608181424,0.0,32.2923764122857,1.0,0.4444444444444444,0.0,0.0,1.0,0.0,1.0,1
2026-03-15 09:00:30,8.0,11.0,1.1,572.0,57.2,527.8292388916016,216.36806273042646,51.95764970779419,0.0,24.04792606830597,1.0,0.5,0.0,0.0,1.0,0.0,1.0,1
2026-03-15 09:00:40,8.0,11.0,1.1,522.0,52.2,421.7150707244873,176.0380428822465,51.97681140899658,0.0,30.9772469997406,1.0,1.0,0.0,0.0,1.0,0.0,1.0,1
2026-03-15 09:00:50,8.0,11.0,1.1,650.0,65.0,416.18127632141113,172.85974817410545,53.54598951339722,0.0,31.548357248306274,1.0,0.625,0.0,0.0,1.0,0.0,1.0,1
2026-03-15 09:01:00,9.0,16.0,1.6,717.0,71.7,361.1713367038303,229.43609364663348,53.617303636338974,0.0,28.164617167578804,1.0,0.5555555555555556,0.0,0.0,1.0,0.0,1.0,1
2026-03-15 09:01:10,8.0,10.0,1.0,754.0,75.4,427.0869483947754,194.60291196694698,52.18610191345215,0.0,32.59283143281937,1.0,0.625,0.0,0.0,1.0,0.0,1.0,1
2026-03-15 09:01:20,8.0,12.0,1.2,533.0,53.3,355.61694717407227,209.07786761051867,53.275288105010986,0.0,31.524396777153015,1.0,0.375,0.0,0.0,1.0,0.0,1.0,1
2026-03-15 09:01:30,9.0,15.0,1.5,645.0,64.5,431.5937860276964,202.63165656008846,51.96579827202691,0.0,27.812343173556858,1.0,0.5555555555555556,0.0,0.0,1.0,0.0,1.0,1
2026-03-15 09:01:40,8.0,12.0,1.2,643.0,64.3,470.5366164445877,212.68403241190038,54.243303298950195,0.0,26.558191537857056,1.0,0.375,0.0,0.0,1.0,0.0,1.0,1
2026-03-15 09:01:50,8.0,12.0,1.2,529.0,52.9,413.7469873428345,177.48333797945784,57.86226463317871,0.0,28.08738934993744,1.0,0.625,0.0,0.0,1.0,0.0,1.0,1
2026-03-15 09:02:00,9.0,15.0,1.5,837.0,83.7,480.9599477979872,245.7133102345882,52.77758026123047,0.0,34.37762747870551,1.0,0.3333333333333333,0.0,0.0,1.0,0.0,1.0,1
2026-03-15 09:02:10,8.0,12.0,1.2,716.0,71.6,387.3653497695923,295.338069764905,49.28071069717407,0.0,23.413219213485718,1.0,0.75,0.0,0.0,1.0,0.0,1.0,1
2026-03-15 09:02:20,9.0,15.0,1.5,680.0,68.0,318.08889940049914,198.76594103817422,51.14125739203559,0.0,25.94609440697564,1.0,0.7777777777777778,0.0,0.0,1.0,0.0,1.0,1
2026-03-15 09:02:30,8.0,10.0,1.0,731.0,73.1,214.96503603458405,215.76529797370628,51.69803428649902,0.0,32.230621099472046,1.0,0.75,0.0,0.0,1.0,0.0,1.0,1
2026-03-15 09:02:40,8.0,12.0,1.2,674.0,67.4,434.32652854919434,212.8089550493098,47.944870471954346,0.0,27.19836437702179,1.0,0.625,0.0,0.0,1.0,0.0,1.0,1
2026-03-15 09:02:50,9.0,12.0,1.2,713.0,71.3,459.89573139614527,178.9369726835973,51.95011986626519,0.0,24.47635841369629,1.0,0.7777777777777778,0.0,0.0,1.0,0.0,1.0,1
2026-03-15 09:03:00,8.0,10.0,1.0,697.0,69.7,374.0756690502167,224.72208910409756,54.30285358428955,0.0,25.520552158355713,1.0,0.875,0.0,0.0,1.0,0.0,1.0,1
2026-03-15 09:03:10,8.0,12.0,1.2,614.0,61.4,488.2330379486084,217.52896723149857,56.025147914886475,0.0,24.86730408668518,1.0,0.875,0.0,0.0,1.0,0.0,1.0,1
2026-03-15 09:03:20,9.0,15.0,1.5,735.0,73.5,391.98328399658203,256.83140009964467,56.57322226630317,0.0,28.80804549323188,1.0,0.6666666666666666,0.0,0.0,1.0,0.0,1.0,1
2026-03-15 09:03:30,8.0,11.0,1.1,647.0,64.7,446.4016532897949,212.39197930470453,57.02745771408081,0.0,28.66772174835205,1.0,0.75,0.0,0.0,1.0,0.0,1.0,1
2026-03-15 09:03:40,8.0,9.0,0.9,585.0,58.5,469.70370864868164,218.78298678493212,53.45771360397339,0.0,33.52548861503601,1.0,0.75,0.0,0.0,1.0,0.0,1.0,1
2026-03-15 09:03:50,8.0,8.0,0.8,749.0,74.9,450.9405460357666,205.72590920678658,46.25025939941406,0.0,33.36295306682587,1.0,0.5,0.0,0.0,1.0,0.0,1.0,1
2026-03-15 09:04:00,9.0,14.0,1.4,784.0,78.4,341.18018934461804,276.88530912350456,49.094703674316406,0.0,25.16245396931966,1.0,0.5555555555555556,0.0,0.0,1.0,0.0,1.0,1
2026-03-15 09:04:10,8.0,11.0,1.1,566.0,56.6,419.3166570663452,215.07343131801156,51.564576148986816,0.0,18.43544864654541,1.0,0.625,0.0,0.0,1.0,0.0,1.0,1
2026-03-15 09:04:20,8.0,13.0,1.3,701.0,70.1,467.02710151672363,240.3100090460505,54.877541065216064,0.0,31.3220694065094,1.0,0.5,0.0,0.0,1.0,0.0,1.0,1
2026-03-15 09:04:30,9.0,13.0,1.3,797.0,79.7,357.0483796861437,210.18679080311622,55.808201260036896,0.0,33.8716795179579,1.0,0.4444444444444444,0.0,0.0,1.0,0.0,1.0,1
2026-03-15 09:04:40,8.0,8.0,0.8,561.0,56.1,553.8580493927002,229.86519195170902,51.38921499252319,0.0,25.810698747634888,1.0,0.5,0.0,0.0,1.0,0.0,1.0,1
2026-03-15 09:04:50,8.0,11.0,1.1,685.0,68.5,325.5783294439316,187.12697113584613,53.98591136932373,0.0,19.889484465122223,1.0,0.375,0.0,0.0,1.0,0.0,1.0,1
2026-03-15 09:05:00,9.0,13.0,1.3,605.0,60.5,365.27870178222656,206.39233962094187,51.07552295260959,0.0,24.635671933492024,1.0,0.6666666666666666,0.0,0.0,1.0,0.0,1.0,1
2026-03-15 09:05:10,8.0,11.0,1.1,642.0,64.2,526.4806098937988,126.14145446262044,51.08938264846802,0.0,25.680627584457397,1.0,0.625,0.0,0.0,1.0,0.0,1.0,1
2026-03-15 09:05:20,8.0,10.0,1.0,625.0,62.5,354.95114612579346,206.214199465418,51.98511219024658,0.0,24.494340538978577,1.0,0.625,0.0,0.0,1.0,0.0,1.0,1
2026-03-15 09:05:30,9.0,15.0,1.5,830.0,83.0,583.8249121771919,184.56148803671158,48.79745737711588,0.0,34.07405524783664,1.0,0.4444444444444444,0.0,0.0,1.0,0.0,1.0,1
2026-03-15 09:05:40,8.0,13.0,1.3,659.0,65.9,471.1242961883545,181.73357549805266,49.01987361907959,0.0,27.694726526737213,1.0,0.25,0.0,0.0,1.0,0.0,1.0,1
2026-03-15 09:05:50,8.0,12.0,1.2,689.0,68.9,401.9650068283081,230.8654711511303,50.10192632675171,0.0,33.51580762863159,1.0,0.625,0.0,0.0,1.0,0.0,1.0,1
2026-03-15 09:06:00,9.0,15.0,1.5,603.0,60.3,365.9396218193902,177.33650897047403,50.66562610202365,0.0,29.518660015530056,1.0,0.4444444444444444,0.0,0.0,1.0,0.0,1.0,1
2026-03-15 09:06:10,8.0,11.0,1.1,584.0,58.4,244.78344082832336,147.8064160373228,51.66233444213867,0.0,26.585683584213257,1.0,0.5,0.0,0.0,1.0,0.0,1.0,1
2026-03-15 09:06:20,8.0,12.0,1.2,595.0,59.5,407.2504835128784,222.88813381803894,50.11070442199707,0.0,27.229089498519897,1.0,0.75,0.0,0.0,1.0,0.0,1.0,1
2026-03-15 09:06:30,9.0,15.0,1.5,731.0,73.1,497.211420694987,144.1726762469527,50.517610761854385,0.0,25.295600361294216,1.0,0.7777777777777778,0.0,0.0,1.0,0.0,1.0,1
2026-03-15 09:06:40,8.0,15.0,1.5,608.0,60.8,341.42773151397705,236.6453818847103,53.36658763885498,0.0,26.911824107170105,1.0,0.5,0.0,0.0,1.0,0.0,1.0,1
2026-03-15 09:06:50,9.0,13.0,1.3,697.0,69.7,426.1093444824219,216.103340790434,52.96838166978624,0.0,30.970153861575657,1.0,0.7777777777777778,0.0,0.0,1.0,0.0,1.0,1
2026-03-15 09:07:00,8.0,15.0,1.5,616.0,61.6,314.19785022735596,196.80471553394193,54.54393196105957,0.0,32.079774379730225,1.0,0.375,0.0,0.0,1.0,0.0,1.0,1
2026-03-15 09:07:10,8.0,11.0,1.1,613.0,61.3,396.2196669578552,219.55357129047695,53.19940185546875,0.0,24.721299648284912,1.0,0.375,0.0,0.0,1.0,0.0,1.0,1
2026-03-15 09:07:20,9.0,13.0,1.3,629.0,62.9,462.53946092393664,122.69437597209114,54.0077035692003,0.0,28.43010817633735,1.0,0.3333333333333333,0.0,0.0,1.0,0.0,1.0,1
2026-03-15 09:07:30,8.0,13.0,1.3,714.0,71.4,439.40658950805664,210.47023125317563,49.358681201934814,0.0,26.17993575334549,1.0,0.875,0.0,0.0,1.0,0.0,1.0,1
2026-03-15 09:07:40,8.0,10.0,1.0,637.0,63.7,483.4123344421387,159.14555979533543,48.87689447402954,0.0,35.27569591999054,1.0,0.625,0.0,0.0,1.0,0.0,1.0,1
2026-03-15 09:07:50,9.0,14.0,1.4,806.0,80.6,313.6737164391412,243.29149339560382,51.724839528401695,0.0,28.77646080652873,1.0,0.8888888888888888,0.0,0.0,1.0,0.0,1.0,1
2026-03-15 09:08:00,8.0,10.0,1.0,555.0,55.5,633.0936813354492,127.37763563868046,49.7433500289917,0.0,22.455503821372986,1.0,0.75,0.0,0.0,1.0,0.0,1.0,1
2026-03-15 09:08:10,8.0,11.0,1.1,673.0,67.3,419.85939836502075,237.71490946632997,52.4484486579895,0.0,33.74185132980347,1.0,0.375,0.0,0.0,1.0,0.0,1.0,1
2026-03-15 09:08:20,8.0,15.0,1.5,631.0,63.1,314.347056388855,187.44741977615212,53.15915298461914,0.0,14.090707123279572,1.0,0.75,0.0,0.0,1.0,0.0,1.0,1
2026-03-15 09:08:30,9.0,13.0,1.3,699.0,69.9,168.90859614478217,165.56769658286746,53.08776558770074,0.0,28.323842260572647,1.0,0.7777777777777778,0.0,0.0,1.0,0.0,1.0,1
2026-03-15 09:08:40,8.0,10.0,1.0,564.0,56.4,331.0725030899048,161.78779766335253,55.060840129852295,0.0,27.632965922355652,1.0,0.75,0.0,0.0,1.0,0.0,1.0,1
2026-03-15 09:08:50,8.0,11.0,1.1,577.0,57.7,469.9486985206604,237.14722220921897,58.28061628341675,0.0,28.128403782844543,1.0,0.5,0.0,0.0,1.0,0.0,1.0,1
2026-03-15 09:09:00,9.0,11.0,1.1,726.0,72.6,362.8845498826769,208.16271661409291,52.17829895019531,0.0,19.490876303778755,1.0,0.1111111111111111,0.0,0.0,1.0,0.0,1.0,1
2026-03-15 09:09:10,8.0,14.0,1.4,677.0,67.7,379.7546764612198,274.5373995098168,52.312368869781494,0.0,30.52330231666565,1.0,0.5,0.0,0.0,1.0,0.0,1.0,1
2026-03-15 09:09:20,9.0,13.0,1.3,694.0,69.4,629.4542168511284,140.31229188009797,56.232056087917755,0.0,16.721797890133328,1.0,0.6666666666666666,0.0,0.0,1.0,0.0,1.0,1
2026-03-15 09:09:30,8.0,13.0,1.3,653.0,65.3,401.9199562072754,220.89466864690613,51.32186412811279,0.0,27.075759530067444,1.0,0.625,0.0,0.0,1.0,0.0,1.0,1
2026-03-15 09:09:40,8.0,14.0,1.4,758.0,75.8,343.40137577056885,218.68846933595128,48.151811599731445,0.0,38.659154415130615,1.0,0.375,0.0,0.0,1.0,0.0,1.0,1
2026-03-15 09:09:50,9.0,14.0,1.4,691.0,69.1,464.3390808105469,193.18639434421996,57.83412721421983,0.0,35.09840732150607,1.0,0.5555555555555556,0.0,0.0,1.0,0.0,1.0,1
2026-03-15 09:10:00,8.0,12.0,1.2,501.0,50.1,593.892032623291,129.04004871748626,51.415780544281006,0.0,21.983584940433502,1.0,0.625,0.0,0.0,1.0,0.0,1.0,1
2026-03-15 09:10:10,8.0,13.0,1.3,672.0,67.2,505.7496757507324,158.80625977222243,50.31355810165405,0.0,26.434285163879395,1.0,0.875,0.0,0.0,1.0,0.0,1.0,1
2026-03-15 09:10:20,9.0,14.0,1.4,750.0,75.0,370.60269207424585,222.3380964775561,53.38784069485135,0.0,31.943263583713108,1.0,0.5555555555555556,0.0,0.0,1.0,0.0,1.0,1
2026-03-15 09:10:30,8.0,13.0,1.3,489.0,48.9,368.4738030433655,158.7106608497405,52.225186824798584,0.0,24.608020424842834,1.0,0.375,0.0,0.0,1.0,0.0,1.0,1
2026-03-15 09:10:40,8.0,13.0,1.3,605.0,60.5,558.4302711486816,189.21658445043207,56.449265003204346,0.0,23.125708281993866,1.0,0.5,0.0,0.0,1.0,0.0,1.0,1
2026-03-15 09:10:50,8.0,12.0,1.2,642.0,64.2,427.3826389312744,210.0661069086196,48.5961971282959,0.0,33.529344975948334,1.0,0.625,0.0,0.0,1.0,0.0,1.0,1
2026-03-15 09:11:00,9.0,12.0,1.2,785.0,78.5,569.0288560655382,212.31098607749917,55.687466091579864,0.0,25.073319064246284,1.0,0.5555555555555556,0.0,0.0,1.0,0.0,1.0,1
2026-03-15 09:11:10,8.0,11.0,1.1,608.0,60.8,356.0142822265625,199.36875606236833,52.174560546875,0.0,20.46526062488556,1.0,0.75,0.0,0.0,1.0,0.0,1.0,1
2026-03-15 09:11:20,9.0,15.0,1.5,722.0,72.2,424.21073235405817,221.29733585524428,52.86364322238498,0.0,20.001655101776123,1.0,0.5555555555555556,0.0,0.0,1.0,0.0,1.0,1
2026-03-15 09:11:30,8.0,12.0,1.2,612.0,61.2,479.21123933792114,295.53252840929406,49.10900592803955,0.0,25.41687047481537,1.0,0.625,0.0,0.0,1.0,0.0,1.0,1
2026-03-15 09:11:40,8.0,12.0,1.2,679.0,67.9,567.0858697891235,247.97421832137783,53.5778021812439,0.0,30.910434782505035,1.0,0.625,0.0,0.0,1.0,0.0,1.0,1
2026-03-15 09:11:50,9.0,36.0,3.6,8120.0,812.0,3041.4445643954805,7656.463987324578,83.35092120700412,9.08890109592014,72.4005790286594,1.0,0.5555555555555556,0.1111111111111111,0.0,1.0,0.0,1.0,1
2026-03-15 09:12:00,8.0,461.0,46.1,69965.0,6996.5,24979.538940429688,12818.604366446865,291.71202278137207,217.32299518585205,301.2509078979492,0.5,0.25,1.0,0.625,1.0,0.0,1.0,2
2026-03-15 09:12:10,8.0,544.0,54.4,85560.0,8556.0,26302.738159179688,10990.669589489886,213.32501888275146,189.63671684265137,219.99705839157104,0.75,0.625,1.0,0.5,1.0,0.0,1.0,2
2026-03-15 09:12:20,8.0,493.0,49.3,80532.0,8053.2,27608.40087890625,16711.476252230324,303.07100677490234,160.98964595794678,162.85647106170654,0.625,0.5,1.0,0.625,1.0,0.0,1.0,2
2026-03-15 09:12:30,9.0,541.0,54.1,115887.0,11588.7,30356.77463107639,8972.696298461338,248.16119045681424,217.49325307210287,216.9118898179796,0.6666666666666666,0.5555555555555556,1.0,0.6666666666666666,1.0,0.0,1.0,2
2026-03-15 09:12:40,8.0,413.0,41.3,69026.0,6902.6,14631.690856933594,9559.336269219337,238.03046226501465,189.02528762817383,229.53631687164307,0.875,0.25,1.0,0.375,1.0,0.0,1.0,2
2026-03-15 09:12:50,9.0,647.0,64.7,100762.0,10076.2,22920.829427083332,11721.458331102467,218.6601850721571,190.23185306125217,263.5747027926975,0.7777777777777778,0.4444444444444444,1.0,0.5555555555555556,1.0,0.0,1.0,2
2026-03-15 09:13:00,8.0,555.0,55.5,80494.0,8049.4,29339.546142578125,14550.890482195493,238.41402435302734,135.1555519104004,225.08457469940186,0.625,0.5,1.0,0.75,1.0,0.0,1.0,2
2026-03-15 09:13:10,8.0,456.0,45.6,78000.0,7800.0,19608.846130371094,10588.077270697657,226.913893699646,197.6925048828125,253.50648593902588,0.75,0.25,1.0,0.5,1.0,0.0,1.0,2
2026-03-15 09:13:20,8.0,445.0,44.5,86602.0,8660.2,26608.890991210938,14333.853635601601,295.07884216308594,218.38135433197021,226.03215408325195,0.75,0.5,1.0,0.75,1.0,0.0,1.0,2
2026-03-15 09:13:30,9.0,540.0,54.0,92291.0,9229.1,25115.043212890625,10881.593493226253,308.4642842610677,155.38869984944662,253.60848320855035,0.6666666666666666,0.2222222222222222,1.0,0.3333333333333333,1.0,0.0,1.0,2
2026-03-15 09:13:40,8.0,543.0,54.3,75275.0,7527.5,28826.996459960938,11894.17226214622,205.8726806640625,162.49172973632812,239.9095230102539,0.75,0.5,1.0,0.75,1.0,0.0,1.0,2
2026-03-15 09:13:50,8.0,480.0,48.0,81493.0,8149.3,29384.478240966797,17442.62452914706,206.10179710388184,206.5793981552124,157.86842823028564,0.625,0.625,1.0,0.375,1.0,0.0,1.0,2
2026-03-15 09:14:00,9.0,646.0,64.6,73419.0,7341.9,30565.29616970486,11387.467078471574,245.89171176486545,232.50433688693576,267.6328065660265,0.7777777777777778,0.2222222222222222,1.0,0.6666666666666666,1.0,0.0,1.0,2
2026-03-15 09:14:10,8.0,449.0,44.9,76189.0,7618.9,21610.94171142578,8374.455923287414,242.89017868041992,168.42173385620117,263.5652370452881,0.75,0.25,1.0,0.375,1.0,0.0,1.0,2
2026-03-15 09:14:20,8.0,530.0,53.0,85470.0,8547.0,25896.878662109375,12845.119299935779,248.51943397521973,164.91269207000732,203.60134935379028,0.625,0.375,1.0,0.75,1.0,0.0,1.0,2
2026-03-15 09:14:30,9.0,542.0,54.2,94229.0,9422.9,28156.50075954861,12620.615405923088,209.46934339735242,201.52817111545139,250.11014472113715,0.8888888888888888,0.3333333333333333,1.0,0.6666666666666666,1.0,0.0,1.0,2
2026-03-15 09:14:40,8.0,502.0,50.2,78073.0,7807.3,34628.7177734375,9196.196821210831,207.59003257751465,162.74617958068848,234.96449947357178,0.375,0.375,1.0,0.625,1.0,0.0,1.0,2
2026-03-15 09:14:50,9.0,580.0,58.0,91046.0,9104.6,23742.324544270832,11842.720562841921,200.21675872802734,195.957400004069,207.1468980577257,0.3333333333333333,0.4444444444444444,1.0,0.4444444444444444,1.0,0.0,1.0,2
2026-03-15 09:15:00,8.0,589.0,58.9,76614.0,7661.4,28340.060302734375,12996.99148059995,233.0680866241455,157.8008975982666,228.02530765533447,0.75,0.375,1.0,0.25,1.0,0.0,1.0,2
2026-03-15 09:15:10,8.0,550.0,55.0,84061.0,8406.1,26861.603515625,13122.295758855826,229.80958938598633,183.38040256500244,222.04941940307617,0.625,0.25,1.0,0.375,1.0,0.0,1.0,2
2026-03-15 09:15:20,9.0,549.0,54.9,80485.0,8048.5,27115.646402994793,16137.014314724183,275.5541356404622,174.53936513264975,138.99238671196832,0.6666666666666666,0.4444444444444444,1.0,0.4444444444444444,1.0,0.0,1.0,2
2026-03-15 09:15:30,8.0,628.0,62.8,91814.0,9181.4,11817.552673339844,8407.596842106006,209.18063354492188,213.82326316833496,201.33372688293457,0.625,0.125,1.0,0.75,1.0,0.0,1.0,2
2026-03-15 09:15:40,8.0,539.0,53.9,77491.0,7749.1,28612.817504882812,10701.31686624969,235.3395938873291,171.05064392089844,236.31384181976318,1.0,0.375,1.0,0.375,1.0,0.0,1.0,2
2026-03-15 09:15:50,9.0,665.0,66.5,99222.0,9922.2,23342.376844618055,14469.946692482647,266.4847115410699,160.32079145643445,224.66658613416882,0.6666666666666666,0.1111111111111111,1.0,0.5555555555555556,1.0,0.0,1.0,2
2026-03-15 09:16:00,8.0,537.0,53.7,85876.0,8587.6,31416.551391601562,11968.843773590908,242.59918117523193,180.54391288757324,227.21237468719482,0.625,0.25,1.0,0.625,1.0,0.0,1.0,2
2026-03-15 09:16:10,8.0,523.0,52.3,83805.0,8380.5,24082.717041015625,17489.537649063954,233.32726669311523,203.08585357666016,284.12669563293457,0.625,0.125,1.0,0.875,1.0,0.0,1.0,2
2026-03-15 09:16:20,8.0,485.0,48.5,87776.0,8777.6,22499.16534423828,10892.4781970536,183.16751861572266,186.22329139709473,242.81321334838867,0.75,0.375,1.0,0.5,1.0,0.0,1.0,2
2026-03-15 09:16:30,9.0,558.0,55.8,79904.0,7990.4,26864.85080295139,13234.244204878078,290.5623847113715,217.5353012084961,203.28364944458008,0.7777777777777778,0.3333333333333333,1.0,0.5555555555555556,1.0,0.0,1.0,2
2026-03-15 09:16:40,8.0,536.0,53.6,91797.0,9179.7,27517.271728515625,15247.38968978832,233.10811233520508,185.33199501037598,182.5942153930664,0.75,0.25,1.0,0.5,1.0,0.0,1.0,2
2026-03-15 09:16:50,9.0,578.0,57.8,109338.0,10933.8,33075.33062065972,12127.917589853296,238.82417890760632,200.36149512396918,251.27695041232639,0.5555555555555556,0.4444444444444444,1.0,0.3333333333333333,1.0,0.0,1.0,2
2026-03-15 09:17:00,8.0,457.0,45.7,102900.0,10290.0,22312.05712890625,13610.225812887345,274.31850814819336,132.1939296722412,176.6575231552124,0.875,0.125,1.0,0.625,1.0,0.0,1.0,2
2026-03-15 09:17:10,8.0,631.0,63.1,91983.0,9198.3,31723.174438476562,11343.746173678453,276.62768173217773,209.37646102905273,275.3036165237427,0.75,0.125,1.0,0.25,1.0,0.0,1.0,2
2026-03-15 09:17:20,9.0,600.0,60.0,121491.0,12149.1,17782.387858072918,8142.894062303914,251.62623002794055,185.50087653266058,202.27324634128146,0.7777777777777778,0.5555555555555556,1.0,0.6666666666666666,1.0,0.0,1.0,2
2026-03-15 09:17:30,8.0,470.0,47.0,86568.0,8656.8,29845.31298828125,9717.064220032118,158.83365726470947,185.4919662475586,242.39388275146484,0.75,0.375,1.0,0.625,1.0,0.0,1.0,2
2026-03-15 09:17:40,8.0,433.0,43.3,72080.0,7208.0,34619.382568359375,12396.615582941331,233.23575115203857,207.80233764648438,279.67764472961426,0.625,0.5,1.0,0.5,1.0,0.0,1.0,2
2026-03-15 09:17:50,9.0,649.0,64.9,94266.0,9426.6,30515.815863715277,13899.548283660992,245.65516662597656,197.61012607150607,242.69175804985895,0.6666666666666666,0.2222222222222222,1.0,0.3333333333333333,1.0,0.0,1.0,2
2026-03-15 09:18:00,8.0,510.0,51.0,93604.0,9360.4,32138.864501953125,15119.951385017928,265.18860912323,211.51370429992676,248.85910511016846,0.75,0.375,1.0,0.375,1.0,0.0,1.0,2
2026-03-15 09:18:10,8.0,541.0,54.1,70108.0,7010.8,25892.869384765625,12624.823284631566,279.8078670501709,186.38758182525635,188.63771438598633,0.5,0.25,1.0,0.625,1.0,0.0,1.0,2
2026-03-15 09:18:20,8.0,586.0,58.6,78557.0,7855.7,16680.2744140625,7820.705203194892,255.77793884277344,181.73804378509521,265.143208026886,0.75,0.375,1.0,0.625,1.0,0.0,1.0,2
2026-03-15 09:18:30,9.0,561.0,56.1,87869.0,8786.9,24867.175374348957,13239.263389765698,276.14664289686414,178.2909198337131,242.70774163140192,0.7777777777777778,0.0,1.0,0.4444444444444444,1.0,0.0,1.0,2
2026-03-15 09:18:40,8.0,537.0,53.7,86679.0,8667.9,20652.34149169922,16121.987103732637,288.80077743530273,228.1598949432373,226.59549808502197,0.875,0.5,1.0,0.125,1.0,0.0,1.0,2
2026-03-15 09:18:50,9.0,543.0,54.3,93497.0,9349.7,25753.11794704861,14620.270130393772,235.21991729736328,182.02671983506946,183.5220421685113,0.7777777777777778,0.5555555555555556,1.0,0.6666666666666666,1.0,0.0,1.0,2
2026-03-15 09:19:00,8.0,502.0,50.2,81391.0,8139.1,23952.403930664062,14282.42871172942,267.0794734954834,132.41373920440674,237.02054977416992,0.75,0.125,1.0,0.75,1.0,0.0,1.0,2
2026-03-15 09:19:10,8.0,500.0,50.0,83334.0,8333.4,26211.970458984375,12850.408162836487,252.99308013916016,198.1332244873047,141.29852962493896,0.5,0.25,1.0,0.625,1.0,0.0,1.0,2
2026-03-15 09:19:20,9.0,590.0,59.0,100000.0,10000.0,28885.918023003473,11504.17007573457,261.8581034342448,217.4102986653646,221.64167404174805,0.8888888888888888,0.4444444444444444,1.0,0.2222222222222222,1.0,0.0,1.0,2
2026-03-15 09:19:30,8.0,485.0,48.5,69531.0,6953.1,29452.76220703125,9172.30069860328,235.32375144958496,134.97509002685547,238.00826454162598,0.625,0.625,1.0,0.5,1.0,0.0,1.0,2
2026-03-15 09:19:40,8.0,549.0,54.9,70745.0,7074.5,22865.431396484375,7696.48363568145,244.33827590942383,184.64732837677002,242.07515621185303,0.625,0.625,1.0,0.5,1.0,0.0,1.0,2
2026-03-15 09:19:50,8.0,557.0,55.7,75829.0,7582.9,18825.92593383789,12009.784344501784,265.4172534942627,170.10066413879395,164.01568508148193,0.875,0.625,1.0,0.25,1.0,0.0,1.0,2
2026-03-15 09:20:00,9.0,627.0,62.7,106924.0,10692.4,28944.778374565973,12680.306624163746,209.35186682807074,204.6343265109592,173.54298570421008,0.6666666666666666,0.4444444444444444,1.0,0.4444444444444444,1.0,0.0,1.0,2
2026-03-15 09:20:10,8.0,561.0,56.1,91917.0,9191.7,30605.576904296875,14322.964110992856,209.03982162475586,215.72453117370605,191.4797716140747,0.625,0.25,1.0,0.875,1.0,0.0,1.0,2
2026-03-15 09:20:20,8.0,640.0,64.0,95913.0,9591.3,24662.19482421875,10813.146215593859,235.80361366271973,190.59604930877686,240.23493671417236,0.75,0.125,1.0,0.5,1.0,0.0,1.0,2
2026-03-15 09:20:30,9.0,594.0,59.4,100766.0,10076.6,21218.79408094618,14491.513662850708,246.06520334879556,214.2925737169054,256.9586368136936,0.6666666666666666,0.6666666666666666,1.0,0.3333333333333333,1.0,0.0,1.0,2
2026-03-15 09:20:40,8.0,580.0,58.0,68474.0,6847.4,19408.99234008789,15382.742708443073,284.7990837097168,195.02603816986084,180.23849487304688,0.625,0.5,1.0,0.75,1.0,0.0,1.0,2
2026-03-15 09:20:50,8.0,526.0,52.6,101760.0,10176.0,24968.895751953125,12000.118761667698,201.59994316101074,182.59662628173828,209.8136854171753,0.875,0.375,1.0,0.75,1.0,0.0,1.0,2
2026-03-15 09:21:00,9.0,587.0,58.7,97087.0,9708.7,25646.14084201389,11340.819639702122,209.77427334255643,169.91817898220486,222.1109822591146,0.6666666666666666,0.4444444444444444,1.0,0.6666666666666666,1.0,0.0,1.0,2
2026-03-15 09:21:10,8.0,480.0,48.0,74914.0,7491.4,34045.693603515625,12303.95932733295,261.87327003479004,198.45427894592285,240.9485263824463,0.5,0.25,1.0,0.5,1.0,0.0,1.0,2
2026-03-15 09:21:20,9.0,495.0,49.5,88403.0,8840.3,25029.400010850695,16028.137310300695,228.77153947618274,186.05294206407336,223.78566530015735,0.8888888888888888,0.4444444444444444,1.0,0.6666666666666666,1.0,0.0,1.0,2
2026-03-15 09:21:30,8.0,440.0,44.0,75868.0,7586.8,29771.008728027344,11053.006504879811,249.51691818237305,158.20352935791016,256.43082427978516,0.375,0.25,1.0,0.5,1.0,0.0,1.0,2
2026-03-15 09:21:40,8.0,473.0,47.3,78579.0,7857.9,16356.50082397461,12416.398794796225,272.744930267334,209.92870903015137,231.32581329345703,0.75,0.5,1.0,0.625,1.0,0.0,1.0,2
2026-03-15 09:21:50,9.0,535.0,53.5,90012.0,9001.2,21665.453667534723,12745.706578947113,268.0395550198025,174.30890231662326,204.23472849527994,0.7777777777777778,0.4444444444444444,1.0,0.3333333333333333,1.0,0.0,1.0,2
2026-03-15 09:22:00,8.0,607.0,60.7,78552.0,7855.2,30844.814361572266,15353.224522555709,232.0954704284668,175.32005310058594,230.91939449310303,0.875,0.5,1.0,0.625,1.0,0.0,1.0,2
2026-03-15 09:22:10,8.0,485.0,48.5,78244.0,7824.4,32139.94482421875,13135.638071879825,233.5018138885498,184.94091129302979,288.1564083099365,0.875,0.0,1.0,0.5,1.0,0.0,1.0,2
2026-03-15 09:22:20,9.0,577.0,57.7,103520.0,10352.0,29836.794270833332,12784.958721758803,265.00801849365234,179.22981855604382,216.08393351236978,0.6666666666666666,0.1111111111111111,1.0,0.4444444444444444,1.0,0.0,1.0,2
2026-03-15 09:22:30,8.0,484.0,48.4,75729.0,7572.9,26273.373657226562,15962.912150260157,242.90759468078613,171.0291337966919,239.95620584487915,0.625,0.375,1.0,0.375,1.0,0.0,1.0,2
2026-03-15 09:22:40,8.0,568.0,56.8,78435.0,7843.5,25836.862243652344,13238.544618236392,292.25447273254395,185.50713729858398,189.58390045166016,0.625,0.375,1.0,0.5,1.0,0.0,1.0,2
2026-03-15 09:22:50,9.0,602.0,60.2,86785.0,8678.5,23554.64572482639,16848.237325441914,201.91786193847656,176.40540398491754,267.8069907294379,0.6666666666666666,0.7777777777777778,1.0,0.3333333333333333,1.0,0.0,1.0,2
2026-03-15 09:23:00,8.0,513.0,51.3,99213.0,9921.3,22735.938385009766,15611.795380647622,273.80617332458496,188.82444763183594,267.9801912307739,0.5,0.75,1.0,0.5,1.0,0.0,1.0,2
2026-03-15 09:23:10,8.0,485.0,48.5,85078.0,8507.8,24027.633666992188,10471.852597443629,238.50332832336426,206.8625898361206,172.00452518463135,0.625,0.125,1.0,0.75,1.0,0.0,1.0,2
2026-03-15 09:23:20,8.0,459.0,45.9,74819.0,7481.9,29764.89892578125,10843.052489307649,213.35939025878906,187.5532398223877,229.4239091873169,0.625,0.375,1.0,0.5,1.0,0.0,1.0,2
2026-03-15 09:23:30,9.0,487.0,48.7,66017.0,6601.7,29028.012586805555,14424.129106536002,238.12822469075522,171.01329379611545,186.26331668429904,0.6666666666666666,0.5555555555555556,1.0,0.6666666666666666,1.0,0.0,1.0,2
2026-03-15 09:23:40,8.0,465.0,46.5,70692.0,7069.2,25464.38299560547,11572.951090431632,243.39602184295654,226.78406238555908,296.1627368927002,0.75,0.5,1.0,0.5,1.0,0.0,1.0,2
2026-03-15 09:23:50,9.0,478.0,47.8,96730.0,9673.0,26199.264051649305,15985.730726136504,229.58626556396484,186.23903147379556,160.03961054484049,0.6666666666666666,0.3333333333333333,1.0,0.7777777777777778,1.0,0.0,1.0,2
2026-03-15 09:24:00,8.0,536.0,53.6,100809.0,10080.9,25734.622924804688,12767.750441468668,224.65725231170654,186.2564182281494,263.230281829834,0.375,0.5,1.0,0.375,1.0,0.0,1.0,2
2026-03-15 09:24:10,8.0,485.0,48.5,55807.0,5580.7,21078.654846191406,12598.375142827424,231.69318294525146,173.51664638519287,229.49977016448975,0.625,0.25,1.0,0.25,1.0,0.0,1.0,2
2026-03-15 09:24:20,8.0,472.0,47.2,83552.0,8355.2,20532.384521484375,11723.096925239288,250.57324981689453,206.14634227752686,200.73227548599243,0.875,0.375,1.0,0.625,1.0,0.0,1.0,2
2026-03-15 09:24:30,9.0,599.0,59.9,69289.0,6928.9,26971.68771701389,12585.80950242612,222.78579372829861,188.72635735405817,228.9068366156684,0.7777777777777778,0.4444444444444444,1.0,0.5555555555555556,1.0,0.0,1.0,2
2026-03-15 09:24:40,8.0,461.0,46.1,91771.0,9177.1,27243.602111816406,12760.754050537245,232.0088176727295,175.3661241531372,241.5687017440796,0.5,0.375,1.0,0.5,1.0,0.0,1.0,2
2026-03-15 09:24:50,9.0,548.0,54.8,91543.0,9154.3,30027.415473090277,11589.734471694563,239.42579481336804,182.43913099500867,253.4144515991211,0.6666666666666666,0.5555555555555556,1.0,0.4444444444444444,1.0,0.0,1.0,2
2026-03-15 09:25:00,8.0,566.0,56.6,68374.0,6837.4,19972.21664428711,18597.29429035964,234.7594165802002,211.37066268920898,224.83034801483154,0.75,0.5,1.0,0.625,1.0,0.0,1.0,2
2026-03-15 09:25:10,8.0,399.0,39.9,79355.0,7935.5,28398.010681152344,10611.196720635362,248.7677516937256,215.80377292633057,245.69209480285645,0.625,0.625,1.0,0.5,1.0,0.0,1.0,2
2026-03-15 09:25:20,9.0,531.0,53.1,103786.0,10378.6,22631.493218315973,14553.37521250061,245.23282623291016,210.50628323025174,284.4961446126302,0.7777777777777778,0.4444444444444444,1.0,0.6666666666666666,1.0,0.0,1.0,2
2026-03-15 09:25:30,8.0,448.0,44.8,66046.0,6604.6,23945.640991210938,10405.449772196089,267.3754987716675,221.14801597595215,273.3728790283203,0.625,0.0,1.0,0.625,1.0,0.0,1.0,2
2026-03-15 09:25:40,8.0,524.0,52.4,82578.0,8257.8,20845.205200195312,10868.867739775062,290.7462377548218,170.22821617126465,228.93304347991943,0.75,0.375,1.0,0.5,1.0,0.0,1.0,2
2026-03-15 09:25:50,9.0,644.0,64.4,93224.0,9322.4,34201.269070095484,11653.866901808444,262.7923821343316,170.2202377319336,236.0877596537272,0.6666666666666666,0.4444444444444444,1.0,0.3333333333333333,1.0,0.0,1.0,2
2026-03-15 09:26:00,8.0,584.0,58.4,88399.0,8839.9,29140.449951171875,15646.502757103959,257.6564407348633,167.2114372253418,192.8359489440918,0.875,0.625,1.0,0.375,1.0,0.0,1.0,2
2026-03-15 09:26:10,8.0,506.0,50.6,78927.0,7892.7,24868.986206054688,16659.520776065954,250.77333068847656,212.30198287963867,209.00943183898926,0.625,0.5,1.0,0.125,1.0,0.0,1.0,2
2026-03-15 09:26:20,8.0,612.0,61.2,112979.0,11297.9,24214.691162109375,13318.583077714455,297.6219024658203,178.5047903060913,177.71570587158203,1.0,0.375,1.0,0.5,1.0,0.0,1.0,2
2026-03-15 09:26:30,9.0,691.0,69.1,111719.0,11171.9,22790.453504774305,11625.68660604258,223.2221671210395,191.87810516357422,201.2755444844564,0.5555555555555556,0.3333333333333333,1.0,0.4444444444444444,1.0,0.0,1.0,2
2026-03-15 09:26:40,8.0,465.0,46.5,71605.0,7160.5,32215.036041259766,15386.874622072104,218.68113613128662,195.2431297302246,228.81846809387207,0.75,0.5,1.0,0.25,1.0,0.0,1.0,2
2026-03-15 09:26:50,9.0,544.0,54.4,81197.0,8119.7,20806.061767578125,16966.541209883406,248.5765635172526,172.65312110053168,225.1010682847765,0.7777777777777778,0.4444444444444444,1.0,0.3333333333333333,1.0,0.0,1.0,2
2026-03-15 09:27:00,8.0,536.0,53.6,84072.0,8407.2,27650.890625,8986.033502394394,286.43548011779785,181.8467082977295,237.15550184249878,0.625,0.5,1.0,0.5,1.0,0.0,1.0,2
2026-03-15 09:27:10,8.0,386.0,38.6,69785.0,6978.5,22728.751220703125,12161.897292780724,228.50519371032715,197.53630352020264,184.157732963562,0.625,0.625,1.0,0.625,1.0,0.0,1.0,2
2026-03-15 09:27:20,9.0,528.0,52.8,76138.0,7613.8,27159.012152777777,11378.23566915862,198.0998246934679,163.70224931504993,267.6187218560113,0.7777777777777778,0.3333333333333333,1.0,0.5555555555555556,1.0,0.0,1.0,2
2026-03-15 09:27:30,8.0,533.0,53.3,76497.0,7649.7,30165.643310546875,9033.665968007346,223.61169147491455,221.9223175048828,248.74078845977783,0.75,0.625,1.0,0.5,1.0,0.0,1.0,2
2026-03-15 09:27:40,8.0,493.0,49.3,101037.0,10103.7,23775.757720947266,15130.157036791603,250.38914680480957,191.87520790100098,232.4463529586792,0.75,0.5,1.0,0.5,1.0,0.0,1.0,2
2026-03-15 09:27:50,8.0,589.0,58.9,99578.0,9957.8,22353.448486328125,8545.309557306096,292.2907257080078,216.33867263793945,200.8763132095337,0.875,0.25,1.0,0.625,1.0,0.0,1.0,2
2026-03-15 09:28:00,9.0,520.0,52.0,116706.0,11670.6,24529.35142686632,14373.316964472178,285.2989145914714,204.0380622016059,276.175304836697,0.6666666666666666,0.1111111111111111,1.0,0.7777777777777778,1.0,0.0,1.0,2
2026-03-15 09:28:10,8.0,549.0,54.9,89968.0,8996.8,26067.315307617188,15324.772174603944,289.79587173461914,193.67741870880127,156.53711414337158,0.875,0.375,1.0,0.875,1.0,0.0,1.0,2
2026-03-15 09:28:20,9.0,487.0,48.7,90023.0,9002.3,26529.981770833332,13194.71364693607,199.3783162434896,192.2103788587782,256.83728451199,0.8888888888888888,0.5555555555555556,1.0,0.5555555555555556,1.0,0.0,1.0,2
2026-03-15 09:28:30,8.0,515.0,51.5,105996.0,10599.6,32300.198486328125,9804.34495448342,270.6212100982666,193.57500457763672,230.08956336975098,0.75,0.25,1.0,0.375,1.0,0.0,1.0,2
2026-03-15 09:28:40,8.0,553.0,55.3,78692.0,7869.2,23240.371704101562,15773.592624718567,225.72178268432617,161.3753137588501,225.78035163879395,0.5,0.375,1.0,0.375,1.0,0.0,1.0,2
2026-03-15 09:28:50,8.0,598.0,59.8,92555.0,9255.5,26054.64483642578,11219.882635535667,209.21145725250244,132.05072402954102,196.32475996017456,0.75,0.25,1.0,0.25,1.0,0.0,1.0,2
2026-03-15 09:29:00,9.0,631.0,63.1,106435.0,10643.5,24635.29052734375,14073.420860166767,270.27762688530817,215.38309309217664,296.1314409044054,0.5555555555555556,0.2222222222222222,1.0,0.6666666666666666,1.0,0.0,1.0,2
2026-03-15 09:29:10,8.0,467.0,46.7,74037.0,7403.7,33979.053283691406,12627.805824861121,198.13903427124023,175.9556369781494,160.72788429260254,0.5,0.375,1.0,0.5,1.0,0.0,1.0,2
2026-03-15 09:29:20,8.0,447.0,44.7,94603.0,9460.3,25920.332092285156,14403.103610554972,260.31769275665283,204.66331005096436,242.30615234375,0.5,0.625,1.0,0.5,1.0,0.0,1.0,2
2026-03-15 09:29:30,9.0,527.0,52.7,83726.0,8372.6,22977.107476128473,9620.953190350227,341.8038906521267,194.02737596299914,233.87408616807727,0.6666666666666666,0.2222222222222222,1.0,0.8888888888888888,1.0,0.0,1.0,2
2026-03-15 09:29:40,8.0,545.0,54.5,84886.0,8488.6,26712.869384765625,9433.42507534368,272.2148027420044,181.0764627456665,196.39915657043457,0.625,0.5,1.0,0.5,1.0,0.0,1.0,2
2026-03-15 09:29:50,9.0,578.0,57.8,124160.0,12416.0,31913.408203125,30778.319580053576,271.0702082316081,236.14915466308594,396.6644558376736,0.6666666666666666,0.5555555555555556,1.0,0.4444444444444444,1.0,0.0,1.0,2
2026-03-15 09:30:00,8.0,719.0,71.9,327179.0,32717.9,86206.96044921875,41375.2992043247,459.1768913269043,435.4429702758789,928.1692085266113,0.375,0.0,1.0,0.25,1.0,0.0,1.0,3
2026-03-15 09:30:10,8.0,854.0,85.4,274125.0,27412.5,62845.68359375,51936.18669569633,508.8383312225342,541.608715057373,1367.7512435913086,0.375,0.0,1.0,0.125,1.0,0.0,1.0,3
2026-03-15 09:30:20,8.0,946.0,94.6,386747.0,38674.7,109050.81567382812,55478.316036028395,463.2222156524658,556.4126243591309,1270.0236015319824,0.25,0.0,1.0,0.5,1.0,0.0,1.0,3
2026-03-15 09:30:30,9.0,1015.0,101.5,347337.0,34733.7,93497.88802083333,27935.920768947333,495.51428561740454,561.370839436849,1036.123764038086,0.5555555555555556,0.0,1.0,0.1111111111111111,1.0,0.0,1.0,3
2026-03-15 09:30:40,8.0,833.0,83.3,374392.0,37439.2,119124.15869140625,33491.45424713231,567.7957954406738,604.8544921875,939.4273872375488,0.875,0.0,1.0,0.25,1.0,0.0,1.0,3
2026-03-15 09:30:50,9.0,1029.0,102.9,320788.0,32078.8,71205.41232638889,50471.541366931764,509.1071082221137,491.5781826443142,797.3421461317274,0.8888888888888888,0.0,1.0,0.3333333333333333,1.0,0.0,1.0,3
2026-03-15 09:31:00,8.0,774.0,77.4,336686.0,33668.6,120589.24926757812,55593.285924879674,534.8554725646973,484.0326728820801,965.2358436584473,0.5,0.0,1.0,0.5,1.0,0.0,1.0,3
2026-03-15 09:31:10,8.0,790.0,79.0,310693.0,31069.3,97106.3681640625,42689.541791143,475.9359874725342,432.711483001709,910.5233039855957,0.625,0.0,1.0,0.0,1.0,0.0,1.0,3
2026-03-15 09:31:20,9.0,1038.0,103.8,385130.0,38513.0,102602.04427083333,42377.44463313969,590.8732435438368,605.481691148546,1084.7001207139756,0.5555555555555556,0.0,1.0,0.3333333333333333,1.0,0.0,1.0,3
2026-03-15 09:31:30,8.0,970.0,97.0,331432.0,33143.2,114629.56298828125,44101.20787857324,530.5684242248535,651.6730003356934,986.4518127441406,0.5,0.0,1.0,0.5,1.0,0.0,1.0,3
2026-03-15 09:31:40,8.0,851.0,85.1,293882.0,29388.2,101553.248046875,56068.26972328477,587.7264175415039,542.4088897705078,1042.222225189209,0.625,0.0,1.0,0.375,1.0,0.0,1.0,3
2026-03-15 09:31:50,8.0,905.0,90.5,348723.0,34872.3,80899.04296875,44324.122845902486,409.28447341918945,517.1601066589355,917.9012870788574,0.5,0.0,1.0,0.125,1.0,0.0,1.0,3
2026-03-15 09:32:00,9.0,1249.0,124.9,340670.0,34067.0,91185.63888888889,40533.95917084866,483.751452975803,608.5265028211805,936.5510796440972,0.6666666666666666,0.0,1.0,0.3333333333333333,1.0,0.0,1.0,3
2026-03-15 09:32:10,8.0,900.0,90.0,355350.0,35535.0,89604.73754882812,49483.75923597198,400.3790283203125,417.2698402404785,787.9878540039062,0.75,0.0,1.0,0.125,1.0,0.0,1.0,3
2026-03-15 09:32:20,8.0,858.0,85.8,315399.0,31539.9,81345.17016601562,43627.04854907552,488.03441619873047,478.59408950805664,938.9434928894043,0.5,0.0,1.0,0.375,1.0,0.0,1.0,3
2026-03-15 09:32:30,9.0,1008.0,100.8,417628.0,41762.8,80790.080078125,66971.71752250797,431.4464128282335,530.107679578993,1114.088127983941,0.6666666666666666,0.0,1.0,0.2222222222222222,1.0,0.0,1.0,3
2026-03-15 09:32:40,8.0,782.0,78.2,311352.0,31135.2,101330.5107421875,58765.68785628975,486.78486251831055,638.6891860961914,1172.061611175537,0.375,0.0,1.0,0.0,1.0,0.0,1.0,3
2026-03-15 09:32:50,8.0,1028.0,102.8,319041.0,31904.1,134825.52001953125,39643.175660861554,546.4801750183105,547.7297821044922,1261.732234954834,0.75,0.0,1.0,0.375,1.0,0.0,1.0,3
2026-03-15 09:33:00,9.0,894.0,89.4,300824.0,30082.4,96508.65874565972,54856.0290228869,387.8339538574219,578.67041015625,1422.6684468587239,0.8888888888888888,0.0,1.0,0.1111111111111111,1.0,0.0,1.0,3
2026-03-15 09:33:10,8.0,969.0,96.9,342287.0,34228.7,68741.32861328125,35134.439152303625,529.054365158081,583.8020210266113,956.8163642883301,0.75,0.0,1.0,0.375,1.0,0.0,1.0,3
2026-03-15 09:33:20,9.0,1070.0,107.0,295018.0,29501.8,121714.32009548611,45661.70527642192,510.9029252794054,618.2569003634983,1240.6665920681423,0.7777777777777778,0.0,1.0,0.2222222222222222,1.0,0.0,1.0,3
2026-03-15 09:33:30,8.0,943.0,94.3,297481.0,29748.1,106013.61474609375,39661.97004536132,501.4973030090332,629.1594886779785,1160.1256561279297,0.625,0.0,1.0,0.0,1.0,0.0,1.0,3
2026-03-15 09:33:40,8.0,1053.0,105.3,373224.0,37322.4,106322.54821777344,56701.58965009615,449.2931327819824,504.07127571105957,789.6300411224365,0.125,0.0,1.0,0.375,1.0,0.0,1.0,3
2026-03-15 09:33:50,8.0,1015.0,101.5,344842.0,34484.2,111597.197265625,45582.744965638354,486.76952743530273,410.8581771850586,1418.9211349487305,0.75,0.0,1.0,0.25,1.0,0.0,1.0,3
2026-03-15 09:34:00,9.0,865.0,86.5,354021.0,35402.1,66889.17317708333,40000.84022958967,380.0771704779731,588.7212354871962,864.969957139757,0.5555555555555556,0.0,1.0,0.3333333333333333,1.0,0.0,1.0,3
2026-03-15 09:34:10,8.0,1046.0,104.6,343199.0,34319.9,118817.109375,39665.9351588375,466.7857494354248,497.3014144897461,1260.005199432373,0.625,0.0,1.0,0.375,1.0,0.0,1.0,3
2026-03-15 09:34:20,9.0,996.0,99.6,439530.0,43953.0,94362.04573567708,43996.188732272705,563.5645955403646,530.5613894992405,1116.376241048177,0.6666666666666666,0.0,1.0,0.3333333333333333,1.0,0.0,1.0,3
2026-03-15 09:34:30,8.0,1073.0,107.3,260146.0,26014.6,92560.474609375,52368.13657363071,456.73020362854004,463.3633403778076,1171.8274192810059,0.625,0.0,1.0,0.375,1.0,0.0,1.0,3
2026-03-15 09:34:40,8.0,806.0,80.6,308615.0,30861.5,79280.37322998047,41570.15987247862,507.24879455566406,434.3292636871338,1419.8012237548828,0.625,0.0,1.0,0.25,1.0,0.0,1.0,3
2026-03-15 09:34:50,9.0,1023.0,102.3,373815.0,37381.5,102477.13932291667,39880.71818877967,477.4583553738064,557.322509765625,1215.4614630805122,0.8888888888888888,0.0,1.0,0.3333333333333333,1.0,0.0,1.0,3
2026-03-15 09:35:00,8.0,1014.0,101.4,313728.0,31372.8,111568.30810546875,40646.81637916247,453.45260429382324,380.10234451293945,969.032657623291,0.625,0.0,1.0,0.5,1.0,0.0,1.0,3
2026-03-15 09:35:10,8.0,768.0,76.8,333949.0,33394.9,119992.046875,46117.16158614264,520.9200744628906,661.9915618896484,1253.0084991455078,0.5,0.0,1.0,0.375,1.0,0.0,1.0,3
2026-03-15 09:35:20,9.0,800.0,80.0,381059.0,38105.9,90390.630859375,45903.97830020761,610.7972005208334,447.02006361219617,994.0066324869791,0.7777777777777778,0.0,1.0,0.4444444444444444,1.0,0.0,1.0,3
2026-03-15 09:35:30,8.0,966.0,96.6,355984.0,35598.4,88716.2509765625,41214.25651647227,499.08522605895996,519.9045639038086,1048.6525993347168,0.25,0.0,1.0,0.375,1.0,0.0,1.0,3
2026-03-15 09:35:40,8.0,815.0,81.5,291049.0,29104.9,72061.14038085938,37146.9793167268,466.12744140625,549.0064163208008,1128.577838897705,0.75,0.0,1.0,0.125,1.0,0.0,1.0,3
2026-03-15 09:35:50,9.0,1057.0,105.7,311447.0,31144.7,76876.81423611111,48204.642376913675,511.43148125542535,565.8772023518881,1064.7635633680557,0.6666666666666666,0.0,1.0,0.2222222222222222,1.0,0.0,1.0,3
2026-03-15 09:36:00,8.0,805.0,80.5,348874.0,34887.4,98453.42041015625,41466.958609618174,542.1479110717773,612.6295108795166,1058.4645080566406,1.0,0.0,1.0,0.375,1.0,0.0,1.0,3
2026-03-15 09:36:10,8.0,881.0,88.1,378756.0,37875.6,94171.45581054688,46539.78816204073,565.6267509460449,557.0757293701172,1099.4903621673584,0.5,0.0,1.0,0.0,1.0,0.0,1.0,3
2026-03-15 09:36:20,9.0,983.0,98.3,392751.0,39275.1,57175.25732421875,38133.70400230441,427.1258324517144,561.588375515408,967.4278903537327,0.2222222222222222,0.0,1.0,0.4444444444444444,1.0,0.0,1.0,3
2026-03-15 09:36:30,8.0,857.0,85.7,365382.0,36538.2,99207.78356933594,47292.425322348354,412.58411598205566,512.4799823760986,824.7084827423096,0.625,0.0,1.0,0.5,1.0,0.0,1.0,3
2026-03-15 09:36:40,8.0,827.0,82.7,293449.0,29344.9,60963.06530761719,46048.5223347036,600.273998260498,586.0313529968262,939.4963607788086,0.625,0.0,1.0,0.5,1.0,0.0,1.0,3
2026-03-15 09:36:50,9.0,985.0,98.5,318618.0,31861.8,69189.12630208333,47646.28329656033,473.3109113905165,465.733396742079,1187.1044413248699,0.5555555555555556,0.0,1.0,0.1111111111111111,1.0,0.0,1.0,3
2026-03-15 09:37:00,8.0,931.0,93.1,320395.0,32039.5,100615.31787109375,40564.82093808053,531.1610641479492,602.5945472717285,969.26780128479,1.0,0.0,1.0,0.5,1.0,0.0,1.0,3
2026-03-15 09:37:10,8.0,909.0,90.9,339777.0,33977.7,103099.50927734375,37627.60083346092,478.05262184143066,609.4424057006836,977.7674942016602,0.875,0.0,1.0,0.5,1.0,0.0,1.0,3
2026-03-15 09:37:20,8.0,919.0,91.9,304452.0,30445.2,100217.1767578125,45726.811550713006,428.92354583740234,516.0930824279785,1105.4230422973633,0.5,0.0,1.0,0.125,1.0,0.0,1.0,3
2026-03-15 09:37:30,9.0,1000.0,100.0,368147.0,36814.7,100337.99153645833,49975.54433715317,514.8761698404948,379.44905259874133,976.3568522135416,0.6666666666666666,0.0,1.0,0.2222222222222222,1.0,0.0,1.0,3
2026-03-15 09:37:40,8.0,1054.0,105.4,396941.0,39694.1,85743.607421875,47950.75772700591,524.3019866943359,506.09810638427734,1318.1232376098633,0.5,0.0,1.0,0.375,1.0,0.0,1.0,3
2026-03-15 09:37:50,9.0,892.0,89.2,403229.0,40322.9,121977.62586805556,52295.5766321153,507.4246639675564,525.2698957655165,1114.3181711832683,0.3333333333333333,0.0,1.0,0.4444444444444444,1.0,0.0,1.0,3
2026-03-15 09:38:00,8.0,929.0,92.9,284642.0,28464.2,95581.02099609375,56825.89358693079,524.1825428009033,575.6474857330322,1260.285301208496,0.375,0.0,1.0,0.125,1.0,0.0,1.0,3
2026-03-15 09:38:10,8.0,886.0,88.6,283647.0,28364.7,77652.15435791016,53042.60968928636,470.7147731781006,510.7307376861572,1092.3805294036865,0.375,0.0,1.0,0.375,1.0,0.0,1.0,3
2026-03-15 09:38:20,9.0,996.0,99.6,376813.0,37681.3,71263.44292534722,55759.841409010456,473.79923333062067,490.6228739420573,1173.4320746527778,0.4444444444444444,0.0,1.0,0.2222222222222222,1.0,0.0,1.0,3
2026-03-15 09:38:30,8.0,757.0,75.7,350076.0,35007.6,65821.32470703125,37651.87798377367,422.21666145324707,502.3217430114746,732.9044132232666,0.625,0.0,1.0,0.25,1.0,0.0,1.0,3
2026-03-15 09:38:40,8.0,815.0,81.5,308137.0,30813.7,67285.37902832031,40070.94139752545,446.71223640441895,475.872594833374,1183.4854202270508,0.5,0.0,1.0,0.375,1.0,0.0,1.0,3
2026-03-15 09:38:50,9.0,1026.0,102.6,337732.0,33773.2,85537.92344835069,54135.76545187417,395.29678683810766,602.7409498426649,1192.1411743164062,0.5555555555555556,0.0,1.0,0.3333333333333333,1.0,0.0,1.0,3
2026-03-15 09:39:00,8.0,995.0,99.5,291034.0,29103.4,63479.757080078125,44239.13666137034,371.83386611938477,683.143856048584,1184.172306060791,0.75,0.0,1.0,0.25,1.0,0.0,1.0,3
2026-03-15 09:39:10,8.0,955.0,95.5,373279.0,37327.9,68535.83612060547,58081.662257820855,573.8538131713867,680.7204971313477,875.10888671875,0.625,0.0,1.0,0.375,1.0,0.0,1.0,3
2026-03-15 09:39:20,9.0,1051.0,105.1,398175.0,39817.5,90549.94683159722,51146.93924914605,550.7452748616537,535.9179433186849,1384.587378607856,0.5555555555555556,0.0,1.0,0.3333333333333333,1.0,0.0,1.0,3
2026-03-15 09:39:30,8.0,857.0,85.7,319287.0,31928.7,112753.541015625,46618.87150652607,379.02952766418457,542.1794509887695,973.3217792510986,1.0,0.0,1.0,0.375,1.0,0.0,1.0,3
2026-03-15 09:39:40,8.0,1089.0,108.9,306643.0,30664.3,103779.13134765625,43284.896200035626,495.15223503112793,541.4973640441895,1187.1101036071777,0.75,0.0,1.0,0.375,1.0,0.0,1.0,3
2026-03-15 09:39:50,9.0,1131.0,113.1,279066.0,27906.6,64477.18625217014,52481.06289964275,403.05762057834204,480.66544426812067,1270.6524353027344,0.3333333333333333,0.0,1.0,0.4444444444444444,1.0,0.0,1.0,3
2026-03-15 09:40:00,8.0,828.0,82.8,326762.0,32676.2,88039.08251953125,32091.589647961082,469.43947982788086,535.1679916381836,908.9285049438477,0.5,0.0,1.0,0.0,1.0,0.0,1.0,3
2026-03-15 09:40:10,8.0,924.0,92.4,264894.0,26489.4,57476.39221191406,50144.06565410439,488.31341552734375,659.2454490661621,987.4125137329102,0.875,0.0,1.0,0.5,1.0,0.0,1.0,3
2026-03-15 09:40:20,8.0,910.0,91.0,368785.0,36878.5,112242.4560546875,38386.79574049364,468.5833206176758,586.1481018066406,689.2499542236328,0.75,0.0,1.0,0.5,1.0,0.0,1.0,3
2026-03-15 09:40:30,9.0,892.0,89.2,377752.0,37775.2,101667.76215277778,42095.2585268514,436.8470747205946,535.7100541856554,1230.6934204101562,0.5555555555555556,0.0,1.0,0.2222222222222222,1.0,0.0,1.0,3
2026-03-15 09:40:40,8.0,947.0,94.7,399438.0,39943.8,73956.64794921875,58785.6990758374,422.03314208984375,463.73091888427734,890.2520217895508,0.875,0.0,1.0,0.375,1.0,0.0,1.0,3
2026-03-15 09:40:50,9.0,906.0,90.6,353527.0,35352.7,68574.78862847222,58850.672166736476,515.0618014865452,447.55163913302954,1124.784176296658,0.6666666666666666,0.0,1.0,0.1111111111111111,1.0,0.0,1.0,3
2026-03-15 09:41:00,8.0,1020.0,102.0,312923.0,31292.3,91375.77514648438,55155.819582469536,449.30304527282715,487.0557632446289,747.1765632629395,0.375,0.0,1.0,0.25,1.0,0.0,1.0,3
2026-03-15 09:41:10,8.0,1027.0,102.7,353856.0,35385.6,113236.15869140625,49359.508220739,496.8951988220215,519.5971832275391,1226.4993705749512,0.75,0.0,1.0,0.125,1.0,0.0,1.0,3
2026-03-15 09:41:20,9.0,745.0,74.5,375012.0,37501.2,73910.94721137153,54473.166436503656,511.56849500868054,532.6798875596788,1178.7339375813801,0.4444444444444444,0.0,1.0,0.5555555555555556,1.0,0.0,1.0,3
2026-03-15 09:41:30,8.0,916.0,91.6,374907.0,37490.7,92008.36596679688,46855.915539295565,515.3680095672607,421.69518280029297,1017.0503444671631,0.875,0.0,1.0,0.25,1.0,0.0,1.0,3
2026-03-15 09:41:40,8.0,960.0,96.0,345602.0,34560.2,101737.04956054688,51394.87555227731,559.3568649291992,678.6216049194336,760.3912563323975,0.75,0.0,1.0,0.125,1.0,0.0,1.0,3
2026-03-15 09:41:50,8.0,825.0,82.5,345264.0,34526.4,68295.1441040039,45399.60099155353,460.3923568725586,470.5957946777344,1262.3387832641602,0.75,0.0,1.0,0.25,1.0,0.0,1.0,3
2026-03-15 09:42:00,9.0,1103.0,110.3,402522.0,40252.2,114704.31727430556,38148.432327851144,445.92397054036456,550.0676778157552,986.4355672200521,0.3333333333333333,0.0,1.0,0.3333333333333333,1.0,0.0,1.0,3
2026-03-15 09:42:10,8.0,988.0,98.8,373692.0,37369.2,85295.28442382812,52790.26937708042,457.48401260375977,470.75819396972656,1145.0749950408936,0.625,0.0,1.0,0.125,1.0,0.0,1.0,3
2026-03-15 09:42:20,9.0,838.0,83.8,344108.0,34410.8,92564.73057725694,55655.10628874679,404.24231296115454,605.0050320095486,1208.030502319336,0.4444444444444444,0.0,1.0,0.4444444444444444,1.0,0.0,1.0,3
2026-03-15 09:42:30,8.0,953.0,95.3,310725.0,31072.5,100760.49487304688,53763.303017026425,380.94550132751465,622.9452743530273,821.878791809082,0.875,0.0,1.0,0.125,1.0,0.0,1.0,3
2026-03-15 09:42:40,8.0,877.0,87.7,362101.0,36210.1,86522.56103515625,45165.21724302,514.2997741699219,433.64106369018555,941.6675910949707,0.625,0.0,1.0,0.25,1.0,0.0,1.0,3
2026-03-15 09:42:50,8.0,1002.0,100.2,340346.0,34034.6,94814.5205078125,38331.56480242345,305.5149154663086,585.4218330383301,785.3577747344971,0.5,0.0,1.0,0.25,1.0,0.0,1.0,3
2026-03-15 09:43:00,9.0,1087.0,108.7,395451.0,39545.1,62951.004069010414,51233.99620529438,580.7639940049913,570.7638278537327,1146.791795518663,0.5555555555555556,0.0,1.0,0.0,1.0,0.0,1.0,3
2026-03-15 09:43:10,8.0,928.0,92.8,297192.0,29719.2,89443.06225585938,38284.618679776344,423.0029716491699,616.4790306091309,917.3575668334961,0.75,0.0,1.0,0.375,1.0,0.0,1.0,3
2026-03-15 09:43:20,9.0,919.0,91.9,379473.0,37947.3,100494.80967881944,47892.53685944315,526.2928568522135,501.7006191677517,781.8041144476997,0.4444444444444444,0.0,1.0,0.4444444444444444,1.0,0.0,1.0,3
2026-03-15 09:43:30,8.0,797.0,79.7,291786.0,29178.6,61532.65173339844,38462.37950745865,556.3892669677734,539.3389015197754,779.4813003540039,0.75,0.0,1.0,0.25,1.0,0.0,1.0,3
2026-03-15 09:43:40,8.0,753.0,75.3,284793.0,28479.3,102084.580078125,56502.228485262734,576.390438079834,583.8086547851562,1144.611228942871,0.25,0.0,1.0,0.375,1.0,0.0,1.0,3
2026-03-15 09:43:50,9.0,1179.0,117.9,314486.0,31448.6,59852.89377170139,39199.91293315956,459.0044131808811,513.3709513346354,681.5355546739366,0.7777777777777778,0.0,1.0,0.2222222222222222,1.0,0.0,1.0,3
2026-03-15 09:44:00,8.0,931.0,93.1,259491.0,25949.1,46410.87158203125,32379.814904903706,428.06164932250977,499.4705810546875,802.9271297454834,0.5,0.0,1.0,0.375,1.0,0.0,1.0,3
2026-03-15 09:44:10,8.0,801.0,80.1,322667.0,32266.7,121073.03369140625,49832.324989337285,548.940601348877,647.4587917327881,964.1751899719238,0.625,0.0,1.0,0.125,1.0,0.0,1.0,3
2026-03-15 09:44:20,9.0,398.0,39.8,152837.0,15283.7,37804.03786892361,53534.99265606968,213.47829945882162,204.63341734144421,3641.7034606933594,0.5555555555555556,0.0,1.0,0.8888888888888888,1.0,0.0,1.0,4
2026-03-15 09:44:30,8.0,71.0,7.1,5512.0,551.2,2326.2720642089844,1147.2685468052266,64.47923517227173,65.22246503829956,4993.5003662109375,0.625,0.0,1.0,1.0,1.0,0.0,1.0,4
2026-03-15 09:44:40,8.0,81.0,8.1,5342.0,534.2,1931.742935180664,1087.3247419638017,75.8322925567627,57.72359895706177,5021.519836425781,0.75,0.0,1.0,1.0,1.0,0.0,1.0,4
2026-03-15 09:44:50,9.0,89.0,8.9,5524.0,552.4,2214.086229112413,810.4999070800947,78.9635255601671,60.62529966566298,4964.551540798611,0.5555555555555556,0.0,1.0,1.0,1.0,0.0,1.0,4
2026-03-15 09:45:00,8.0,77.0,7.7,4622.0,462.2,2461.3341674804688,690.2661954870679,72.83213758468628,63.59002113342285,5004.5189208984375,0.875,0.0,1.0,1.0,1.0,0.0,1.0,4
2026-03-15 09:45:10,8.0,71.0,7.1,4963.0,496.3,2437.9119415283203,1031.889187643872,74.9328145980835,61.32940912246704,5023.003112792969,0.625,0.0,1.0,1.0,1.0,0.0,1.0,4
2026-03-15 09:45:20,8.0,87.0,8.7,5522.0,552.2,2108.6145935058594,911.7741578811504,70.47386837005615,60.35782194137573,5005.222473144531,0.25,0.0,1.0,1.0,1.0,0.0,1.0,4
2026-03-15 09:45:30,9.0,81.0,8.1,6330.0,633.0,2301.393120659722,950.602282910935,75.90525733100043,62.83121193779839,4978.330295138889,0.3333333333333333,0.0,1.0,1.0,1.0,0.0,1.0,4
2026-03-15 09:45:40,8.0,76.0,7.6,4819.0,481.9,2612.7664184570312,768.0904656051166,74.18753576278687,63.959819316864014,5045.099060058594,0.125,0.0,1.0,1.0,1.0,0.0,1.0,4
2026-03-15 09:45:50,8.0,76.0,7.6,5392.0,539.2,2373.352981567383,839.3306459841727,61.83842945098877,53.582478523254395,4940.159606933594,0.5,0.0,1.0,1.0,1.0,0.0,1.0,4
2026-03-15 09:46:00,9.0,87.0,8.7,5744.0,574.4,2138.7208387586807,573.5121233617775,74.59858067830403,59.943108028835724,4988.620822482639,0.6666666666666666,0.0,1.0,1.0,1.0,0.0,1.0,4
2026-03-15 09:46:10,8.0,75.0,7.5,4693.0,469.3,2726.5782928466797,1125.145477749949,76.69456768035889,67.90245962142944,4898.8360595703125,0.5,0.0,1.0,1.0,1.0,0.0,1.0,4
2026-03-15 09:46:20,9.0,85.0,8.5,5963.0,596.3,2849.384670681424,749.0030452448385,68.41341781616211,61.96283849080404,4940.872504340277,0.5555555555555556,0.0,1.0,1.0,1.0,0.0,1.0,4
2026-03-15 09:46:30,8.0,76.0,7.6,6023.0,602.3,2488.0067443847656,1078.7121621082808,71.36589479446411,62.06029224395752,5044.680603027344,0.5,0.0,1.0,1.0,1.0,0.0,1.0,4
2026-03-15 09:46:40,8.0,71.0,7.1,5169.0,516.9,2490.3223876953125,1082.4753941035378,71.82593202590942,61.01068639755249,5019.6224365234375,0.5,0.0,1.0,1.0,1.0,0.0,1.0,4
2026-03-15 09:46:50,8.0,81.0,8.1,5416.0,541.6,2122.9844512939453,959.1413510361205,64.97116708755493,59.80693197250366,5010.7813720703125,0.25,0.0,1.0,1.0,1.0,0.0,1.0,4
2026-03-15 09:47:00,9.0,86.0,8.6,5971.0,597.1,2235.2288411458335,692.6027158699612,67.01789177788629,63.166476779513886,4986.494086371527,0.4444444444444444,0.0,1.0,1.0,1.0,0.0,1.0,4
2026-03-15 09:47:10,8.0,72.0,7.2,5498.0,549.8,1905.154052734375,1071.0964810307987,71.25138998031616,57.781113624572754,4947.003479003906,0.625,0.0,1.0,1.0,1.0,0.0,1.0,4
2026-03-15 09:47:20,8.0,76.0,7.6,4959.0,495.9,2546.8877029418945,1057.0205700488718,72.29053592681885,60.415175437927246,5002.765563964844,0.375,0.0,1.0,1.0,1.0,0.0,1.0,4
2026-03-15 09:47:30,9.0,82.0,8.2,5380.0,538.0,2848.7296006944443,1109.9011212605565,70.12194527520074,64.59665298461914,4972.157660590277,0.5555555555555556,0.0,1.0,1.0,1.0,0.0,1.0,4
2026-03-15 09:47:40,8.0,73.0,7.3,5383.0,538.3,2428.5563049316406,799.3170966085361,67.19493389129639,69.60476684570312,4984.004577636719,0.5,0.0,1.0,1.0,1.0,0.0,1.0,4
2026-03-15 09:47:50,8.0,82.0,8.2,4583.0,458.3,2046.4887237548828,762.7607470545554,72.71285629272461,54.942214012145996,4984.798767089844,0.375,0.0,1.0,1.0,1.0,0.0,1.0,4
2026-03-15 09:48:00,9.0,84.0,8.4,5619.0,561.9,2782.513658311632,746.2523285608617,75.15775044759114,55.731942070855034,5012.939019097223,0.3333333333333333,0.0,1.0,1.0,1.0,0.0,1.0,4
2026-03-15 09:48:10,8.0,81.0,8.1,5049.0,504.9,2662.6758880615234,651.2093590271783,69.49582719802856,60.27979564666748,4981.602600097656,0.625,0.0,1.0,1.0,1.0,0.0,1.0,4
2026-03-15 09:48:20,8.0,67.0,6.7,5832.0,583.2,2627.3563842773438,966.9816855360006,75.77549028396606,56.76234817504883,4946.253356933594,0.375,0.0,1.0,1.0,1.0,0.0,1.0,4
2026-03-15 09:48:30,9.0,85.0,8.5,6380.0,638.0,2724.562215169271,781.4924942820202,67.9541876051161,68.28421698676215,5047.722764756944,0.8888888888888888,0.0,1.0,1.0,1.0,0.0,1.0,4
2026-03-15 09:48:40,8.0,78.0,7.8,5500.0,550.0,2194.208183288574,947.9390036792481,74.83771657943726,61.156432151794434,5018.797119140625,0.125,0.0,1.0,1.0,1.0,0.0,1.0,4
2026-03-15 09:48:50,9.0,83.0,8.3,5852.0,585.2,2335.490926106771,787.1334325668095,71.77078840467665,59.634496476915146,4967.901095920139,0.4444444444444444,0.0,1.0,1.0,1.0,0.0,1.0,4
2026-03-15 09:49:00,8.0,76.0,7.6,5639.0,563.9,1678.5592880249023,808.92201443341,66.60897302627563,62.56600475311279,4975.0341796875,0.25,0.0,1.0,1.0,1.0,0.0,1.0,4
2026-03-15 09:49:10,8.0,72.0,7.2,5521.0,552.1,2551.0655670166016,1003.7336312928304,63.347511768341064,54.806405544281006,4972.305236816406,0.75,0.0,1.0,1.0,1.0,0.0,1.0,4
2026-03-15 09:49:20,9.0,86.0,8.6,6244.0,624.4,2722.953314887153,661.4521587630886,70.53503629896376,64.17784542507596,5022.035590277777,0.5555555555555556,0.0,1.0,1.0,1.0,0.0,1.0,4
2026-03-15 09:49:30,8.0,74.0,7.4,5377.0,537.7,2634.1506576538086,967.3748997876938,70.53974866867065,51.630852699279785,5062.333435058594,0.5,0.0,1.0,1.0,1.0,0.0,1.0,4
2026-03-15 09:49:40,8.0,78.0,7.8,5526.0,552.6,2397.304489135742,999.1190746686635,69.13752317428589,63.06534481048584,5065.319519042969,0.375,0.0,1.0,1.0,1.0,0.0,1.0,4
2026-03-15 09:49:50,9.0,85.0,8.5,6072.0,607.2,2144.6778361002603,782.7723330320764,75.19034576416016,63.923745473225914,5029.257595486111,0.1111111111111111,0.0,1.0,1.0,1.0,0.0,1.0,4
2026-03-15 09:50:00,8.0,73.0,7.3,5217.0,521.7,2533.5760803222656,648.2539610103943,66.38341188430786,61.66858434677124,5020.967102050781,0.75,0.0,1.0,1.0,1.0,0.0,1.0,4
2026-03-15 09:50:10,8.0,77.0,7.7,5380.0,538.0,2402.8289184570312,844.1798770151838,68.44470167160034,65.37658596038818,5054.623718261719,0.875,0.0,1.0,1.0,1.0,0.0,1.0,4
2026-03-15 09:50:20,8.0,76.0,7.6,5412.0,541.2,2883.41015625,551.3615330697168,70.93537902832031,58.940080642700195,4968.1051025390625,0.375,0.0,1.0,1.0,1.0,0.0,1.0,4
2026-03-15 09:50:30,9.0,80.0,8.0,6460.0,646.0,2428.620551215278,974.5963802496283,71.45184241400824,57.26427925957574,5017.016872829861,0.3333333333333333,0.0,1.0,1.0,1.0,0.0,1.0,4
2026-03-15 09:50:40,8.0,79.0,7.9,4738.0,473.8,2817.038330078125,1106.3956627414148,70.13596391677856,60.5878849029541,5035.83447265625,0.625,0.0,1.0,1.0,1.0,0.0,1.0,4
2026-03-15 09:50:50,9.0,88.0,8.8,6448.0,644.8,2673.9724392361113,801.2866045658403,70.92554177178278,66.82008531358507,5034.157335069444,0.4444444444444444,0.0,1.0,1.0,1.0,0.0,1.0,4
2026-03-15 09:51:00,8.0,79.0,7.9,5258.0,525.8,2548.6912841796875,953.3578413144836,71.16133689880371,65.32476949691772,5034.604187011719,0.625,0.0,1.0,1.0,1.0,0.0,1.0,4
2026-03-15 09:51:10,8.0,71.0,7.1,5155.0,515.5,2892.570266723633,925.7786473514412,62.80629062652588,62.305644035339355,4949.41064453125,0.875,0.0,1.0,1.0,1.0,0.0,1.0,4
2026-03-15 09:51:20,9.0,89.0,8.9,5697.0,569.7,2207.1242065429688,1083.7750096039158,70.01344596015082,57.73503621419271,4975.168565538194,0.7777777777777778,0.0,1.0,1.0,1.0,0.0,1.0,4
2026-03-15 09:51:30,8.0,75.0,7.5,5420.0,542.0,2769.1353302001953,857.1653312852028,68.61494302749634,62.09722661972046,4935.849182128906,0.125,0.0,1.0,1.0,1.0,0.0,1.0,4
2026-03-15 09:51:40,8.0,80.0,8.0,5721.0,572.1,1548.8934326171875,442.3821042074045,67.66152429580688,61.22918081283569,5002.228271484375,0.625,0.0,1.0,1.0,1.0,0.0,1.0,4
2026-03-15 09:51:50,8.0,74.0,7.4,4580.0,458.0,3019.7195739746094,616.6479400421262,74.09535074234009,57.05906581878662,4983.406005859375,0.625,0.0,1.0,1.0,1.0,0.0,1.0,4
2026-03-15 09:52:00,9.0,82.0,8.2,6329.0,632.9,1835.5164727105034,971.0925083065775,77.81845940483942,57.02632183498807,4984.511990017361,0.4444444444444444,0.0,1.0,1.0,1.0,0.0,1.0,4
2026-03-15 09:52:10,8.0,81.0,8.1,5538.0,553.8,1997.645896911621,871.8691089907368,69.96359634399414,50.02518653869629,4996.133239746094,0.75,0.0,1.0,1.0,1.0,0.0,1.0,4
2026-03-15 09:52:20,8.0,77.0,7.7,4556.0,455.6,2043.8437271118164,990.5486904769277,68.51164197921753,55.614638805389404,4955.341064453125,0.625,0.0,1.0,1.0,1.0,0.0,1.0,4
2026-03-15 09:52:30,9.0,84.0,8.4,5934.0,593.4,2463.310791015625,741.8990657779773,77.58677503797743,62.699333614773224,5003.965223524306,0.5555555555555556,0.0,1.0,1.0,1.0,0.0,1.0,4
2026-03-15 09:52:40,8.0,76.0,7.6,4685.0,468.5,2618.2002563476562,864.7406252734878,67.36746168136597,64.18926906585693,5031.0521240234375,0.625,0.0,1.0,1.0,1.0,0.0,1.0,4
2026-03-15 09:52:50,8.0,79.0,7.9,5185.0,518.5,2111.5318145751953,1187.7459758926611,70.29348087310791,63.204200744628906,4982.400390625,0.625,0.0,1.0,1.0,1.0,0.0,1.0,4
2026-03-15 09:53:00,9.0,86.0,8.6,5506.0,550.6,2712.2676662868926,927.894103226937,65.09088049994574,62.52766206529405,5034.08349609375,0.3333333333333333,0.0,1.0,1.0,1.0,0.0,1.0,4
2026-03-15 09:53:10,8.0,78.0,7.8,4940.0,494.0,2305.8716430664062,840.8138417645863,71.57314109802246,55.021512031555176,5020.7183837890625,0.625,0.0,1.0,1.0,1.0,0.0,1.0,4
2026-03-15 09:53:20,8.0,77.0,7.7,4978.0,497.8,2229.9810638427734,1022.9523578160021,75.46648597717285,52.715354919433594,5021.5400390625,0.375,0.0,1.0,1.0,1.0,0.0,1.0,4
2026-03-15 09:53:30,9.0,85.0,8.5,6232.0,623.2,2167.6344943576387,929.8719062202146,74.18062167697482,62.533237881130646,4996.741644965277,0.2222222222222222,0.0,1.0,1.0,1.0,0.0,1.0,4
2026-03-15 09:53:40,8.0,75.0,7.5,4944.0,494.4,2151.2168731689453,760.7637035708497,70.62943935394287,63.053565979003906,5043.2049560546875,0.75,0.0,1.0,1.0,1.0,0.0,1.0,4
2026-03-15 09:53:50,8.0,73.0,7.3,5488.0,548.8,2598.6681213378906,982.7180731084875,73.9765453338623,53.02844572067261,5031.014709472656,0.625,0.0,1.0,1.0,1.0,0.0,1.0,4
2026-03-15 09:54:00,9.0,83.0,8.3,6259.0,625.9,2006.6541476779514,930.9257551506056,72.1556905110677,58.4396849738227,4982.667154947917,0.4444444444444444,0.0,1.0,1.0,1.0,0.0,1.0,4
2026-03-15 09:54:10,8.0,79.0,7.9,5086.0,508.6,2311.6675872802734,691.5439283040222,68.29895544052124,59.217116355895996,5032.3486328125,0.5,0.0,1.0,1.0,1.0,0.0,1.0,4
2026-03-15 09:54:20,8.0,80.0,8.0,5977.0,597.7,2191.6940002441406,593.0220652167305,66.50421190261841,57.8202428817749,5041.680847167969,0.5,0.0,1.0,1.0,1.0,0.0,1.0,4
2026-03-15 09:54:30,9.0,84.0,8.4,6022.0,602.2,1985.367628309462,831.3027453949495,65.7257809109158,66.16180631849501,4960.3369140625,0.4444444444444444,0.0,1.0,1.0,1.0,0.0,1.0,4
2026-03-15 09:54:40,8.0,77.0,7.7,5272.0,527.2,2469.8102798461914,989.2102613978816,74.26471900939941,63.55252170562744,4987.5919189453125,0.625,0.0,1.0,1.0,1.0,0.0,1.0,4
2026-03-15 09:54:50,9.0,91.0,9.1,6153.0,615.3,2556.1024712456597,495.74539552015915,73.57611507839627,56.719017028808594,5034.388834635417,0.7777777777777778,0.0,1.0,1.0,1.0,0.0,1.0,4
2026-03-15 09:55:00,8.0,80.0,8.0,5336.0,533.6,2638.577850341797,923.0913948309418,72.96157884597778,53.67252969741821,4979.005920410156,0.875,0.0,1.0,1.0,1.0,0.0,1.0,4
2026-03-15 09:55:10,8.0,83.0,8.3,5727.0,572.7,1652.9926834106445,668.8899623732823,74.74422550201416,58.19293546676636,4997.179016113281,0.375,0.0,1.0,1.0,1.0,0.0,1.0,4
2026-03-15 09:55:20,9.0,81.0,8.1,6027.0,602.7,2035.9466756184895,914.4811538341073,71.01615354749892,58.90211656358507,4978.53076171875,0.6666666666666666,0.0,1.0,1.0,1.0,0.0,1.0,4
2026-03-15 09:55:30,8.0,76.0,7.6,4941.0,494.1,2181.9058990478516,658.0200309917835,67.16577196121216,60.16712188720703,5001.7557373046875,0.5,0.0,1.0,1.0,1.0,0.0,1.0,4
2026-03-15 09:55:40,8.0,78.0,7.8,4989.0,498.9,2314.7745513916016,725.6985581551676,60.60527944564819,58.066144943237305,4983.9283447265625,0.625,0.0,1.0,1.0,1.0,0.0,1.0,4
2026-03-15 09:55:50,9.0,86.0,8.6,6313.0,631.3,2570.507134331597,756.2589923081094,68.22311486138238,55.572610219319664,5019.308756510417,0.4444444444444444,0.0,1.0,1.0,1.0,0.0,1.0,4
2026-03-15 09:56:00,8.0,79.0,7.9,5086.0,508.6,2686.9512329101562,689.7793762560342,65.92873573303223,59.47669696807861,5012.962707519531,0.5,0.0,1.0,1.0,1.0,0.0,1.0,4
2026-03-15 09:56:10,8.0,78.0,7.8,4880.0,488.0,2829.6525268554688,996.6920897132625,61.40186309814453,63.41143226623535,4964.460632324219,0.625,0.0,1.0,1.0,1.0,0.0,1.0,4
2026-03-15 09:56:20,9.0,83.0,8.3,5878.0,587.8,2573.5553521050347,756.0379782500071,74.71013344658746,60.12023713853624,5065.984809027777,0.8888888888888888,0.0,1.0,1.0,1.0,0.0,1.0,4
2026-03-15 09:56:30,8.0,76.0,7.6,5208.0,520.8,2283.7127990722656,558.2271478626366,72.16826629638672,60.749207496643066,4986.35400390625,0.25,0.0,1.0,1.0,1.0,0.0,1.0,4
2026-03-15 09:56:40,8.0,76.0,7.6,5693.0,569.3,2883.740509033203,760.0753470609294,66.3506851196289,64.12429141998291,5036.278991699219,0.75,0.0,1.0,1.0,1.0,0.0,1.0,4
2026-03-15 09:56:50,8.0,72.0,7.2,4653.0,465.3,1974.145378112793,541.623427066755,72.71695947647095,52.36769771575928,5042.6431884765625,0.125,0.0,1.0,1.0,1.0,0.0,1.0,4
2026-03-15 09:57:00,9.0,85.0,8.5,5439.0,543.9,2813.096910264757,707.6535656228175,76.42643441094293,57.41364500257704,5001.081000434027,0.4444444444444444,0.0,1.0,1.0,1.0,0.0,1.0,4
2026-03-15 09:57:10,8.0,77.0,7.7,5628.0,562.8,2032.7515411376953,678.4438787213804,76.09258270263672,62.79317808151245,5030.41357421875,0.625,0.0,1.0,1.0,1.0,0.0,1.0,4
2026-03-15 09:57:20,9.0,87.0,8.7,6204.0,620.4,2670.925767686632,820.4834306481163,59.72063700358073,62.79030312432183,5050.126736111111,0.5555555555555556,0.0,1.0,1.0,1.0,0.0,1.0,4
2026-03-15 09:57:30,8.0,79.0,7.9,4937.0,493.7,2196.0054931640625,690.8672770651764,71.93068027496338,54.552109718322754,5056.5653076171875,0.375,0.0,1.0,1.0,1.0,0.0,1.0,4
2026-03-15 09:57:40,8.0,83.0,8.3,5060.0,506.0,1985.2792205810547,800.4887683755444,70.63546371459961,57.43812561035156,5049.042053222656,0.25,0.0,1.0,1.0,1.0,0.0,1.0,4
2026-03-15 09:57:50,8.0,75.0,7.5,5090.0,509.0,2487.728790283203,887.5321875540981,61.35644817352295,57.01668643951416,4934.4356689453125,0.5,0.0,1.0,1.0,1.0,0.0,1.0,4
2026-03-15 09:58:00,9.0,91.0,9.1,5626.0,562.6,2540.6985066731772,1024.4190060933806,68.94104809231229,58.741571214463974,5029.569173177083,0.3333333333333333,0.0,1.0,1.0,1.0,0.0,1.0,4
2026-03-15 09:58:10,8.0,77.0,7.7,5304.0,530.4,2179.5743255615234,664.0541355671172,65.31504726409912,62.73785877227783,4943.0640869140625,0.5,0.0,1.0,1.0,1.0,0.0,1.0,4
2026-03-15 09:58:20,9.0,84.0,8.4,5856.0,585.6,2656.320515950521,915.9961628798825,67.2722396850586,51.06456502278646,4964.569118923611,0.8888888888888888,0.0,1.0,1.0,1.0,0.0,1.0,4
2026-03-15 09:58:30,8.0,77.0,7.7,4767.0,476.7,2341.0109100341797,707.9304797742878,72.94747495651245,56.36669206619263,5097.1719970703125,0.375,0.0,1.0,1.0,1.0,0.0,1.0,4
2026-03-15 09:58:40,8.0,75.0,7.5,5242.0,524.2,2456.8980255126953,735.7905603661515,71.6823239326477,70.49808883666992,4948.8814697265625,0.5,0.0,1.0,1.0,1.0,0.0,1.0,4
2026-03-15 09:58:50,9.0,84.0,8.4,5879.0,587.9,2273.7838338216147,975.1412380606046,71.91977649264865,55.95003339979384,5029.98193359375,0.5555555555555556,0.0,1.0,1.0,1.0,0.0,1.0,4
2026-03-15 09:59:00,8.0,78.0,7.8,4851.0,485.1,2744.189224243164,949.7203047124243,66.03575944900513,55.895938873291016,5014.605407714844,0.625,0.0,1.0,1.0,1.0,0.0,1.0,4
2026-03-15 09:59:10,8.0,71.0,7.1,5364.0,536.4,2802.7557525634766,572.9429424994518,73.97128343582153,55.07484579086304,5035.925964355469,0.625,0.0,1.0,1.0,1.0,0.0,1.0,4
2026-03-15 09:59:20,9.0,86.0,8.6,5038.0,503.8,2918.6661783854165,595.9315717598205,73.01875729031033,60.821085611979164,5020.591254340277,0.4444444444444444,0.0,1.0,1.0,1.0,0.0,1.0,4
2026-03-15 09:59:30,8.0,78.0,7.8,5483.0,548.3,2650.272735595703,855.1642116171063,72.48075342178345,58.88562726974487,4978.334899902344,0.75,0.0,1.0,1.0,1.0,0.0,1.0,4
2026-03-15 09:59:40,8.0,76.0,7.6,4918.0,491.8,1873.1663665771484,810.2437584239278,76.5871787071228,62.858595848083496,5014.361572265625,0.5,0.0,1.0,1.0,1.0,0.0,1.0,4
2026-03-15 09:59:50,8.0,80.0,8.0,5475.0,547.5,2137.835739135742,630.577063258628,69.94794464111328,57.69841146469116,5067.9808349609375,0.5,0.0,1.0,1.0,1.0,0.0,1.0,4
