timestamp,dst_port,protocol,flow_duration,tot_fwd_pkts,tot_bwd_pkts,tot_fwd_bytes,tot_bwd_bytes,fwd_pkt_len_mean,bwd_pkt_len_mean,flow_iat_mean,syn_flag_cnt,rst_flag_cnt,psh_flag_cnt,ack_flag_cnt,fin_flag_cnt,label,is_synthetic
2026-03-15 08:00:00.164373629,80,6,114050.09863438588,4,17,1377,7747,319.2539867201621,807.1257330531558,12826.794865455257,1,0,1,1,0,Benign,True
2026-03-15 08:00:01.163327063,80,17,125407.41120593749,14,4,5789,1068,127.59080517916702,998.5530640435952,11183.355957190319,1,1,1,1,0,Benign,True
2026-03-15 08:00:02.615158751,80,6,174281.62904200962,21,23,1340,10951,557.3329725670857,258.1623800133351,5592.463792534758,0,0,0,1,1,Benign,True
2026-03-15 08:00:03.718420817,80,6,182511.41690545215,5,9,5957,3457,278.4852725782389,576.7840806349278,183.43163907718548,1,1,1,1,0,Benign,True
2026-03-15 08:00:04.556506408,53,6,53599.282763620344,4,13,4091,10804,345.2194576161417,1027.9348394466435,3456.1103102242187,0,0,0,1,0,Benign,True
2026-03-15 08:00:06.285373410,53,6,177417.78488648598,19,19,7055,6166,126.52823656744256,517.6169069655662,5052.985495225975,1,0,0,1,0,Benign,True
2026-03-15 08:00:07.356683821,443,17,10543.996324175474,23,13,250,611,494.0894500299504,656.7521367594327,9425.064981917098,0,0,1,1,0,Benign,True
2026-03-15 08:00:08.571638583,80,17,114754.47511867214,17,3,7547,1617,488.21113763021407,620.4349318225148,3698.475938482431,0,0,0,1,0,Benign,True
2026-03-15 08:00:09.376868179,80,6,194506.2058148067,15,22,3090,6544,341.0209635157916,787.7153654084409,2180.081508215111,0,0,1,1,1,Benign,True
2026-03-15 08:00:10.770231562,80,6,193365.2665073044,7,29,168,2112,245.91973070618187,744.3664758531748,1364.0833627635213,0,0,1,1,0,Benign,True
2026-03-15 08:00:11.922478814,53,6,26796.508048557676,10,16,6925,7066,71.32688942569202,475.39822272262927,10334.784007229175,0,0,0,1,0,Benign,True
2026-03-15 08:00:13.456058993,80,17,107192.98167949017,2,4,958,4454,399.0663049245521,886.631885258194,4025.4888401547355,0,0,1,1,0,Benign,True
2026-03-15 08:00:14.486319072,80,17,38266.618660513544,12,22,1380,11770,398.49589894061967,757.7737705881615,9787.427088981698,1,0,1,1,0,Benign,True
2026-03-15 08:00:15.793656967,80,6,144331.9516834289,6,11,7486,4388,276.6095589642479,170.61461100802865,6824.079473332612,0,0,1,1,0,Benign,True
2026-03-15 08:00:16.766048519,22,6,114322.3339296723,9,9,7148,12765,377.38991885396234,584.633133387713,5250.885756697784,0,1,0,1,0,Benign,True
2026-03-15 08:00:17.836343233,8080,6,85396.02162591944,7,29,4282,10660,241.14329155793135,483.51270616246376,6518.87417868643,0,0,1,1,0,Benign,True
2026-03-15 08:00:19.232750872,80,17,144031.99196324006,18,4,2210,10674,382.13145854828423,1017.3578911960469,2127.477446318275,0,0,0,1,0,Benign,True
2026-03-15 08:00:20.138290353,8080,6,30168.521599807646,24,14,7722,14848,323.315207517924,628.0891594991832,8426.024397490104,0,0,1,1,0,Benign,True
2026-03-15 08:00:21.796578703,22,17,169287.07418710724,2,16,403,7448,253.91359303920535,742.5041039753012,3790.4022102834188,0,0,1,1,0,Benign,True
2026-03-15 08:00:22.878998639,8080,6,89208.66657313344,23,7,2315,8562,121.72398459775236,641.1140575831813,1790.1295193533924,0,0,0,1,0,Benign,True
2026-03-15 08:00:24.154852644,22,6,163790.53132343644,13,24,1921,6688,82.05005315458692,539.6524860965027,10063.628317416473,1,0,1,1,0,Benign,True
2026-03-15 08:00:25.112715580,443,17,158441.78496287455,5,5,4111,1549,565.0348997076934,1158.4143550274612,9282.233644877171,0,0,0,1,0,Benign,True
2026-03-15 08:00:26.682418814,443,6,183995.5943647736,22,29,5259,12419,310.0279622086494,339.6743374954247,13285.24338144878,0,0,1,1,0,Benign,True
2026-03-15 08:00:27.835872672,80,6,15388.611418277696,5,24,3838,752,55.719206671815904,585.8999569733738,3397.240216241712,0,0,0,1,0,Benign,True
2026-03-15 08:00:28.967030098,8080,17,150109.4712194013,17,13,615,5980,190.31588205832017,504.082392347713,1390.9239652002186,1,0,1,1,1,Benign,True
2026-03-15 08:00:29.816783224,8080,6,178210.46765210087,13,21,7224,13942,548.3691495469775,1189.7739777297195,2061.9836053536474,1,0,1,1,0,Benign,True
2026-03-15 08:00:31.180032602,22,6,100165.28798250858,6,25,4243,9137,444.6161405066149,161.30856716547333,10427.156904815993,1,0,1,1,0,Benign,True
2026-03-15 08:00:32.126282259,80,6,190430.32386136832,22,5,1240,10439,323.26541407165445,665.9092382889116,10626.696807150254,0,0,0,1,0,Benign,True
2026-03-15 08:00:33.392573695,443,6,119716.26455626116,4,11,1596,12778,364.26461415798786,519.475612244109,3822.3876374120873,0,1,1,1,0,Benign,True
2026-03-15 08:00:34.909829371,22,6,76119.89063096538,8,13,4557,5186,124.51506298445918,873.7425041910217,13108.160616865995,1,0,0,1,0,Benign,True
2026-03-15 08:00:36.146857293,22,6,145546.6043096367,23,15,4034,11146,472.6212309744623,1107.9669579140007,11471.914734185097,0,0,0,1,0,Benign,True
2026-03-15 08:00:37.480505839,8080,6,101839.18576826746,21,14,4593,5353,398.0679145632962,652.8584576278805,2022.8289511840223,1,0,0,1,0,Benign,True
2026-03-15 08:00:38.295495214,80,6,176292.48146487493,18,9,555,4818,434.13793553139976,384.1005002291298,3146.673849708094,0,0,0,1,0,Benign,True
2026-03-15 08:00:39.522275823,22,6,174461.97781291517,10,20,3542,11346,137.06300592573513,1060.2449235678982,4208.2158359098485,0,1,0,1,0,Benign,True
2026-03-15 08:00:40.781733486,22,6,27103.166433508417,9,11,4868,1186,484.1910895560077,237.2843651539905,8397.319312305139,1,0,0,1,0,Benign,True
2026-03-15 08:00:41.813682815,8080,6,39338.998523959206,4,22,5140,14440,156.90307383947936,799.9705934104272,3256.3334757318194,0,0,0,1,1,Benign,True
2026-03-15 08:00:42.977952903,22,6,90230.00113855694,5,10,1742,1968,426.9057812970139,449.01223730636207,7964.522809826392,0,0,0,1,0,Benign,True
2026-03-15 08:00:44.385422955,22,17,79301.76387942632,4,14,7429,2219,270.2457572237789,563.4499764524868,1725.4404587945517,1,0,0,1,0,Benign,True
2026-03-15 08:00:45.436145609,22,6,115215.50079291649,21,22,4034,10550,509.2686310110779,986.5941562254683,3461.577143054478,0,0,0,1,0,Benign,True
2026-03-15 08:00:46.901888396,22,6,59415.04471527781,3,9,7398,7464,193.18761557483853,820.7166146584675,11226.28364362268,0,0,1,1,0,Benign,True
2026-03-15 08:00:47.962291151,80,17,143167.24267967505,18,21,2242,825,518.9745340096649,344.45581754858046,11066.098781818677,1,0,0,1,0,Benign,True
2026-03-15 08:00:49.399606917,53,6,113903.26356945583,15,4,207,872,482.5761254566559,542.9362909581046,3777.512070374997,0,0,0,1,1,Benign,True
2026-03-15 08:00:50.520159061,80,6,177756.50147457374,24,27,2148,404,51.50409933576057,1189.861665849742,3988.991021158689,0,0,0,1,1,Benign,True
2026-03-15 08:00:51.487419984,8080,17,88674.43904803878,7,14,1591,5736,368.37545792827984,1102.9202775210006,4972.137803074307,0,0,1,1,0,Benign,True
2026-03-15 08:00:52.999355880,443,6,117957.31563767875,3,26,4666,11453,123.12810903542749,264.4822469514823,11306.393297801571,0,0,1,1,0,Benign,True
2026-03-15 08:00:54.182858614,8080,17,61140.071607874066,3,29,2043,6840,64.8961868043731,310.3267853916192,5202.282835961381,1,0,0,1,0,Benign,True
2026-03-15 08:00:55.132487027,443,17,198480.44363074086,8,9,5681,11573,291.2645624114058,255.6667643968882,1931.8753803916068,0,0,1,1,1,Benign,True
2026-03-15 08:00:56.272996862,80,17,184636.9013377517,18,16,5393,4030,513.6400693374612,100.50410655308565,8436.689724347112,1,0,1,1,0,Benign,True
2026-03-15 08:00:57.709497302,22,6,32405.554577752046,3,5,3140,6663,120.96780447099816,1057.9995933654354,3522.9997465306265,0,0,0,1,1,Benign,True
2026-03-15 08:00:58.583851490,22,6,138221.0866405608,18,17,6138,7625,385.2834691918354,1084.110229070769,10519.754397842233,0,0,1,1,0,Benign,True
2026-03-15 08:00:59.819944921,80,6,151644.0683854465,12,13,7755,406,499.61204039798906,746.005142647813,11265.046622254034,0,0,0,1,0,Benign,True
2026-03-15 08:01:00.904417361,22,6,172837.78808944236,9,15,5446,3961,428.06611771157253,555.6732363869173,12069.908047998222,1,0,0,1,0,Benign,True
2026-03-15 08:01:02.572154626,80,17,3976.2980170234064,11,25,1048,14976,129.52315450930922,894.6613734308268,1673.5113839317146,1,0,0,1,0,Benign,True
2026-03-15 08:01:03.698910513,443,6,51695.04081473913,11,15,1450,1851,591.7657170122995,202.938602539749,6237.696306963985,1,0,0,1,1,Benign,True
2026-03-15 08:01:04.923099227,443,17,85868.78723774498,2,18,248,3164,399.41540554036374,724.6362634922161,3103.6837118492103,0,0,0,1,1,Benign,True
2026-03-15 08:01:06.168437418,22,6,158597.14276720272,12,8,3995,2006,433.37176098459935,965.0262623308848,5851.899650927441,0,0,0,1,0,Benign,True
2026-03-15 08:01:07.175349465,80,6,14863.155344623397,4,9,351,14089,214.37433679044716,813.1510492335303,14839.605210364358,0,0,1,1,0,Benign,True
2026-03-15 08:01:08.441244717,22,6,191778.882214368,14,23,2116,6478,226.16910425821862,1067.2259437703583,2123.2088018362474,1,0,1,1,1,Benign,True
2026-03-15 08:01:09.383878198,80,6,169031.1648207439,6,1,3034,3828,325.60906211792616,555.9983148584662,10277.47803387699,0,0,1,1,0,Benign,True
2026-03-15 08:01:10.568718044,443,6,132276.12729384942,5,26,4021,8988,501.711191894024,313.86776161358654,5356.860599795107,1,0,1,1,0,Benign,True
2026-03-15 08:01:12.101041777,8080,6,178529.2322393351,3,26,6572,5657,196.48638472290511,450.92949132624483,1935.092729506053,1,0,0,1,0,Benign,True
2026-03-15 08:01:13.182657723,53,6,24917.82952749775,9,14,7140,7513,133.40643974132934,666.0014405369388,9129.061152366541,0,0,1,1,0,Benign,True
2026-03-15 08:01:14.439141663,80,6,167914.58967873568,16,19,5958,6204,390.12028220437276,572.3811629859531,5964.141167564812,0,0,0,1,0,Benign,True
2026-03-15 08:01:15.758999314,22,6,7397.046831987179,7,8,1276,11328,363.64951998939017,979.0309463018743,8186.051861273397,1,0,0,1,1,Benign,True
2026-03-15 08:01:16.880830992,22,17,158606.04610869408,15,12,2755,4489,242.78861727457104,129.10107150855217,226.07663443103047,0,0,1,1,0,Benign,True
2026-03-15 08:01:18.032147640,53,6,138538.3343826823,6,1,3578,4210,475.3399295210716,1097.3739014295152,6631.215283939966,0,0,1,1,0,Benign,True
2026-03-15 08:01:19.235524296,22,17,118421.02296802377,3,18,7292,14405,217.65921482105125,792.8926896905623,12497.819270975579,0,0,0,1,0,Benign,True
2026-03-15 08:01:20.282370058,8080,6,93204.94033004901,22,29,572,7842,255.69633619297207,510.22423916653133,8264.305264135437,0,0,0,1,0,Benign,True
2026-03-15 08:01:21.318490700,443,6,131243.30616397166,3,3,4114,1607,442.78167479645276,924.4115914855415,12709.286864845644,0,0,1,1,0,Benign,True
2026-03-15 08:01:22.762030433,53,6,111326.81996761414,13,23,7816,3012,351.1987943351822,240.23603939573798,6168.053895435779,0,0,0,1,1,Benign,True
2026-03-15 08:01:23.828750803,8080,6,190035.60455725982,14,20,3481,12837,134.04429428879405,385.8034239060805,5137.475161875927,0,0,0,1,0,Benign,True
2026-03-15 08:01:25.145117186,8080,17,25139.49833918543,2,29,3036,9941,564.4125122367535,618.4720828722844,597.6966996442762,0,0,0,1,1,Benign,True
2026-03-15 08:01:26.612041843,80,6,99037.26067842417,19,17,5004,1992,585.3043499504424,516.8208086043383,2518.6666579306734,0,0,1,1,1,Benign,True
2026-03-15 08:01:27.440363691,443,6,198124.28683407573,4,21,1251,5220,376.68215451369696,150.93397243354013,3403.0691043158586,0,0,1,1,1,Benign,True
2026-03-15 08:01:28.534981645,53,6,81850.26076731649,18,10,1245,568,170.6881512807714,434.00917126445853,3303.823157125976,0,0,1,1,0,Benign,True
2026-03-15 08:01:29.868830335,443,6,105925.75395327575,8,11,2376,7860,64.31523373123822,799.3693820353907,8495.834143185297,0,0,0,1,0,Benign,True
2026-03-15 08:01:31.076156254,53,17,5697.464249312641,13,27,2726,10917,100.88154222436118,131.69601624426258,9817.461218841343,0,0,1,1,1,Benign,True
2026-03-15 08:01:32.497149908,8080,6,53233.28124286894,20,18,3606,9497,388.51316420250214,426.8276196395245,1049.9008726178151,0,0,0,1,1,Benign,True
2026-03-15 08:01:33.634219291,22,17,189521.0222501573,15,12,2976,11741,429.63885154608937,421.5734519103923,7217.014616838012,1,0,1,1,1,Benign,True
2026-03-15 08:01:34.970338925,53,6,149544.70695568674,7,18,4645,10065,454.3293867064433,914.6937013187988,13297.602724492812,0,0,0,1,0,Benign,True
2026-03-15 08:01:36.098588124,80,6,84314.83834632998,20,14,4143,8345,134.66035406219308,356.9898419194867,13690.841373007384,0,1,0,1,0,Benign,True
2026-03-15 08:01:37.143832116,443,6,139525.57488019732,17,19,510,10659,547.106347123857,702.3552255112288,1110.9468652695286,0,0,0,1,0,Benign,True
2026-03-15 08:01:38.588412230,22,6,154892.15725502712,10,25,5829,13837,440.573697459569,1075.0081218858427,8971.352413704788,1,0,1,1,0,Benign,True
2026-03-15 08:01:39.400183751,8080,6,57997.57309815883,24,16,1252,5598,549.1094797979772,466.7433502879106,2718.034191261723,0,0,0,1,0,Benign,True
2026-03-15 08:01:40.513627243,22,6,119728.81470748865,5,24,4603,11098,242.47916071187524,343.58585697654877,14273.176315864555,0,0,1,1,0,Benign,True
2026-03-15 08:01:41.754028716,8080,6,141179.90421761497,16,29,487,14490,193.66994980722558,933.752522594697,4821.140778120866,0,0,0,1,0,Benign,True
2026-03-15 08:01:43.333415610,22,17,51901.67202388085,4,23,7269,3914,486.25937375084163,1015.6753974022172,11050.652168999064,0,0,1,1,0,Benign,True
2026-03-15 08:01:44.377126338,53,6,119933.3627553079,6,16,174,13374,294.4985677719502,985.1905934728809,902.3107706276352,0,0,0,1,1,Benign,True
2026-03-15 08:01:45.396763067,443,17,49055.246809351025,18,24,7745,7728,55.27871870776448,90.70677256601232,8345.26323869786,1,1,0,1,0,Benign,True
2026-03-15 08:01:46.800626865,443,17,104674.28277035047,8,18,777,3915,382.78408411249734,1085.6497369337294,114.23446800985991,0,0,0,1,0,Benign,True
2026-03-15 08:01:47.791387261,80,6,147837.05599963397,4,8,7113,3473,409.69845601903245,285.03190812232225,1370.9189755446275,0,1,1,1,0,Benign,True
2026-03-15 08:01:49.317792225,22,6,102247.11116068355,13,9,7841,14699,163.88397841376334,480.8226576883562,6497.626047932657,0,0,1,1,0,Benign,True
2026-03-15 08:01:50.367693765,443,6,34522.07686043222,11,26,246,1231,74.62421799088108,489.51605727827814,12172.12684992025,1,0,0,1,0,Benign,True
2026-03-15 08:01:51.528612735,443,6,43800.737480072785,16,9,3276,8041,486.1280986433162,586.4665172877432,3493.3488890153567,1,0,1,1,1,Benign,True
2026-03-15 08:01:52.680907253,443,6,42030.10279027209,20,28,5115,11017,457.5840435769248,369.58452242024845,2798.678877678853,0,0,1,1,1,Benign,True
2026-03-15 08:01:54.078169555,8080,6,135392.02987046997,2,8,4999,7287,227.84408951165818,327.81812468760893,252.65586971384383,0,0,1,1,0,Benign,True
2026-03-15 08:01:55.117087566,443,17,128462.87195043049,3,29,4610,2541,122.50737624390453,1152.0286093563582,8807.44746609034,0,0,1,1,1,Benign,True
2026-03-15 08:01:56.152589951,443,6,138160.0497900068,22,7,2453,9847,263.52715278686946,67.73102331748765,14337.365239497049,1,0,1,1,0,Benign,True
2026-03-15 08:01:57.370803541,22,6,61266.97208994415,21,29,3686,6588,113.06183067255981,541.4794203085582,4710.208066688235,0,0,0,1,0,Benign,True
2026-03-15 08:01:59.077138598,8080,17,84692.842816858,9,21,2103,11528,93.13346005613434,1031.2749947382051,10887.187286836499,0,0,1,1,0,Benign,True
2026-03-15 08:02:00.245148414,80,6,199852.3503902382,18,25,4691,13661,456.7932816967264,1035.6215783185612,14322.420434623662,0,0,1,1,0,Benign,True
2026-03-15 08:02:01.319824280,22,6,159709.52552985895,2,28,626,6377,442.0422815044297,284.3510741392067,8064.824045382401,0,0,1,1,0,Benign,True
2026-03-15 08:02:02.259521976,22,6,1643.314692267704,10,11,1056,13251,556.5065686565713,430.6062059125057,3956.9088048659264,0,0,0,1,0,Benign,True
2026-03-15 08:02:03.881505826,22,6,52487.50439904567,16,10,2526,2611,408.9504388895626,660.3592638995564,4135.860447700779,0,0,1,1,1,Benign,True
2026-03-15 08:02:04.967250542,53,17,141106.98918783796,22,23,5586,1537,232.58858946035576,66.42901269766935,14734.852632095886,0,0,1,1,0,Benign,True
2026-03-15 08:02:06.130134113,443,17,124860.30503019881,15,15,7836,11848,408.89590664938873,745.6366706165014,12247.45899414917,0,0,1,1,0,Benign,True
2026-03-15 08:02:07.169616901,443,17,40029.102254682846,6,5,4261,11941,409.2000823948362,179.78921520159727,500.65564062281743,0,0,1,1,0,Benign,True
2026-03-15 08:02:08.263344937,80,17,39755.57978809331,16,11,6169,9166,477.8893540259182,475.61692242709796,9426.967602637562,0,0,1,1,0,Benign,True
2026-03-15 08:02:09.357834577,8080,6,93355.41102441103,20,21,7899,2306,150.29461501267522,956.9016942581105,9054.173540811515,0,0,1,1,0,Benign,True
2026-03-15 08:02:11.041561437,22,6,10247.551398230791,9,14,3244,13639,438.5725684329866,118.08753498401491,13271.48500405053,1,0,0,1,0,Benign,True
2026-03-15 08:02:11.973465773,22,17,125967.4689710964,9,11,7316,10277,521.6133184147338,1106.9315518565886,413.55381881398324,0,0,1,1,0,Benign,True
2026-03-15 08:02:13.021418018,443,6,122625.64416372601,12,22,1406,10836,88.08764687460236,240.40520627166947,2077.6344941638085,1,0,1,1,0,Benign,True
2026-03-15 08:02:14.283573974,22,6,73992.5955429811,6,6,2246,2121,120.892783730793,796.6442522154863,14760.030490264886,0,0,1,1,0,Benign,True
2026-03-15 08:02:15.647531741,22,6,132108.64946895317,4,26,7428,7261,337.54003037484836,575.790035108467,1181.6122522226117,1,0,0,1,0,Benign,True
2026-03-15 08:02:16.606063669,80,17,123792.81752129449,11,10,2594,8838,526.8458058840693,1166.7492208371345,6932.898975757176,0,0,0,1,0,Benign,True
2026-03-15 08:02:18.213968570,80,6,146276.3544086121,14,11,1458,14527,280.1044258232092,375.5437281310961,6452.663346392922,0,0,0,1,0,Benign,True
2026-03-15 08:02:19.355111717,22,6,128654.95996726821,22,29,3982,646,545.0733311972344,683.3712298298188,4347.289297125121,1,0,0,1,0,Benign,True
2026-03-15 08:02:20.531677773,80,6,95608.48394808214,14,8,2657,2125,60.63831762543696,239.71708399984178,14298.903058969696,0,0,0,1,0,Benign,True
2026-03-15 08:02:21.559255823,80,17,131352.47287291868,8,17,3910,10898,542.3815126157258,998.644754162548,2844.694942484907,0,0,1,1,1,Benign,True
2026-03-15 08:02:22.876385304,8080,6,59994.04997940389,3,25,7002,8136,500.7634350749961,685.1359203132012,2273.8089747088607,0,1,0,1,0,Benign,True
2026-03-15 08:02:24.050458781,8080,6,189026.86716492046,10,6,642,7994,482.20484866983554,686.3268201277582,2015.1976936181845,0,0,0,1,0,Benign,True
2026-03-15 08:02:25.289907960,80,17,147794.62792200374,22,25,7657,13493,258.3518582803843,424.1316475300557,14997.926638297524,1,0,0,1,0,Benign,True
2026-03-15 08:02:26.150666592,443,6,3228.889532598725,14,1,7681,11274,369.92861686911465,301.0770924793539,11498.308964138594,1,0,1,1,0,Benign,True
2026-03-15 08:02:27.549484441,53,6,41615.190194083276,4,26,5701,7029,94.05322681116108,180.40819252239856,3047.2863597302266,0,0,1,1,0,Benign,True
2026-03-15 08:02:28.524968504,53,6,120075.90456056842,5,29,7442,14011,402.8179529313695,875.6620163416243,2099.6638379099277,0,0,0,1,0,Benign,True
2026-03-15 08:02:29.996394491,22,17,183311.17111495815,10,26,5910,12320,439.808807111833,235.6419991785908,820.6746503673585,0,0,0,1,0,Benign,True
2026-03-15 08:02:31.097916727,53,6,63176.23907556338,7,8,3434,1728,575.2587553697398,673.8724548517056,10994.342252193703,1,0,1,1,0,Benign,True
2026-03-15 08:02:32.186714513,8080,6,8164.178685924396,15,27,4653,14301,41.94987726338258,302.58241492732236,2784.8931882633547,1,0,0,1,1,Benign,True
2026-03-15 08:02:33.362041780,22,6,77767.66776146877,12,13,4242,793,193.76704149096787,543.9938827429779,13634.223532829072,0,0,1,1,0,Benign,True
2026-03-15 08:02:34.852586743,53,17,158187.49126385938,11,8,6777,489,130.0082081795081,84.68427753652199,14211.233364182286,1,0,0,1,1,Benign,True
2026-03-15 08:02:35.802355781,22,6,100704.44340588196,9,16,5344,7155,320.86291077594126,894.9307939106831,2904.558041255359,0,0,1,1,1,Benign,True
2026-03-15 08:02:37.455072071,80,6,124492.92483587506,2,17,1166,9127,345.30003988947334,127.67368349517285,10504.616279364254,1,0,1,1,0,Benign,True
2026-03-15 08:02:38.448636683,8080,6,12302.748476287175,2,16,2911,729,133.44782692471802,275.8342693218006,3530.1492458121106,1,0,0,1,0,Benign,True
2026-03-15 08:02:39.508121882,53,17,17882.297753411058,6,12,5601,874,226.8356207907476,1156.1478964968967,7661.818772589576,1,0,0,1,1,Benign,True
2026-03-15 08:02:40.854549294,443,6,195237.2924429366,16,14,4473,13571,337.89113533315486,122.28640723717962,1774.3111239810985,0,0,1,1,0,Benign,True
2026-03-15 08:02:41.713682322,443,17,136773.7819309771,22,27,338,4627,220.0731012565978,1033.834426720901,13411.299656667908,1,0,0,1,0,Benign,True
2026-03-15 08:02:43.475135527,22,17,7808.670889807202,22,20,5125,2164,586.9354054113969,801.1488831997692,14253.852059633462,0,0,0,1,1,Benign,True
2026-03-15 08:02:44.389382062,22,6,6096.48497151617,18,1,6559,5631,184.78126140290502,1025.5027960564526,2491.2176087507482,1,0,0,1,0,Benign,True
2026-03-15 08:02:45.769641136,8080,6,88156.75539731485,16,2,3063,9427,499.86741258682616,984.751798739775,9281.357247139653,1,0,1,1,0,Benign,True
2026-03-15 08:02:46.549637999,22,6,199631.52362223223,4,29,427,7786,361.3635332123018,1082.946816816523,14785.972116456438,1,0,0,1,1,Benign,True
2026-03-15 08:02:47.991994998,80,6,133750.68447839413,19,12,3409,4290,493.0021930508486,394.90953261218084,10303.994903244504,1,0,0,1,0,Benign,True
2026-03-15 08:02:49.194424196,53,17,28043.31492590499,24,13,2834,1017,570.7110600205895,1088.161223980671,829.1120633350629,1,0,1,1,1,Benign,True
2026-03-15 08:02:50.662695872,443,6,1014.4327920739573,4,21,4050,11839,360.6682481033897,485.1506174205813,560.7380545056089,1,0,1,1,0,Benign,True
2026-03-15 08:02:51.643036831,22,17,13223.612538914704,9,12,7828,4893,432.14358336850245,994.5520450522165,3414.4367191359524,0,0,0,1,0,Benign,True
2026-03-15 08:02:52.784093640,22,6,28906.39103515989,19,13,4475,11719,595.2323262052506,805.6396507265032,14034.511161796363,0,0,1,1,0,Benign,True
2026-03-15 08:02:53.860185397,53,6,102584.5833885453,14,29,2141,2773,563.7952693848715,517.7908873357583,7073.095199021688,0,0,1,1,1,Benign,True
2026-03-15 08:02:55.098941398,443,6,134125.11898860394,24,17,3695,7971,53.33073158834959,1011.2206109733938,7509.561760743999,0,0,0,1,0,Benign,True
2026-03-15 08:02:56.412403441,22,6,81966.66198615634,23,7,3234,3860,367.11816504780654,422.2594444950335,12470.753444357617,0,0,0,1,0,Benign,True
2026-03-15 08:02:57.563346876,22,6,85771.27698094229,16,23,4149,3083,299.2885958523446,485.2546435674912,10025.353459350705,0,0,0,1,0,Benign,True
2026-03-15 08:02:58.512967247,80,17,9534.402405781497,2,16,1904,12497,470.70255581783925,559.0799916258574,3022.193291653232,1,0,0,1,1,Benign,True
2026-03-15 08:03:00.195775154,22,6,53556.92531898632,4,27,4860,5614,406.76378303171924,559.5046015671401,5082.403562225776,0,0,0,1,0,Benign,True
2026-03-15 08:03:01.437696463,80,6,18827.503783912493,2,13,4420,7713,296.39162835629105,990.5155513930307,13671.685100741137,1,0,1,1,0,Benign,True
2026-03-15 08:03:02.184149453,53,17,171441.21143193037,20,24,2247,3085,515.2903254353338,543.9149149300617,13644.10301118191,0,0,0,1,0,Benign,True
2026-03-15 08:03:03.632421686,22,6,188442.51286743622,19,8,5470,4361,395.50346302511883,64.40482586954735,10940.600080083528,0,1,1,1,0,Benign,True
2026-03-15 08:03:04.565145444,8080,17,190548.14084844277,4,9,5519,13210,152.27030633281737,1055.9493109368157,3103.1833223029726,1,0,0,1,0,Benign,True
2026-03-15 08:03:06.103344055,53,17,76096.46666237188,21,28,3717,10458,514.1039554666884,676.2835114720847,3661.6921580552066,1,0,0,1,0,Benign,True
2026-03-15 08:03:07.068740270,80,6,49022.54878012517,18,26,7026,885,191.8365620199391,282.43686321724624,12082.152882604307,0,0,0,1,0,Benign,True
2026-03-15 08:03:08.495653580,443,6,68215.33716619165,8,28,7778,653,114.4481378334626,731.2172159789595,10550.962244520857,0,0,0,1,0,Benign,True
2026-03-15 08:03:09.736196768,443,6,91411.52357422614,24,21,5238,9384,217.83074057704087,348.4931101354012,14819.273753996384,0,0,0,1,1,Benign,True
2026-03-15 08:03:10.961188495,53,17,193447.75048122532,12,20,2981,1533,428.17918689704607,748.1276695709691,5129.4390757399815,0,0,1,1,0,Benign,True
2026-03-15 08:03:11.764644567,53,6,14437.952981974799,8,14,4858,10201,194.93187598923174,638.1924880752192,4366.758373123735,0,0,1,1,1,Benign,True
2026-03-15 08:03:13.449607107,80,6,96947.71874886878,2,8,6388,11922,150.24776479604566,336.1403885094027,12639.670091620743,1,0,0,1,0,Benign,True
2026-03-15 08:03:14.238128394,80,6,93088.12240626874,19,10,285,13637,369.70935178732213,851.4074480443101,598.0818594073753,0,0,0,1,0,Benign,True
2026-03-15 08:03:15.322447533,80,17,129819.75731283378,3,23,450,14563,571.10789851712,371.6362712682171,538.203079085275,0,0,0,1,0,Benign,True
2026-03-15 08:03:16.832911481,443,17,141373.0855686979,7,14,5323,1364,550.0337982216946,177.5782921125106,2330.369444724149,0,0,1,1,0,Benign,True
2026-03-15 08:03:17.922553370,53,6,61360.4308840476,10,11,5665,9429,569.2926897774514,815.4645925777301,14326.12261026079,0,0,1,1,0,Benign,True
2026-03-15 08:03:19.397873845,22,6,28626.97440913377,24,21,3375,6605,544.2692180433157,1177.6355957781425,13284.229124739284,0,0,0,1,0,Benign,True
2026-03-15 08:03:20.584950883,22,6,162826.78128440297,23,17,758,12714,148.51202405162965,270.88072802058855,6661.614343613326,0,0,0,1,0,Benign,True
2026-03-15 08:03:21.490283335,8080,17,124760.4044193756,5,2,2549,2255,168.15404045235005,304.8940757870648,9380.479146515168,0,0,1,1,0,Benign,True
2026-03-15 08:03:23.071739637,443,6,50555.94240301783,18,28,242,6325,200.69980450290734,1090.9318498266584,9863.815267439366,0,0,0,1,1,Benign,True
2026-03-15 08:03:23.874550702,443,6,51642.092833509196,10,13,972,4934,119.47077786454027,355.7599307332081,10397.496975585102,1,0,1,1,0,Benign,True
2026-03-15 08:03:25.209034277,22,6,17913.435274585132,11,2,3170,9627,124.01332638149742,658.441912135962,310.22051333917994,1,0,1,1,1,Benign,True
2026-03-15 08:03:26.253579054,443,6,79970.4675845075,12,5,7185,6903,584.7881310581007,935.8816477207723,3109.633566126567,1,0,1,1,1,Benign,True
2026-03-15 08:03:27.861626142,22,6,188853.32560963868,8,3,2766,12986,71.08203226079803,446.58203952854336,2116.3520749674026,0,0,1,1,0,Benign,True
2026-03-15 08:03:28.598764690,22,6,5682.523209338882,8,24,6238,505,345.4753215775484,989.4907118913023,12617.257152457174,0,1,1,1,0,Benign,True
2026-03-15 08:03:29.726946371,8080,6,950.5864307015293,15,7,4173,11506,437.5279024848175,437.3652451063074,9421.186320622739,0,0,1,1,0,Benign,True
2026-03-15 08:03:31.161058236,8080,17,77709.66801757955,13,27,5876,5131,371.3729576963074,733.9077931080832,5536.024494979898,0,0,0,1,1,Benign,True
2026-03-15 08:03:32.695425338,22,6,98671.65276827234,23,3,1829,12589,135.38875941145062,528.1081210141201,12619.956651251832,0,0,0,1,0,Benign,True
2026-03-15 08:03:33.835006359,443,6,138590.68777947658,14,27,3236,5891,548.9694716532883,861.4833464376032,14045.33779957659,0,0,0,1,0,Benign,True
2026-03-15 08:03:34.949164811,8080,6,129440.08711272178,5,7,1603,8252,463.3249534927924,1130.8741789549383,2433.2811378562537,0,0,0,1,1,Benign,True
2026-03-15 08:03:36.234475494,80,6,45804.012367907875,14,11,3675,12017,313.66480476550294,70.05927541711428,3713.6602007343954,1,1,0,1,0,Benign,True
2026-03-15 08:03:37.436067983,22,17,115699.60766770352,19,4,4379,12316,566.1619930572568,257.20496117641017,6994.411312062877,0,0,0,1,0,Benign,True
2026-03-15 08:03:38.411315016,53,6,171864.1817589248,3,13,758,12534,293.18708375931357,1121.9723124235352,3065.842948047835,0,0,1,1,0,Benign,True
2026-03-15 08:03:39.489557431,53,17,52361.957501619276,23,25,1663,9092,377.2291556100217,397.3449301614853,3976.5790194985234,1,0,0,1,1,Benign,True
2026-03-15 08:03:40.963207459,8080,6,79729.31955671989,9,10,5844,5689,364.09708750641994,869.9694261791815,3011.0874598588716,1,0,0,1,0,Benign,True
2026-03-15 08:03:42.096996757,443,6,88303.90746936626,23,19,7410,13561,488.1588253214344,999.6552713484419,3950.285287652963,0,0,0,1,0,Benign,True
2026-03-15 08:03:43.124194637,80,6,52228.755866551204,8,10,2374,10276,378.70175252264914,725.264466966072,3910.105128667943,0,0,0,1,0,Benign,True
2026-03-15 08:03:44.156680000,443,6,115040.29295891851,13,26,1920,9433,585.234909098893,1053.3425150175494,3299.629866359452,0,0,0,1,0,Benign,True
2026-03-15 08:03:45.748073766,443,17,76587.29649493187,7,12,5425,11863,586.6253744225621,290.753594670868,5953.601362669013,1,0,1,1,0,Benign,True
2026-03-15 08:03:46.657476309,8080,17,178728.0748587741,17,19,2033,8660,342.1201922602319,506.78219634606734,3894.5039012773022,1,0,0,1,0,Benign,True
2026-03-15 08:03:48.262087890,22,6,82939.98508115196,10,15,5048,6363,414.3382259146388,1029.062393480159,1798.1617469064045,1,0,1,1,0,Benign,True
2026-03-15 08:03:49.044582345,22,17,89865.51387728709,23,6,2712,525,589.3057181511494,355.4270279096338,8937.313802577746,0,0,0,1,0,Benign,True
2026-03-15 08:03:50.173654759,443,6,86012.61267624349,24,4,7790,11373,379.996269211765,330.29839105077224,1037.518517900774,1,0,0,1,1,Benign,True
2026-03-15 08:03:51.798667603,8080,6,156831.6425649152,9,10,994,13829,190.06144969580944,216.8116940350111,10501.640954406237,0,0,1,1,0,Benign,True
2026-03-15 08:03:52.591970589,8080,17,121767.65361355324,23,27,7165,314,558.2196295243386,652.8562156732606,10059.486553337123,0,0,1,1,1,Benign,True
2026-03-15 08:03:53.807560984,80,6,188801.65198551994,10,5,3944,2489,80.94263040513603,506.04712464593183,879.3035277058277,0,0,1,1,1,Benign,True
2026-03-15 08:03:55.259629674,8080,6,153486.21448513717,6,18,2108,10038,357.7426419419789,478.0522685719791,1344.0364324392597,1,0,1,1,1,Benign,True
2026-03-15 08:03:56.624737224,8080,6,39324.37596034885,17,22,6587,5369,313.00972191675055,238.94059150968417,14624.213478059022,1,0,0,1,0,Benign,True
2026-03-15 08:03:57.417860799,8080,6,64627.30653042204,23,16,3859,1155,260.27263574417674,634.7667086368812,1675.04367239952,0,0,1,1,0,Benign,True
2026-03-15 08:03:58.686194203,53,17,148701.01305943055,23,28,1006,6995,44.818775117622536,844.4902378822045,6284.405944080559,0,0,0,1,0,Benign,True
2026-03-15 08:04:00.166442902,80,6,44225.24086081858,11,17,3792,11454,106.88252860369137,848.5973183571786,10043.425954678814,0,1,1,1,0,Benign,True
2026-03-15 08:04:01.483095855,8080,17,62006.80894564279,24,6,4136,8299,554.4968758620066,1052.1847614427745,4656.854419405918,0,0,1,1,0,Benign,True
2026-03-15 08:04:02.400444711,53,6,43230.431474281846,21,25,5640,386,488.7603190090625,602.2434016967327,2957.4023629200924,0,0,1,1,0,Benign,True
2026-03-15 08:04:03.386338501,53,6,165694.61076475764,10,4,899,6123,450.77208915455816,246.6214901314987,8541.202683532125,0,0,1,1,0,Benign,True
2026-03-15 08:04:04.508361772,8080,6,5120.4548192674765,5,1,548,10660,534.2797351790207,980.6542406445004,3074.220159399426,0,0,1,1,0,Benign,True
2026-03-15 08:04:05.837793617,22,6,32556.13735920347,20,5,5660,13534,311.385485892929,485.0966815903722,8349.485460241041,1,0,1,1,0,Benign,True
2026-03-15 08:04:06.979093330,443,17,109976.19910619155,11,8,1766,13335,395.9785742644827,717.1507424810533,10875.092851417274,1,0,0,1,0,Benign,True
2026-03-15 08:04:08.506595204,53,6,22110.373510459387,21,10,4821,2743,256.0775469127137,1169.6236427344015,8782.691254546598,0,0,1,1,0,Benign,True
2026-03-15 08:04:09.373099502,80,6,12642.085349537401,18,1,4389,10060,463.7812662318933,1180.2150176637901,11956.746323123441,0,0,1,1,1,Benign,True
2026-03-15 08:04:10.803797958,53,6,165149.42070907308,8,6,2499,10746,532.8867705920723,836.3593419547517,10317.705409830407,0,0,0,1,0,Benign,True
2026-03-15 08:04:12.116557461,8080,6,171436.05590770036,23,6,2771,1050,196.87749707358765,1020.8323284232861,9871.636163734918,1,0,1,1,0,Benign,True
2026-03-15 08:04:13.248669965,80,17,192835.94994460332,15,18,1531,316,54.08583435168694,1065.7262586978186,9714.694763640055,1,0,0,1,0,Benign,True
2026-03-15 08:04:14.219865390,80,6,152945.2117086331,5,20,2566,335,271.14271658037626,1044.6402526952174,428.63540291973254,0,0,0,1,0,Benign,True
2026-03-15 08:04:15.782474715,443,6,18641.49680485723,24,5,2256,14616,150.79915884001528,149.9912303016531,14287.668792298913,1,0,1,1,1,Benign,True
2026-03-15 08:04:16.929244277,53,6,168815.2700582896,17,7,5277,8753,258.24403882313084,633.5726377820145,7884.931871399197,0,0,1,1,0,Benign,True
2026-03-15 08:04:18.143390402,53,17,56962.3546938829,10,7,4170,11945,291.6041127442129,379.55401906005176,12179.502769240207,0,0,1,1,0,Benign,True
2026-03-15 08:04:18.978634650,8080,6,188421.71597341367,21,23,647,4549,436.9090430031075,296.00918477127743,13982.363768467834,0,0,1,1,0,Benign,True
2026-03-15 08:04:20.174252282,8080,17,182908.36104531892,3,17,2997,290,50.2393429993586,946.5011697205742,2512.8516653380057,0,0,0,1,0,Benign,True
2026-03-15 08:04:21.856537530,443,17,172103.94619165882,23,10,2411,4382,320.3544000061872,1154.4265140630844,5971.028824739425,0,0,0,1,0,Benign,True
2026-03-15 08:04:22.738546916,53,17,123691.03689779087,7,11,5929,14521,272.6291414431747,215.25390679754577,12526.599417833222,1,0,1,1,0,Benign,True
2026-03-15 08:04:23.880569215,53,6,39779.583706061894,2,29,7468,479,169.17662295398438,186.97672205198842,14238.899728540673,0,0,0,1,0,Benign,True
2026-03-15 08:04:25.193150427,8080,6,194848.68488395313,21,10,4289,7663,457.7240389961976,688.2313163703063,11179.513460443368,0,0,1,1,0,Benign,True
2026-03-15 08:04:26.497718527,443,6,29546.7288375645,20,11,5469,13128,207.98120219822732,1057.0181537413418,4640.202889210236,0,0,0,1,0,Benign,True
2026-03-15 08:04:27.873373954,8080,6,179663.33360037534,23,14,6648,10475,484.66178660054425,775.8100820517809,14161.04802504123,1,0,1,1,0,Benign,True
2026-03-15 08:04:28.671867736,8080,17,124535.05261393468,7,1,1380,6933,242.49489249221668,669.1994472664323,127.93523331146778,1,0,0,1,0,Benign,True
2026-03-15 08:04:30.254885057,53,6,127661.84074398968,2,16,4725,844,528.0469003635483,580.4201822371358,1247.117810741833,1,0,1,1,0,Benign,True
2026-03-15 08:04:30.914915694,22,6,10593.585373371103,14,6,2496,5518,410.82779391172244,537.5849485757471,3413.21023381275,1,0,0,1,0,Benign,True
2026-03-15 08:04:32.433118825,22,6,128740.64573059912,21,3,5020,1902,394.95424571800316,711.0723561342612,10321.38599954002,0,0,1,1,0,Benign,True
2026-03-15 08:04:33.680385067,8080,17,68944.79586743984,17,24,536,12843,547.1276570920738,528.6988250006118,12983.513536663277,0,0,0,1,0,Benign,True
2026-03-15 08:04:34.563538442,443,17,96010.30872906983,16,8,5993,6007,340.76331917340843,76.48909064624902,4340.29539074718,1,0,0,1,0,Benign,True
2026-03-15 08:04:35.784203758,8080,6,49924.88783725144,17,13,3763,395,220.50035266400963,1141.6007417737103,14697.122260645952,0,0,0,1,0,Benign,True
2026-03-15 08:04:37.151468591,8080,6,112983.50807290834,21,13,2650,4233,196.0280815820382,1191.026098228433,13862.792872454733,0,0,0,1,0,Benign,True
2026-03-15 08:04:38.679739147,443,6,13864.16870062059,22,2,2894,9172,142.0797954347454,205.16012103757782,10961.682889408574,1,0,1,1,0,Benign,True
2026-03-15 08:04:39.657625531,22,17,121840.26854696216,16,23,2571,13009,177.8917359028763,205.27106746993397,11738.247609380436,0,0,1,1,0,Benign,True
2026-03-15 08:04:41.059813932,80,6,7547.825219235563,2,4,6372,8825,123.84434760601769,468.6964150638807,2563.0466983090914,0,0,1,1,0,Benign,True
2026-03-15 08:04:42.182616549,53,6,95847.2113493137,5,13,4721,2103,61.76475590009738,100.42294872179036,5317.6673686152235,1,0,1,1,0,Benign,True
2026-03-15 08:04:43.180428960,8080,17,39409.1264998413,2,17,590,1547,62.191266416712836,975.0162553147534,7445.134827292577,1,0,1,1,1,Benign,True
2026-03-15 08:04:44.570858069,53,6,72163.3298599019,4,4,7616,5575,165.07818232799127,665.3464604503952,5737.975258660782,0,0,0,1,0,Benign,True
2026-03-15 08:04:45.310702070,80,6,128087.55816533542,20,12,216,10972,135.2907245172861,885.9001208314647,8553.346135997326,0,0,1,1,0,Benign,True
2026-03-15 08:04:46.565486398,8080,6,144677.51689177618,12,13,6456,11877,504.26905930877814,216.51497403909457,3646.6672579497995,0,0,0,1,0,Benign,True
2026-03-15 08:04:48.197657168,80,6,54348.8710288379,4,5,5374,12602,276.0191354379083,969.6347883725638,14769.222144035699,0,0,0,1,1,Benign,True
2026-03-15 08:04:49.378090252,443,6,150617.58910759696,3,20,673,2858,291.0828100618667,969.8116988860768,13008.808147836891,0,0,0,1,1,Benign,True
2026-03-15 08:04:50.239584445,53,17,46607.03237325745,18,7,4986,1419,223.91973793466153,993.4706065856983,13292.026383887012,1,0,1,1,0,Benign,True
2026-03-15 08:04:51.618461754,8080,6,95746.30450906313,15,18,2740,2207,268.954450545775,262.54580866625844,4273.572411474244,0,0,1,1,0,Benign,True
2026-03-15 08:04:52.863609492,80,17,181938.94498793338,20,27,7061,14952,595.6412079685247,728.4982293132435,14442.555664872083,1,0,1,1,0,Benign,True
2026-03-15 08:04:54.220643372,22,6,179308.01387273843,3,12,846,6120,398.4292931540364,901.0971731083499,13208.082829598456,1,0,1,1,0,Benign,True
2026-03-15 08:04:55.261864294,80,6,111346.56529778769,3,16,858,8667,258.4614389752029,153.03475191272102,9756.940394860407,1,0,1,1,0,Benign,True
2026-03-15 08:04:56.347542941,53,17,29898.971671686773,22,18,2733,11726,374.2604728253356,982.6606564407994,8913.012381948502,1,1,0,1,0,Benign,True
2026-03-15 08:04:57.524510426,8080,17,109647.06163814072,15,18,1596,4594,575.7790863343455,348.6658331377639,3182.5556704258984,0,0,1,1,0,Benign,True
2026-03-15 08:04:58.755529251,22,17,94859.32749182741,11,3,6742,6211,265.9712796898575,799.122038908996,8286.864107750205,1,0,1,1,0,Benign,True
2026-03-15 08:05:00.091158615,22,6,138237.62724958578,22,18,1500,5277,444.26634134767204,1128.5713863270635,9551.385868351235,0,0,0,1,0,Benign,True
2026-03-15 08:05:01.420494379,53,6,155495.91955082968,14,2,2453,11797,435.5772126944449,917.2650525119319,3746.452753463937,0,0,0,1,0,Benign,True
2026-03-15 08:05:02.372338129,22,6,38148.0037151931,6,13,7226,2808,232.90751395520493,1140.3136350082953,3659.9484206056263,0,0,0,1,0,Benign,True
2026-03-15 08:05:03.448703737,8080,6,100393.85393874897,8,18,6019,6202,281.5304254271856,360.89571859362474,8076.674746419434,0,0,1,1,0,Benign,True
2026-03-15 08:05:04.641997417,443,6,69225.59991715812,2,20,3606,9352,459.28962751778977,1157.6004674203537,5761.957243597765,0,0,0,1,0,Benign,True
2026-03-15 08:05:06.147608568,53,6,162001.22638339992,12,28,7536,3423,49.973160383015525,558.4781963414414,14010.77354857456,0,0,0,1,0,Benign,True
2026-03-15 08:05:07.389941258,53,6,11131.72310190605,17,27,5827,5918,128.42087628449877,396.4436519524464,7567.087915001118,0,1,0,1,0,Benign,True
2026-03-15 08:05:08.163166847,53,6,130283.738842755,15,1,5157,9353,176.51062587065888,487.76635141023064,10624.59847194918,0,0,0,1,0,Benign,True
2026-03-15 08:05:09.339935314,8080,6,107102.15473766561,22,14,6947,12873,503.36481172125787,124.45206847616964,4541.973480963423,0,0,1,1,0,Benign,True
2026-03-15 08:05:10.856660198,443,6,106732.31547766068,21,17,2697,9652,502.8846850544578,740.4529536069022,11253.853370352148,0,1,0,1,0,Benign,True
2026-03-15 08:05:11.787703946,22,6,28696.949540264763,6,23,3018,796,562.7006739705675,1013.176269568056,7014.935601588661,1,0,1,1,0,Benign,True
2026-03-15 08:05:13.394798514,53,6,6428.584064608442,17,1,6373,10640,106.2444285807364,684.501390306332,10470.511484929297,0,0,1,1,1,Benign,True
2026-03-15 08:05:14.286200804,443,17,168986.02918210963,24,7,5257,1537,438.2218106717192,990.4603267402028,4619.168135809704,1,0,0,1,0,Benign,True
2026-03-15 08:05:15.386323159,443,6,152305.64516330673,2,24,7443,543,84.31393663236358,443.57285409946877,13772.443126222008,0,0,0,1,0,Benign,True
2026-03-15 08:05:17.052582283,443,6,72416.61685849325,14,9,498,13637,118.01378347925709,475.9133710680912,9149.261040590725,0,0,0,1,0,Benign,True
2026-03-15 08:05:17.799319033,80,6,78900.88749781226,12,3,3185,8800,554.9984406707222,956.8330967023951,12559.652806889826,1,0,1,1,0,Benign,True
2026-03-15 08:05:19.070832049,22,6,183381.72795701202,21,15,3903,2875,149.2450235078607,747.5684567031643,5443.812770215574,0,0,0,1,0,Benign,True
2026-03-15 08:05:20.192168037,8080,6,132959.4703989348,4,20,1676,11171,110.86050080071536,993.1098248900862,10353.402242960236,0,0,0,1,0,Benign,True
2026-03-15 08:05:21.369294038,22,17,5399.998284571441,6,1,880,8308,499.18334875600914,660.3667613284083,6425.018571297479,0,0,0,1,0,Benign,True
2026-03-15 08:05:22.512688809,443,17,120190.52626616227,20,14,1068,5936,351.71793681380126,1165.9319957921152,4781.482495232564,0,0,1,1,0,Benign,True
2026-03-15 08:05:23.733237245,443,6,90094.08070405696,6,10,6517,13658,591.1828656823602,475.85688564310703,7515.235727395327,0,0,1,1,0,Benign,True
2026-03-15 08:05:25.004784882,443,6,123911.01468240701,20,25,4864,9216,577.6113947611572,1054.271191977459,5296.225230455699,1,1,0,1,0,Benign,True
2026-03-15 08:05:26.132029159,443,17,19181.739507130867,16,2,5913,633,368.8920200588046,89.48313887678788,10462.077682633892,0,0,0,1,0,Benign,True
2026-03-15 08:05:27.654686289,53,6,188823.8346966295,18,7,560,10202,67.91238465934318,878.6337552042984,3652.714083342247,0,0,0,1,0,Benign,True
2026-03-15 08:05:28.908428716,8080,6,194484.13082152748,14,22,3839,927,298.47228879503103,182.599362997431,3529.278139611509,0,0,1,1,0,Benign,True
2026-03-15 08:05:29.936178274,22,6,98500.29547171976,6,12,7504,9260,109.78001264885336,245.28783456727245,4616.433665610829,0,0,0,1,0,Benign,True
2026-03-15 08:05:31.090794658,22,6,97774.30032670457,24,2,4038,8734,60.266163467522034,546.804489367115,1587.4354390429014,0,1,1,1,1,Benign,True
2026-03-15 08:05:32.402715742,8080,6,121817.95932541438,10,22,3889,9954,299.8769767450687,393.5028207659394,7850.653084081888,0,0,0,1,0,Benign,True
2026-03-15 08:05:33.825002965,443,17,100056.11428558649,8,14,1425,8259,290.2888166200106,461.59832177449624,535.0294158794559,1,0,0,1,0,Benign,True
2026-03-15 08:05:35.010678976,22,6,189122.1778604626,19,12,5659,2196,101.14905847273292,67.25264846062994,11184.936067498656,1,1,1,1,0,Benign,True
2026-03-15 08:05:35.726085037,22,6,67057.11209376247,9,1,5545,5826,502.4310487482332,1196.9188951960282,11648.53969353977,1,0,0,1,0,Benign,True
2026-03-15 08:05:37.008899045,80,6,181913.06847985584,19,4,2069,4715,241.9674460850964,838.9388677409482,11837.402930237009,1,0,0,1,0,Benign,True
2026-03-15 08:05:38.242046922,22,17,118964.33820182692,10,14,3846,14257,389.4836612564313,1004.6218719133803,3701.0488814733594,0,0,1,1,1,Benign,True
2026-03-15 08:05:39.449632545,443,17,108083.75876826092,6,27,2271,6000,280.73453052407115,1182.6981560467818,1784.4844258843307,1,0,0,1,0,Benign,True
2026-03-15 08:05:40.842739591,8080,6,181536.73720876325,21,9,6999,3904,463.83895501638557,1110.5414354838456,9358.09176599687,0,0,1,1,0,Benign,True
2026-03-15 08:05:41.949757455,80,6,185209.6815247995,14,28,1946,14880,306.78527994321627,262.2696828743524,7370.37285375335,0,0,1,1,0,Benign,True
2026-03-15 08:05:42.929552471,22,17,173305.2258738267,11,24,5671,1448,129.5480318466585,507.23167940655526,1610.488732020188,1,0,0,1,0,Benign,True
2026-03-15 08:05:44.324168483,80,6,49351.693588367554,21,17,3529,397,300.6226896583828,1021.9376921284933,13928.05818018497,0,0,0,1,0,Benign,True
2026-03-15 08:05:45.614251769,22,17,34758.56239999957,15,7,7538,6418,228.67421969135032,945.3956933744346,1523.0115479096987,1,0,0,1,0,Benign,True
2026-03-15 08:05:46.561003141,22,6,106262.85054522357,12,16,7674,1079,68.77293949189914,745.3309545008304,9395.583171095708,0,0,1,1,0,Benign,True
2026-03-15 08:05:48.200075132,53,6,109877.42733882027,11,1,4691,9759,70.1422253673025,64.8175558738193,12558.26870016602,0,0,1,1,0,Benign,True
2026-03-15 08:05:48.931177119,443,6,139831.11834082913,18,1,652,11695,323.91933808098685,455.6019895544454,10930.581382024,0,0,1,1,0,Benign,True
2026-03-15 08:05:50.654905121,8080,6,56224.096678775124,3,5,3658,599,327.1476332090116,929.857544157386,4012.258915771738,1,0,1,1,0,Benign,True
2026-03-15 08:05:51.359467884,8080,6,17293.619224857655,4,21,1274,14536,361.2443639297414,307.74059566220757,14981.431706035772,0,0,0,1,0,Benign,True
2026-03-15 08:05:53.006144970,22,6,185632.68831105818,13,2,3904,11273,536.5419793143421,992.2441131769089,3671.858265259119,0,0,1,1,0,Benign,True
2026-03-15 08:05:54.241591886,53,17,148400.3405897237,6,20,2863,8562,523.4682574517509,954.0362823504973,10052.486162199428,0,0,1,1,0,Benign,True
2026-03-15 08:05:55.487742408,443,6,98251.12217895835,16,21,1144,5916,401.75919952366064,450.1632056097941,5409.215176604644,0,1,1,1,0,Benign,True
2026-03-15 08:05:56.581215528,8080,6,147496.64010743645,16,16,3550,14642,70.86866379640655,99.08573682096164,8572.304167803262,0,0,1,1,0,Benign,True
2026-03-15 08:05:57.767686524,443,6,166855.78234925776,17,8,4046,10773,368.04758312795445,578.1494583464995,11601.68886236684,0,0,1,1,0,Benign,True
2026-03-15 08:05:58.885489965,443,17,112832.9284668279,6,28,4261,10641,207.3298824164682,870.3954198338582,4310.834033932466,0,0,0,1,0,Benign,True
2026-03-15 08:06:00.167397812,443,6,160304.89520438167,7,14,5388,1606,117.00832690049153,293.21065808527067,2766.7665914970185,0,1,1,1,0,Benign,True
2026-03-15 08:06:00.980731325,53,17,31872.863057935916,10,29,1723,3687,152.7353836217246,767.7978346837755,8387.180095264319,0,0,0,1,0,Benign,True
2026-03-15 08:06:02.421640821,22,17,195015.75741102608,10,21,4445,13356,220.03762124967324,880.0465346509952,14496.099852023126,0,1,1,1,0,Benign,True
2026-03-15 08:06:03.608533722,8080,17,128796.6084508597,3,15,1197,14354,546.6180267621287,512.206762774588,14208.359297919678,1,0,0,1,0,Benign,True
2026-03-15 08:06:05.014543286,8080,17,195401.998691419,4,13,1815,6784,396.455824302351,779.5051459324243,3179.889593980844,0,0,1,1,0,Benign,True
2026-03-15 08:06:05.977679619,8080,6,15112.010802343952,5,18,2021,6656,180.16049215452125,980.4234474897981,2720.79924341554,1,0,0,1,0,Benign,True
2026-03-15 08:06:07.131053697,22,17,125692.60583524276,23,25,399,12295,88.04741078445667,714.0757808462396,7683.529602980107,0,0,0,1,0,Benign,True
2026-03-15 08:06:08.483737962,53,6,192479.75444824572,8,15,790,13776,238.72011115471136,1037.4784098809941,3613.8107815761095,1,0,1,1,1,Benign,True
2026-03-15 08:06:09.459877990,53,6,119756.08503244541,14,2,2309,4526,431.19469009852895,658.5872012508142,2301.336318029744,1,0,1,1,0,Benign,True
2026-03-15 08:06:10.583861046,8080,17,4597.393648751385,18,11,2383,9665,332.0647630504083,828.9746324232738,10157.781026977198,0,0,1,1,0,Benign,True
2026-03-15 08:06:11.986726364,53,6,162247.66078795964,7,10,744,355,107.4304600924484,806.0703967338818,6324.114238570097,1,0,1,1,0,Benign,True
2026-03-15 08:06:13.150133621,8080,6,24431.14844668064,16,3,1960,10754,75.5778833582381,315.9651324419283,12388.554437172514,1,0,0,1,0,Benign,True
2026-03-15 08:06:14.239541964,22,6,145015.9804035358,5,14,915,1746,396.89370220651045,622.3680564663217,7322.465894540746,0,0,1,1,0,Benign,True
2026-03-15 08:06:15.520507086,22,6,39451.555961843085,7,21,7857,6002,142.3418695255791,1135.9146168198154,7651.301328297516,0,1,0,1,1,Benign,True
2026-03-15 08:06:16.719835469,22,6,47266.451237524874,16,9,556,2449,45.69573871760605,140.94286227823713,8970.368659846157,1,0,1,1,1,Benign,True
2026-03-15 08:06:17.896497338,53,6,157050.68630521905,5,21,7528,3526,242.0983676072682,1142.1643375575916,9952.037626654768,1,1,0,1,0,Benign,True
2026-03-15 08:06:19.127678447,443,6,114458.20592807428,2,20,6498,9590,205.42023898182208,885.4786550031104,2275.871207731189,1,0,1,1,0,Benign,True
2026-03-15 08:06:20.511446007,8080,6,100382.02123479855,7,6,588,6973,515.8430969032488,973.0889761294309,2529.423163920806,0,0,1,1,0,Benign,True
2026-03-15 08:06:21.478125884,8080,17,79479.08061168836,23,19,2983,5524,187.82444067553263,1011.6126324107129,1233.1682562078029,1,1,1,1,1,Benign,True
2026-03-15 08:06:23.069314756,8080,6,56136.604779317175,7,29,4094,13932,339.2486039341045,518.3685260087948,1728.0820780170045,0,0,0,1,0,Benign,True
2026-03-15 08:06:24.249808811,443,6,191594.24632915642,2,27,2425,9118,43.07350183537062,1036.856357179713,12961.78989941507,0,0,0,1,0,Benign,True
2026-03-15 08:06:25.188546256,80,6,12078.929268291608,22,16,2888,5865,300.3700308676609,544.223114172986,2382.0718197663396,0,0,0,1,1,Benign,True
2026-03-15 08:06:26.297016723,53,17,25857.71292120815,9,13,6078,8901,482.26030075732456,758.3820455549559,12217.170442597586,0,0,1,1,0,Benign,True
2026-03-15 08:06:27.621260873,22,6,53291.00692780562,16,3,4909,12723,44.45182320862849,892.3863923431107,14824.062602858074,0,0,1,1,1,Benign,True
2026-03-15 08:06:29.009136293,443,17,121632.01381032594,7,22,7528,10603,250.98261140824732,1192.39996366473,2725.7102615770855,0,0,0,1,0,Benign,True
2026-03-15 08:06:30.091552404,443,6,132072.72393792093,8,15,3753,5879,362.67064727623506,793.4597584578921,12071.882489745594,1,0,1,1,1,Benign,True
2026-03-15 08:06:31.382635096,443,17,178402.58931242512,24,12,2669,12128,378.226530184641,559.7960376276824,11268.543272533365,0,0,0,1,1,Benign,True
2026-03-15 08:06:32.419633365,80,17,147465.59904495828,23,9,7492,6899,337.3630418705008,345.0927473302092,9814.210600665176,0,0,0,1,0,Benign,True
2026-03-15 08:06:33.679750577,443,6,155646.1185836688,14,6,995,6282,408.19400816595305,850.4006094004469,12236.450144283946,0,0,1,1,0,Benign,True
2026-03-15 08:06:34.672893368,80,6,127869.78236592391,12,7,4848,5758,161.14973367599646,1089.3549110486026,3628.3033407568773,0,0,0,1,0,Benign,True
2026-03-15 08:06:36.140935897,22,6,57705.412989050856,2,28,606,2841,67.20297318472026,752.5976253477439,10357.521556233327,1,0,1,1,0,Benign,True
2026-03-15 08:06:37.021442755,53,17,88432.9583859347,9,23,6339,4801,253.67291338806828,777.7483631180588,926.6651137268773,1,0,0,1,0,Benign,True
2026-03-15 08:06:38.516878877,80,6,164042.53480397683,22,28,7309,10569,291.297890970092,499.88151276174574,791.6293292904572,1,0,0,1,0,Benign,True
2026-03-15 08:06:39.816431440,53,6,45281.98165352151,17,21,7642,10719,515.7495580645824,69.89930224881181,2638.8935942034677,0,0,1,1,0,Benign,True
2026-03-15 08:06:40.579261702,22,17,128069.06882026035,6,16,1799,8622,507.4946803205852,504.39439924678265,5739.235627154745,0,0,1,1,0,Benign,True
2026-03-15 08:06:42.068627844,53,17,21600.66288518526,14,3,7541,9955,383.06802812438724,651.1139463863768,7554.864077571177,0,0,0,1,1,Benign,True
2026-03-15 08:06:42.957057448,22,17,613.9257524328602,11,9,6321,5094,557.9529699801398,110.13463256104356,12329.73128500996,0,0,0,1,0,Benign,True
2026-03-15 08:06:44.535429376,80,6,172460.33139292337,14,6,2344,5431,172.99517498526217,199.8128463072036,9732.095874181026,0,0,1,1,0,Benign,True
2026-03-15 08:06:45.350695931,8080,6,183068.52462159772,2,5,4661,11345,45.92779377555745,1083.3349198948795,8203.96801024141,1,0,1,1,0,Benign,True
2026-03-15 08:06:47.061563893,53,6,45484.09517474016,9,6,4821,10745,320.78108832674263,743.0437341817518,10657.282790949283,0,0,0,1,1,Benign,True
2026-03-15 08:06:47.782444758,53,17,178081.43525159612,16,7,2133,14955,211.04739595593378,703.2606314235385,6251.790051920713,0,0,0,1,0,Benign,True
2026-03-15 08:06:49.475328147,443,6,8629.992807684568,4,3,1363,14581,412.12691048365417,98.26430183292669,11933.568387729681,0,0,1,1,0,Benign,True
2026-03-15 08:06:50.580530505,443,17,58630.2817309007,22,4,2383,357,469.77523516986867,864.9752842338066,13556.870713508326,0,0,1,1,0,Benign,True
2026-03-15 08:06:51.656209202,443,17,163880.03619529644,16,7,297,9549,347.36604419349504,65.07247405733362,14915.720086102461,1,0,1,1,0,Benign,True
2026-03-15 08:06:52.969574462,443,6,89547.02354918905,5,4,2783,3778,292.264685601804,223.12710274828152,14649.679703564532,0,0,0,1,0,Benign,True
2026-03-15 08:06:54.177068903,53,17,106872.20377888012,21,21,5403,1592,591.2765484889227,443.83873842279553,9671.98966543001,0,0,1,1,0,Benign,True
2026-03-15 08:06:55.467616237,53,17,2881.1951673781923,8,11,7890,5658,380.2500919795855,1153.216873402865,12497.235889359463,1,0,0,1,0,Benign,True
2026-03-15 08:06:56.252030012,53,6,74216.99789129019,13,5,3184,5468,290.17833973704745,412.65596617119076,2563.669825547462,0,0,1,1,0,Benign,True
2026-03-15 08:06:57.654045537,53,17,61108.004600510314,2,12,1383,5601,588.4338267254584,266.4213628319519,4851.221757002237,1,0,0,1,0,Benign,True
2026-03-15 08:06:58.557029518,443,6,21081.41605143618,24,19,4496,11926,188.6458751259574,886.5889235781067,2631.4381675496857,0,0,1,1,0,Benign,True
2026-03-15 08:07:00.069699420,80,17,32805.173417160375,23,25,7052,3292,363.0424389194905,916.5261311630976,10917.384461505946,0,1,1,1,1,Benign,True
2026-03-15 08:07:01.002774782,8080,6,104796.87060079667,9,16,7705,421,319.70292108944807,771.0973071323086,9914.722510746731,0,0,1,1,0,Benign,True
2026-03-15 08:07:02.438970366,80,6,754.1123770526538,18,19,332,4918,271.0812546254815,1016.9968821019836,2677.9296013453045,0,0,1,1,1,Benign,True
2026-03-15 08:07:03.643458308,8080,6,97072.8850814592,23,24,3714,1240,360.47251464753464,1113.700190836496,6006.138697612025,1,0,0,1,0,Benign,True
2026-03-15 08:07:04.779591091,53,6,160131.983720091,9,16,1478,10409,351.93508717696136,259.51935194958435,10799.500016620368,1,0,0,1,0,Benign,True
2026-03-15 08:07:06.013579065,8080,6,131334.60138270148,13,24,4440,10515,504.5052525076818,245.23953451377272,7504.558345750962,0,0,0,1,0,Benign,True
2026-03-15 08:07:07.358354034,443,6,7722.860284487087,17,26,7767,14387,170.23485078939424,1171.4627013713857,11588.391650135285,1,0,1,1,0,Benign,True
2026-03-15 08:07:08.579546829,80,6,189480.57907235177,13,25,2380,5520,249.02975386759414,399.3716049145086,4959.339125112559,1,0,0,1,1,Benign,True
2026-03-15 08:07:09.595291929,443,6,62817.77603756782,12,1,730,7931,90.65670956464791,204.4373498755882,2536.39650748142,0,0,1,1,0,Benign,True
2026-03-15 08:07:10.859756064,443,6,175965.74816309873,19,4,4000,7357,513.0788146231816,694.9373913989197,3234.1195717991245,1,0,0,1,0,Benign,True
2026-03-15 08:07:12.258741741,443,17,64650.69363103418,20,26,1231,10126,555.6666456060505,69.6681855555334,936.5387560785756,0,0,0,1,1,Benign,True
2026-03-15 08:07:12.971840153,53,17,68358.10349392684,12,11,860,5233,313.10411078909874,961.2578315218559,4836.4509844019785,1,0,1,1,0,Benign,True
2026-03-15 08:07:14.170262139,80,6,190715.83792880125,4,25,7263,7060,539.958381097309,227.22417200689415,7605.454417993023,0,0,0,1,0,Benign,True
2026-03-15 08:07:15.352625407,22,6,18235.4819879898,13,22,3873,4168,410.12380454960254,1055.2630764511528,9183.20946120136,0,0,0,1,0,Benign,True
2026-03-15 08:07:16.894717971,22,6,48999.841990481684,10,16,1871,1878,106.53728249956166,407.4884282808264,7125.011204085978,0,0,0,1,0,Benign,True
2026-03-15 08:07:17.951164980,22,6,161908.23909339507,19,19,7187,11586,275.8992209215754,617.1231237888505,10554.765322249848,0,0,0,1,0,Benign,True
2026-03-15 08:07:19.364592849,8080,6,83764.00819125728,2,26,171,456,434.2561106245154,700.8494400412441,10433.447600752652,0,0,1,1,1,Benign,True
2026-03-15 08:07:20.502738847,53,6,132770.94238943356,21,21,6002,11145,445.65139908583876,901.3296645647073,1202.8936404861943,0,0,1,1,0,Benign,True
2026-03-15 08:07:21.500182654,8080,6,156398.93746964663,8,20,2107,9401,139.1947878432216,469.79981607462355,6076.0265804532155,0,0,0,1,0,Benign,True
2026-03-15 08:07:23.039019928,22,6,157218.32154720282,24,2,6751,5956,61.0086551244871,1120.9382253870706,11874.120611763336,1,0,0,1,0,Benign,True
2026-03-15 08:07:24.157519288,80,6,82445.19755848461,22,14,3100,11713,508.5745610671184,1161.7114508353038,1090.672475059258,0,0,0,1,0,Benign,True
2026-03-15 08:07:25.062320964,22,17,158194.85941743318,15,7,5782,10508,516.9902567315746,748.2159926419284,5376.96799580303,0,0,1,1,0,Benign,True
2026-03-15 08:07:26.318515210,22,17,134424.98500630353,24,7,6776,11807,575.045627652494,287.4585238535051,2858.52823178836,1,0,0,1,0,Benign,True
2026-03-15 08:07:27.488663988,53,6,150953.3914378763,14,25,6925,5345,74.29086181744599,818.9284169929699,11118.505917430573,0,0,1,1,0,Benign,True
2026-03-15 08:07:28.594566989,53,6,110046.88560688039,16,11,6972,6699,324.4184125391224,200.23713039373737,10577.81706947204,0,0,0,1,0,Benign,True
2026-03-15 08:07:29.788670023,8080,6,142609.19549382964,3,25,2996,5326,324.99222224478183,1170.6666493545154,6319.089426927366,1,0,0,1,0,Benign,True
2026-03-15 08:07:31.461676478,53,17,47561.25508693198,2,12,1666,7087,537.6142661332013,502.1525039024904,12693.295649615768,0,0,0,1,1,Benign,True
2026-03-15 08:07:32.362742422,443,6,185944.59828516864,2,9,2256,10805,472.3340895424655,1172.2975471193313,370.82959921751444,1,0,1,1,0,Benign,True
2026-03-15 08:07:33.529991893,8080,6,165780.2817804504,10,14,2222,5747,353.69771930978624,906.4740465073368,7127.3665219189015,0,0,1,1,0,Benign,True
2026-03-15 08:07:34.937811425,53,6,164748.30887513503,14,16,6839,3060,420.598871306671,147.91461518106453,3362.4298346716423,1,0,0,1,1,Benign,True
2026-03-15 08:07:36.031795839,22,17,22718.8355988099,2,2,2069,4556,474.4603379114667,704.6574075760898,3900.191340602604,0,0,1,1,0,Benign,True
2026-03-15 08:07:37.461683992,8080,17,163493.82090974273,11,23,672,4761,395.81092435409136,745.7019783500695,2233.386160480367,0,0,1,1,0,Benign,True
2026-03-15 08:07:38.568180896,8080,6,88395.3708855367,16,6,575,6427,544.1412376660182,977.6393524463654,13918.611171798275,0,0,1,1,0,Benign,True
2026-03-15 08:07:39.587621738,443,17,156515.57006223904,13,20,7999,9778,189.51297647048835,637.7171436418158,443.74230699098473,0,0,0,1,1,Benign,True
2026-03-15 08:07:40.725815684,8080,6,4059.5482774348275,3,10,5843,14552,145.17492664283307,543.140233810365,4034.502778386623,0,0,0,1,0,Benign,True
2026-03-15 08:07:42.291978926,80,6,122361.44675806546,8,1,6612,9470,198.3959199373233,623.5826472593926,4536.036996937217,1,0,1,1,1,Benign,True
2026-03-15 08:07:43.330656141,80,6,76516.59160630884,8,1,7916,4687,345.0769331795576,100.94638472694713,12732.861152915682,0,0,0,1,0,Benign,True
2026-03-15 08:07:44.670716796,8080,6,158120.7204170263,8,6,984,5706,476.9345481865743,660.885390114771,2699.929936158781,0,0,1,1,0,Benign,True
2026-03-15 08:07:45.371087146,53,17,50547.529087717485,18,15,6917,1616,151.78442114240812,593.4597926216674,3902.4498172935814,0,0,1,1,1,Benign,True
2026-03-15 08:07:47.010320207,443,6,13827.350837589389,13,15,3662,6619,150.30821102170205,1081.605187304297,14614.808970008264,0,0,1,1,0,Benign,True
2026-03-15 08:07:48.082244330,80,6,14346.598405350707,4,9,7948,3753,181.80466973861078,573.0387097302931,14256.313916237823,0,0,1,1,0,Benign,True
2026-03-15 08:07:48.973153007,8080,6,132269.45150462718,15,23,1574,5615,69.25243915895433,254.98473486826256,9286.649946339012,1,0,1,1,0,Benign,True
2026-03-15 08:07:50.452954799,53,17,110100.59862087762,19,13,6294,3457,268.1569756318404,1107.8529872688894,2656.810069582769,0,0,1,1,1,Benign,True
2026-03-15 08:07:51.711657819,80,6,150011.36284900393,5,1,5886,7309,541.8170844607417,554.362240450504,14435.97122223362,0,0,1,1,0,Benign,True
2026-03-15 08:07:52.507381611,22,17,143557.67207927027,9,8,1383,14465,426.34978058165103,944.1166281250897,7825.8257279987665,1,0,0,1,0,Benign,True
2026-03-15 08:07:53.972590777,443,6,49006.34529093223,20,25,2447,8889,260.69208358273806,694.2770287841004,8038.850650023116,1,0,1,1,0,Benign,True
2026-03-15 08:07:55.395239706,53,6,79113.41210181265,23,17,723,13794,512.0043191873717,443.333422306837,7827.039956720001,1,0,1,1,0,Benign,True
2026-03-15 08:07:56.277215415,22,17,166372.32134656643,23,10,2242,14029,358.6029670990891,646.5413787786017,6407.25856886845,0,0,1,1,0,Benign,True
2026-03-15 08:07:57.575128849,80,6,17829.6110963723,8,7,6246,13122,325.16521157414246,595.0512881246317,6523.954059901679,0,0,1,1,0,Benign,True
2026-03-15 08:07:58.765388476,53,6,13116.412598761639,6,24,3820,9321,279.89213695582123,974.5486462940985,6879.538866524516,0,0,0,1,1,Benign,True
2026-03-15 08:07:59.881156434,53,6,174961.41415167923,19,11,6363,12504,106.4363848542518,485.63584917828615,14017.862244257862,1,0,0,1,0,Benign,True
2026-03-15 08:08:01.451065137,53,6,28812.22664071939,13,17,507,5798,209.12616445825884,832.2155092717577,14397.579242113874,1,0,0,1,1,Benign,True
2026-03-15 08:08:02.568776421,22,6,136725.7559715189,13,21,2011,10985,518.8624066717927,752.2783387973808,2556.6688082535256,0,1,1,1,0,Benign,True
2026-03-15 08:08:03.366353046,80,17,193813.8509816644,3,26,6771,8307,213.25779321248916,855.7829603601446,12517.278477630849,1,1,1,1,0,Benign,True
2026-03-15 08:08:05.098220794,53,6,53435.84614946779,20,1,1966,7778,288.87935884863003,990.8902505162838,2240.885433768935,0,0,1,1,0,Benign,True
2026-03-15 08:08:06.227520014,8080,6,95866.86059158765,15,4,2827,10587,595.6978748155785,946.8308985482627,3424.373615495658,0,0,0,1,0,Benign,True
2026-03-15 08:08:07.070345062,8080,17,159223.08207907618,6,26,2448,1305,571.3630307119516,714.6713511772631,7332.593235949813,1,0,0,1,0,Benign,True
2026-03-15 08:08:08.602137947,8080,6,162936.42321614423,22,25,7651,10528,337.11125202350905,1003.7824263314557,13111.907987303517,0,1,1,1,0,Benign,True
2026-03-15 08:08:09.363851719,8080,17,155391.51658556884,7,18,1022,7598,378.7172275786474,1061.3153843423875,12721.99655711285,1,0,0,1,0,Benign,True
2026-03-15 08:08:11.099462838,53,17,112482.23944001885,15,29,6126,8344,401.5118456658506,832.4360379844381,12472.786529365023,0,0,0,1,0,Benign,True
2026-03-15 08:08:12.099410841,80,17,153428.1601052246,13,1,287,5920,137.12920969398624,378.4970073535932,617.2278732962691,0,1,1,1,0,Benign,True
2026-03-15 08:08:13.290075009,53,6,155512.88714330338,4,27,3923,7885,59.75903967391268,868.71123546126,14770.577280879095,0,0,0,1,0,Benign,True
2026-03-15 08:08:14.154264436,8080,6,188246.28302901596,10,27,6348,8833,498.3873739388859,941.0574615800708,7795.75655288038,0,0,0,1,0,Benign,True
2026-03-15 08:08:15.838220039,80,6,53407.87946981913,24,20,4478,2847,401.07256440237194,591.2023198806885,12610.94784823555,0,0,1,1,0,Benign,True
2026-03-15 08:08:16.517399701,443,6,164749.20909297632,6,2,5140,1896,179.50923189476362,549.7185267517903,12030.772274770852,1,0,0,1,0,Benign,True
2026-03-15 08:08:17.844496834,443,6,30330.63825853246,3,10,6229,13306,306.86660751164374,908.323277689521,7323.199746795464,0,0,0,1,0,Benign,True
2026-03-15 08:08:18.985813125,53,6,147682.10184170408,21,2,1226,1230,138.23100235037208,1129.013299538573,12262.71757670992,0,1,0,1,0,Benign,True
2026-03-15 08:08:20.566060764,80,17,61632.506658459024,8,28,3258,13050,97.00731995312822,344.47993833946987,8958.161296772554,0,0,1,1,0,Benign,True
2026-03-15 08:08:21.418922536,53,17,187167.43585411055,7,20,3202,6633,208.88176158196814,861.0369650329909,1611.4749387737738,0,0,1,1,0,Benign,True
2026-03-15 08:08:23.046382936,53,6,191473.47001589803,24,4,1533,2910,280.8214843850106,381.5927529032986,9770.227374619886,0,0,1,1,0,Benign,True
2026-03-15 08:08:24.093761423,53,6,62921.82166284823,2,6,5522,9245,83.97975704805168,453.3153084521238,10701.272099651083,0,0,1,1,0,Benign,True
2026-03-15 08:08:24.921697626,443,17,161156.42376041476,2,7,4919,13606,435.72159151956595,122.38071637764807,12009.378068058779,0,0,0,1,0,Benign,True
2026-03-15 08:08:26.103257900,53,6,54952.49018297144,22,8,5101,1781,417.8863982806599,622.0207384725857,5926.235968235146,1,0,0,1,0,Benign,True
2026-03-15 08:08:27.330994750,8080,17,7130.015971525536,4,2,1777,10486,584.9616737555609,578.3447573337255,2291.210771212539,1,0,1,1,0,Benign,True
2026-03-15 08:08:28.863555106,8080,17,67408.5637300149,13,4,6268,14154,519.921521538227,934.7640594611134,12934.320678132164,1,0,1,1,1,Benign,True
2026-03-15 08:08:30.180889086,80,6,12551.311570728678,18,9,326,3780,527.2350664658985,588.784838326429,10284.809137950067,1,0,1,1,0,Benign,True
2026-03-15 08:08:31.043131692,22,17,62827.45820606543,5,20,3313,5636,177.38555391870258,135.48546435555497,10195.094068419625,0,0,1,1,0,Benign,True
2026-03-15 08:08:32.609645305,53,6,131575.19660106226,23,19,7378,13989,580.0112878686217,546.4512717753728,9294.47972461143,1,0,1,1,0,Benign,True
2026-03-15 08:08:33.334339164,53,6,59481.06191201265,10,18,1579,5847,554.8099220611881,1081.415091825415,5463.492314649617,0,0,1,1,0,Benign,True
2026-03-15 08:08:34.980578312,53,6,25197.681797162404,24,23,5065,9338,251.05374065328934,1107.4182927161514,9929.123325536746,1,0,0,1,1,Benign,True
2026-03-15 08:08:36.256677258,8080,6,163870.03008453484,24,15,3779,4010,254.72689351558384,1129.6591403302791,5516.958996696469,1,0,1,1,1,Benign,True
2026-03-15 08:08:37.363265039,443,6,98630.07489284864,10,29,2816,3429,145.01694654346704,1158.027819430252,10369.002845180126,0,0,1,1,1,Benign,True
2026-03-15 08:08:38.518872470,53,6,110445.0487922931,11,8,7106,11649,264.04937276562134,753.1895427751272,4260.118928974178,0,0,1,1,0,Benign,True
2026-03-15 08:08:39.802788131,22,6,54787.60097741031,9,5,5797,2265,438.4182247999059,312.6673240728818,1857.8576144877513,1,0,1,1,0,Benign,True
2026-03-15 08:08:40.524090779,53,6,36571.83341446379,14,13,6799,782,235.82386059614979,930.7897939090687,8191.299849331975,1,0,0,1,1,Benign,True
2026-03-15 08:08:41.821069266,22,6,148560.16242370819,9,4,3520,12149,402.59386386920806,446.26200197505744,13272.055212770734,0,0,1,1,0,Benign,True
2026-03-15 08:08:42.974954207,443,6,103592.67074437856,15,29,3317,3424,424.2792128202505,551.111085726628,14025.726404299066,1,0,0,1,0,Benign,True
2026-03-15 08:08:44.402718594,80,17,165366.90031027436,10,15,1118,14063,251.54562314254045,360.0179091115825,14926.339447464985,0,0,1,1,0,Benign,True
2026-03-15 08:08:45.747112876,80,6,169624.0308248421,14,14,7722,4590,453.6330139871141,385.3269041105538,9203.200315839431,1,0,0,1,0,Benign,True
2026-03-15 08:08:46.878007106,443,17,27116.72549842842,3,11,1954,13105,274.53332907795743,421.7142090247931,11113.07044433758,0,0,1,1,0,Benign,True
2026-03-15 08:08:48.210678659,443,6,46437.01276511382,15,17,2355,5597,233.30392035395928,1084.2965607894312,6530.651463917809,0,0,1,1,0,Benign,True
2026-03-15 08:08:48.993127795,443,6,65768.63301173112,16,28,3483,4865,86.40964342353946,652.847748161868,3495.1971317176644,1,0,1,1,0,Benign,True
2026-03-15 08:08:50.540772655,80,6,199735.46859798417,9,6,5894,7624,525.5859563607069,731.8153376801469,8335.973014955447,0,0,0,1,0,Benign,True
2026-03-15 08:08:51.415824894,53,6,10848.696746424002,18,20,4292,2519,282.23892927968376,1039.3644907432615,1506.8512818007848,0,0,1,1,0,Benign,True
2026-03-15 08:08:52.662455250,443,6,86014.46054240248,12,2,2990,1599,331.17739079812605,181.751798132751,6433.481461107073,0,0,0,1,0,Benign,True
2026-03-15 08:08:54.125942818,443,6,133940.52551927714,16,27,808,8345,418.7661517457239,147.99617300092106,14321.558737279138,0,0,0,1,0,Benign,True
2026-03-15 08:08:55.488122870,22,6,56896.203201389966,7,17,1577,3685,477.3794864763545,1120.0856009779986,12939.678169097304,1,0,0,1,0,Benign,True
2026-03-15 08:08:56.466926163,22,17,143568.2006014706,4,1,5834,2302,422.41566734272214,200.72428333250323,819.5485764789631,0,0,0,1,0,Benign,True
2026-03-15 08:08:57.332700188,8080,17,40470.40599602481,19,1,427,12683,530.7383176029168,270.6936610219785,4053.6045876244784,0,0,0,1,1,Benign,True
2026-03-15 08:08:58.869785381,22,6,117886.0249501498,21,1,427,13278,447.5465220582303,958.2144320567472,1170.1955481226664,1,0,1,1,0,Benign,True
2026-03-15 08:08:59.725410330,8080,6,140406.89235244645,11,7,7378,12724,167.27883924467028,80.03430335246149,9324.78546218616,1,0,0,1,1,Benign,True
2026-03-15 08:09:01.430487426,53,6,44521.316842824315,15,11,231,6240,105.6821280734036,813.3031579871888,8923.248503477898,0,0,0,1,0,Benign,True
2026-03-15 08:09:02.525746971,443,17,147227.41675305614,4,7,1093,12783,139.89857340605823,194.87360320263602,2521.6977243795823,0,0,1,1,0,Benign,True
2026-03-15 08:09:03.403876707,8080,6,154881.00008254382,18,10,3013,1379,127.32973931724777,164.3768582189207,13319.457772237902,0,0,1,1,0,Benign,True
2026-03-15 08:09:04.555032603,22,6,96440.67668993579,3,5,907,5188,204.27086345346245,878.0455364311192,10144.152375709882,1,0,1,1,0,Benign,True
2026-03-15 08:09:05.810119937,443,6,148183.65222936685,6,18,7316,6695,463.99411783130233,903.4378957264845,2143.957198798087,1,0,1,1,0,Benign,True
2026-03-15 08:09:07.488016307,80,6,47753.18647424647,12,25,4001,7916,336.08621361544306,587.2593287414304,11729.516807880877,0,0,0,1,0,Benign,True
2026-03-15 08:09:08.375136385,443,17,71064.13038044453,2,15,579,4187,353.9564370367076,1061.3927197474954,8201.53917422827,0,0,0,1,0,Benign,True
2026-03-15 08:09:09.770448569,443,6,37517.19102783959,3,10,2654,11773,576.7079279396581,292.29848165436175,1031.5532072387225,0,0,0,1,0,Benign,True
2026-03-15 08:09:10.881845005,443,6,18799.491842994223,7,18,3825,7625,83.17581461273102,1043.5287003761246,4342.224567363757,1,0,0,1,0,Benign,True
2026-03-15 08:09:12.043447889,443,6,33128.363586923995,10,20,4480,14769,516.0100121358156,891.3807730168386,13154.47835386763,1,0,1,1,1,Benign,True
2026-03-15 08:09:12.987078152,53,6,169846.16981638205,5,23,2124,8747,185.4618818946758,1058.0004908802798,261.16040969646997,0,0,1,1,0,Benign,True
2026-03-15 08:09:14.667614672,22,17,44854.62105326329,4,5,2887,273,427.77525950791926,342.40927674074027,5335.9261045706,0,0,1,1,0,Benign,True
2026-03-15 08:09:15.480805579,80,6,138559.7471424908,13,2,3293,12483,578.6220786785589,752.7064109434696,14351.974728357747,0,0,0,1,0,Benign,True
2026-03-15 08:09:16.846810329,53,17,101782.63697714637,12,29,1857,7215,141.47528990949723,431.88069990677417,3016.071776320979,0,0,1,1,0,Benign,True
2026-03-15 08:09:18.119865566,8080,6,193408.23650679342,4,2,4761,6392,62.623002559147515,227.18478590671197,6991.644128438467,0,0,1,1,0,Benign,True
2026-03-15 08:09:19.289539893,22,17,92323.83455904416,20,19,7078,2147,391.4179229047702,1112.5774519038973,2658.2674117737984,1,0,1,1,0,Benign,True
2026-03-15 08:09:20.664356645,443,6,26203.027081152057,8,28,6772,1127,76.67070287685745,1083.8980590871406,4581.356007251357,0,0,1,1,0,Benign,True
2026-03-15 08:09:21.389063393,443,6,67061.75661228244,14,23,2125,5069,435.4408283324351,251.8422962336425,4452.683228703355,0,0,1,1,0,Benign,True
2026-03-15 08:09:22.805011643,80,6,136117.2365007268,22,25,2320,10802,123.23380790877579,1174.8371241250627,11820.135359948647,0,0,0,1,0,Benign,True
2026-03-15 08:09:23.942420634,53,6,74799.33111749068,17,10,4175,1318,126.91264080454289,146.2350306162793,12312.625642988429,0,0,1,1,0,Benign,True
2026-03-15 08:09:25.184501237,80,6,163183.06033686732,10,28,7901,10881,99.12980689672074,802.1626395489972,1894.45486239227,0,0,1,1,0,Benign,True
2026-03-15 08:09:26.171530515,8080,17,26875.762729678347,22,6,425,7451,514.720710293392,646.499609269218,8144.886136997438,0,0,1,1,1,Benign,True
2026-03-15 08:09:27.380456765,8080,6,55126.92738269245,15,8,5907,948,197.4020139106134,89.24204534466571,11847.273574778756,0,0,1,1,1,Benign,True
2026-03-15 08:09:28.666845327,8080,6,18123.993567982612,10,19,6034,5442,164.8594673122979,120.70576205937792,13482.41073713525,0,0,0,1,0,Benign,True
2026-03-15 08:09:29.882822762,80,17,174802.23239365694,3,22,7055,6597,240.49469972702317,990.1126021472463,11380.198448182984,0,0,0,1,0,Benign,True
2026-03-15 08:09:31.156741928,443,17,30998.040237085792,2,29,6878,10476,513.5213547837905,771.132412025038,9398.540208485983,0,0,0,1,0,Benign,True
2026-03-15 08:09:32.466592528,8080,6,174187.77116652625,12,7,236,11102,98.29081997715821,90.48643374819716,519.7966942497168,0,0,0,1,0,Benign,True
2026-03-15 08:09:33.680777470,443,6,79079.10291470785,14,23,4222,10764,303.3324831720765,758.7617510900667,13295.836636037766,0,0,0,1,1,Benign,True
2026-03-15 08:09:34.747086537,53,6,54623.731216509594,9,29,7402,8849,108.90421783895455,362.6984656786709,5363.07616516804,1,0,0,1,0,Benign,True
2026-03-15 08:09:35.945269865,8080,6,172253.46268463793,3,19,273,7866,483.44087401700926,146.43845956234867,10881.805059414502,1,0,1,1,0,Benign,True
2026-03-15 08:09:37.030577116,22,17,145594.08564222153,3,4,2229,3779,319.34849254108093,247.14658791845702,11868.609452195382,1,0,0,1,0,Benign,True
2026-03-15 08:09:38.452983749,8080,6,139316.16547544298,10,24,4775,9771,194.7867042906373,804.1271249933237,2090.9996413431654,1,0,0,1,0,Benign,True
2026-03-15 08:09:39.490224546,443,6,41214.24236495355,8,28,2315,10850,372.07642906367784,1027.7085864076723,8203.659869244075,0,0,0,1,0,Benign,True
2026-03-15 08:09:40.521635900,8080,6,88695.95950235684,18,22,4806,3480,596.2674294859033,427.67885927246203,13539.121509552695,1,0,0,1,0,Benign,True
2026-03-15 08:09:41.951040026,22,6,111282.1776754288,8,15,7719,11500,226.6528696547107,496.3376169307228,12997.945828559194,1,0,0,1,0,Benign,True
2026-03-15 08:09:43.184479605,8080,17,47721.05703565383,11,10,7223,11586,273.3683770784879,372.1453754621793,5771.848976600369,0,0,0,1,1,Benign,True
2026-03-15 08:09:44.235355720,8080,17,52858.791353501365,24,29,5149,3015,96.63962516035356,787.7820441874301,5957.6232897832515,0,0,0,1,0,Benign,True
2026-03-15 08:09:45.643474759,22,17,171572.97229781272,19,14,1286,13619,122.08151026219059,386.8296820834198,3664.1458393835123,1,0,0,1,0,Benign,True
2026-03-15 08:09:46.839463140,443,6,60591.21351932913,12,7,7547,14681,219.28262500259828,825.0176330661981,10199.831506099283,0,0,0,1,0,Benign,True
2026-03-15 08:09:48.121201308,80,6,142111.7720684626,19,6,7309,4396,447.5967426717428,147.22282366648886,6136.262807334828,0,0,0,1,0,Benign,True
2026-03-15 08:09:49.288769089,22,6,68115.90554632133,11,25,4687,6444,335.34173427609346,701.6750615793057,8488.652019789082,0,0,0,1,0,Benign,True
2026-03-15 08:09:50.491459833,443,17,154522.6366449524,24,1,3425,957,257.1691394979937,882.1774309622174,9865.576213810022,1,0,0,1,0,Benign,True
2026-03-15 08:09:51.489728491,443,6,127800.56658491536,4,14,3360,11694,42.9456690388905,305.9104896003513,4516.920614932344,1,0,0,1,0,Benign,True
2026-03-15 08:09:52.972459333,80,6,192486.0052031875,21,4,6776,5255,151.44846213505826,366.2930018089711,8981.132790315676,0,0,1,1,0,Benign,True
2026-03-15 08:09:54.029486630,22,17,61705.709827331324,14,25,7911,11034,337.1838440055416,994.5141998737805,12212.63088530526,0,0,0,1,0,Benign,True
2026-03-15 08:09:55.158850917,8080,17,104312.97106855453,11,18,777,5381,404.9355040576745,760.0605876090011,909.8729295767492,0,0,1,1,1,Benign,True
2026-03-15 08:09:56.475607488,53,6,143918.97100567055,5,17,4312,14754,93.00059088222736,684.5840461538905,8928.810968181682,0,0,0,1,0,Benign,True
2026-03-15 08:09:57.516394400,53,6,36603.485019503925,18,15,6885,12337,580.046025104554,194.70198324522596,12563.17500966868,1,0,1,1,0,Benign,True
2026-03-15 08:09:58.807643546,443,6,116079.63991925443,9,13,6631,14898,202.65464216126716,530.9841852940739,13552.629456337949,0,0,0,1,0,Benign,True
2026-03-15 08:10:00.142023413,80,6,124531.67987442791,4,29,4603,6373,415.79156783100575,1153.7929161038423,5263.285205558415,0,0,0,1,0,Benign,True
2026-03-15 08:10:01.431841732,8080,17,30074.3143022418,5,28,4228,1210,370.48153190114766,920.2155330803948,276.76657376832975,0,0,1,1,0,Benign,True
2026-03-15 08:10:02.652634318,53,6,5583.84581758929,7,26,162,10542,242.5311675487784,1141.4086938206601,767.2326165515209,0,0,1,1,0,Benign,True
2026-03-15 08:10:03.602179755,443,17,126555.60584509783,16,10,796,11638,145.4846162359915,876.4744432539844,9419.880471967008,0,0,1,1,0,Benign,True
2026-03-15 08:10:04.812165068,80,6,33727.69243299109,9,14,2426,7464,269.2644057459032,861.0930958723136,11127.360742477453,0,0,1,1,0,Benign,True
2026-03-15 08:10:06.179922246,8080,17,168639.27569090913,14,28,6883,7103,562.6137032954073,1197.713773004543,7344.319097528727,1,0,0,1,0,Benign,True
2026-03-15 08:10:07.088670415,80,6,65364.365206594535,20,7,6307,6070,429.5031570178489,385.7446127502246,7103.706004361399,0,0,0,1,0,Benign,True
2026-03-15 08:10:08.602429417,8080,17,116256.72516947948,4,13,3912,4150,522.2229702627059,658.6683681298642,13854.331157173325,0,0,1,1,1,Benign,True
2026-03-15 08:10:09.596484987,8080,6,90858.75162705772,14,16,3935,12425,327.359297320864,260.6681565207823,966.8457508775915,0,0,0,1,1,Benign,True
2026-03-15 08:10:10.569514034,8080,17,64259.91232150569,20,7,3308,8276,385.56854992491265,666.6253863627632,14282.664103132409,1,0,1,1,0,Benign,True
2026-03-15 08:10:11.743235488,22,6,156978.991311661,10,25,1498,12983,61.66867968737296,754.1912276053113,10359.22005595546,0,0,0,1,0,Benign,True
2026-03-15 08:10:13.405195926,443,17,10188.85491920667,18,18,3784,8956,505.4104128788857,735.1842536393917,14245.62534601337,0,0,1,1,0,Benign,True
2026-03-15 08:10:14.133340750,80,6,97559.39325596878,2,4,1354,5215,486.9751830363837,97.66822467978349,2540.2136262170043,0,0,0,1,1,Benign,True
2026-03-15 08:10:15.468366861,53,17,84944.78067882154,9,14,2503,4349,195.96367230503904,874.8174643942256,9305.873255499642,1,0,1,1,1,Benign,True
2026-03-15 08:10:16.700478024,443,6,54160.51699438087,23,11,7885,11062,485.09237138312983,821.0396050928716,14750.692803243774,0,0,1,1,0,Benign,True
2026-03-15 08:10:17.803796667,22,6,38555.80027868207,24,11,6411,6005,458.8798958287788,876.522692320007,12517.156458012218,1,0,0,1,0,Benign,True
2026-03-15 08:10:19.088336021,443,6,179177.47250125947,16,26,7992,7396,445.04222883479656,675.5528411645761,6879.079830551667,0,0,0,1,0,Benign,True
2026-03-15 08:10:20.545615540,443,17,86561.60072850162,15,16,4124,6685,518.7605275453932,565.2130701650008,1334.198185168109,1,0,1,1,0,Benign,True
2026-03-15 08:10:21.308809706,80,17,41945.913871562974,19,2,3988,6100,462.1195800260274,340.36462378418946,3872.8054355262216,0,0,0,1,0,Benign,True
2026-03-15 08:10:22.996304054,80,6,155052.90113503553,18,7,5234,14124,219.9503859382363,178.39084827145575,3680.5479689424933,0,0,0,1,1,Benign,True
2026-03-15 08:10:24.213928814,443,6,90528.43081603582,7,2,1688,6593,208.36762327472863,183.4636698365993,2910.8482999722705,1,0,1,1,0,Benign,True
2026-03-15 08:10:25.123356943,80,6,72773.42496736979,5,5,3109,12109,73.40407384314008,521.5322363858616,12307.788560823488,0,0,0,1,0,Benign,True
2026-03-15 08:10:26.192167739,53,6,51434.04075772074,6,16,2001,6110,467.665499925177,581.3559713608437,14335.803205882701,0,0,0,1,0,Benign,True
2026-03-15 08:10:27.660504244,22,17,199794.31385565823,3,27,4212,8855,161.9929614390175,375.5266067251149,6798.196154251093,0,0,1,1,0,Benign,True
2026-03-15 08:10:28.571803533,443,6,69269.43787877838,12,29,4165,8971,390.3025970218804,937.8374863807842,2386.5795292978128,0,0,1,1,0,Benign,True
2026-03-15 08:10:29.918951616,80,6,115789.61663665464,9,3,5550,12098,556.7881808591419,120.73604560952593,1906.6213712175097,1,0,0,1,0,Benign,True
2026-03-15 08:10:31.475057508,443,6,28467.570764812022,13,7,852,3130,556.8154643953469,695.8682591676829,5437.479028365951,1,0,1,1,0,Benign,True
2026-03-15 08:10:32.697278683,53,6,140210.43995017128,10,24,1056,5012,284.18980267706746,251.90955114100612,14471.122653837841,0,0,1,1,0,Benign,True
2026-03-15 08:10:33.763262934,22,6,111543.34738853488,2,29,7960,8984,594.4046034088444,203.89698314221727,5947.569714690156,1,0,0,1,0,Benign,True
2026-03-15 08:10:34.686576905,53,6,153492.05449756893,5,19,5663,2458,80.88150783951554,760.6692849908795,7554.10741876771,0,0,0,1,0,Benign,True
2026-03-15 08:10:36.112599029,8080,6,23588.69585661491,10,4,6944,7035,121.81722337712664,543.2168192808467,6309.067089240228,0,0,1,1,0,Benign,True
2026-03-15 08:10:37.323243819,8080,17,61331.979014276,2,1,6345,6928,280.4808435849609,897.1327004046058,2590.042504457131,0,0,0,1,0,Benign,True
2026-03-15 08:10:38.332705017,53,17,78568.98441286055,9,16,5768,4542,570.5512764666593,1197.4486261853403,12301.761098218823,0,0,0,1,1,Benign,True
2026-03-15 08:10:39.684533180,80,6,35699.61368079725,13,10,818,12050,527.326989759146,652.4732611052427,7256.64135462903,1,0,1,1,0,Benign,True
2026-03-15 08:10:40.506436586,22,6,30776.246492460206,21,28,3196,8788,268.971279984944,940.4015756672597,3035.723807041253,0,0,1,1,1,Benign,True
2026-03-15 08:10:41.825434595,80,6,141304.505696404,16,4,2468,12709,440.54645740019197,196.76283226659177,14712.270348269785,0,0,0,1,0,Benign,True
2026-03-15 08:10:43.215052981,53,17,93525.2022423449,3,24,7952,9492,383.01577002365264,651.2029447866284,12647.58218379152,0,0,1,1,0,Benign,True
2026-03-15 08:10:44.198250782,443,6,177818.25624348244,19,10,4447,5833,210.30653297151102,982.8657678705831,13962.76585952292,0,0,0,1,0,Benign,True
2026-03-15 08:10:45.399544120,80,17,23618.459561200827,5,15,5284,4481,87.95501342056278,496.14291748051835,3810.437678221688,0,0,0,1,0,Benign,True
2026-03-15 08:10:47.001782574,80,6,170628.9403288018,7,22,2842,9497,548.2697634109106,652.4999551170457,9537.01692872,0,0,0,1,0,Benign,True
2026-03-15 08:10:48.293479801,53,6,135099.70613102173,3,27,6936,6201,79.31243783126811,548.3959062660556,5214.0763829470125,1,0,1,1,0,Benign,True
2026-03-15 08:10:49.233581656,53,6,144652.90985607254,15,2,4122,3494,47.26183104017619,641.180442758572,13149.417837056795,0,0,1,1,0,Benign,True
2026-03-15 08:10:50.603441838,443,17,180604.96010630325,23,11,5511,10560,583.0678538344476,932.4948410563625,10141.02929541157,0,0,1,1,1,Benign,True
2026-03-15 08:10:51.894192998,443,6,104797.3718219932,14,21,3854,8018,273.9013813167701,157.37767302380308,1978.140168162144,1,0,0,1,1,Benign,True
2026-03-15 08:10:52.584957533,22,6,62752.65318379711,2,21,6142,10349,302.52678080054255,583.0309295925032,3111.8026085597057,1,0,1,1,0,Benign,True
2026-03-15 08:10:53.968947367,53,17,29077.154947210074,18,26,4065,2806,195.8867570469163,217.42805857126308,11059.622014700604,0,0,1,1,0,Benign,True
2026-03-15 08:10:55.135543629,22,6,190156.72189567375,2,20,7657,8602,391.84547033615485,290.18337831945706,8257.329739546838,1,0,0,1,0,Benign,True
2026-03-15 08:10:56.148029570,443,6,44619.185832365874,22,19,1434,9900,467.8826195537792,1199.9398734981683,699.4623044545604,0,0,0,1,0,Benign,True
2026-03-15 08:10:57.753198103,8080,6,133861.83936796544,12,5,3105,14884,507.17170350426363,807.3241615349983,5328.339792429786,1,0,0,1,0,Benign,True
2026-03-15 08:10:58.760267416,443,6,73738.96155660438,5,25,6135,8090,301.9482767633011,1038.931022520639,6997.47531634568,0,0,0,1,0,Benign,True
2026-03-15 08:10:59.981596160,80,17,29196.493074794365,15,15,1905,11110,190.63079624585276,789.2218735463229,10388.645680518497,0,0,0,1,0,Benign,True
2026-03-15 08:11:00.990403784,53,6,145380.45950472754,4,18,6906,6834,569.6807868226266,175.99184571367437,13212.022452987776,1,0,0,1,0,Benign,True
2026-03-15 08:11:02.208555991,22,6,174886.08374357183,7,25,4100,2782,386.9263098469396,305.1445544982855,6482.72304348944,1,0,1,1,1,Benign,True
2026-03-15 08:11:03.844262173,53,17,106510.13495697863,2,5,6358,9401,594.1438802003304,1082.4442207767547,13880.242077934667,0,0,0,1,1,Benign,True
2026-03-15 08:11:04.526789453,8080,17,2926.4450269467443,5,19,1578,3693,83.39450501434253,1049.2248578910012,11721.967349572247,0,0,0,1,0,Benign,True
2026-03-15 08:11:05.839711370,80,6,113148.51818433148,13,12,3022,2977,367.9544150411204,915.9471119747502,11321.296156452818,0,0,1,1,0,Benign,True
2026-03-15 08:11:07.075235598,80,17,45082.584405278874,10,16,3090,13466,371.524497178161,825.7841768335641,11898.423567619204,0,0,1,1,0,Benign,True
2026-03-15 08:11:08.394118525,80,6,41766.65646295065,23,19,4986,8957,422.6647994050261,950.4822324514633,13734.239322775538,1,0,1,1,1,Benign,True
2026-03-15 08:11:09.651867103,22,17,36104.64726189568,16,27,2467,6383,310.55259819678014,72.38744291243772,3613.366479567382,0,0,1,1,1,Benign,True
2026-03-15 08:11:10.795973985,443,6,52398.151503683475,3,25,936,1874,585.5738293914388,874.9146983787506,7608.626513974471,0,0,1,1,0,Benign,True
2026-03-15 08:11:11.750469200,443,6,86663.32112589118,16,24,1924,1970,131.2767961202477,820.3944352194313,9125.363179739825,1,0,0,1,1,Benign,True
2026-03-15 08:11:13.046200472,53,6,141488.47822984034,18,16,7485,13164,167.55876418406007,517.9289089023295,11963.865317805872,0,0,0,1,0,Benign,True
2026-03-15 08:11:14.606153030,8080,17,155833.8013523143,21,10,2411,4135,178.45127858112212,302.8059046907903,11022.529210213754,0,0,0,1,0,Benign,True
2026-03-15 08:11:15.682553220,80,6,130871.34855514274,7,17,6086,14497,304.73356681916937,1040.5556192582076,9725.547664622349,0,0,1,1,0,Benign,True
2026-03-15 08:11:16.889489430,8080,17,176176.20363766968,12,25,1841,7486,184.20487878578604,615.7983920611097,12337.042845198628,0,0,0,1,0,Benign,True
2026-03-15 08:11:18.102121953,80,17,44003.46566555128,22,22,3406,1389,175.91960750648485,1069.920595875748,8696.120189684829,0,0,1,1,1,Benign,True
2026-03-15 08:11:19.357741811,22,6,41544.94789139667,2,14,2175,2338,325.21593949525277,912.0901466839259,7741.721261873592,0,0,0,1,0,Benign,True
2026-03-15 08:11:20.134865089,8080,6,187758.1619365292,17,7,2360,10058,125.42571043624892,873.6785589914608,268.97906944528745,0,0,0,1,0,Benign,True
2026-03-15 08:11:21.519965030,80,6,62123.332069973454,12,16,7634,3672,343.54655785188,1033.9653333165634,9996.294102686235,0,0,0,1,0,Benign,True
2026-03-15 08:11:22.823716461,443,6,151707.7745611521,12,25,1853,3154,85.66010705802731,505.2349586191126,8058.841082188151,0,0,1,1,1,Benign,True
2026-03-15 08:11:23.903073889,22,6,60736.03671772467,3,21,4906,7194,190.63353301115492,447.11263178547995,11217.512520644923,1,0,0,1,0,Benign,True
2026-03-15 08:11:25.406687323,443,6,198009.9703675736,24,14,496,10253,551.7213173211178,777.1301981948271,3815.739276305823,0,0,0,1,1,Benign,True
2026-03-15 08:11:26.389543505,80,17,32393.475616990458,12,8,1551,1591,460.56879656552024,785.5642559232035,5006.331568754265,0,0,1,1,0,Benign,True
2026-03-15 08:11:27.761176553,8080,6,174316.09620639688,9,23,6437,5614,394.04399717383103,911.9066435788444,14357.5175006739,0,0,0,1,0,Benign,True
2026-03-15 08:11:29.011209310,80,6,31838.95971880825,23,1,1752,13955,393.3655361277451,1091.8223070146485,4775.628335291478,1,0,0,1,0,Benign,True
2026-03-15 08:11:30.002874889,8080,6,32113.071788491467,24,24,1018,8445,307.04555497916226,374.10310095041837,14759.299364380411,1,0,1,1,0,Benign,True
2026-03-15 08:11:31.445731346,8080,6,104249.09422827781,15,23,2298,12461,452.6549873499444,441.63486066915027,10957.7901026855,1,0,0,1,0,Benign,True
2026-03-15 08:11:32.452274364,443,17,157507.20249382322,18,16,269,7448,358.88760992350484,648.7057400855762,4924.281349760738,0,0,1,1,0,Benign,True
2026-03-15 08:11:33.810164579,80,6,85713.82685910769,6,6,1197,9824,97.94173984736184,818.3987867236887,4088.88384054845,0,0,1,1,1,Benign,True
2026-03-15 08:11:34.704354477,8080,17,190654.06493870926,15,10,5285,8456,432.8903726079226,287.16622231432075,6726.982667746152,0,0,0,1,1,Benign,True
2026-03-15 08:11:35.999290175,53,17,28637.449014227583,23,9,4914,14885,141.79770213384091,167.08837575984865,9869.07412654748,0,0,1,1,0,Benign,True
2026-03-15 08:11:37.218846624,443,17,28993.111572085894,4,4,1107,7056,457.00431900995125,397.9465997913186,2273.057285573264,0,0,1,1,1,Benign,True
2026-03-15 08:11:38.162987829,8080,17,161458.97676942765,13,7,5579,5148,472.63884991941615,675.5042631808091,8087.32540774375,1,0,1,1,0,Benign,True
2026-03-15 08:11:39.539131504,8080,6,47622.47642949242,11,5,7346,5308,182.14549462677533,816.0280639115982,3542.165982134417,0,0,0,1,0,Benign,True
2026-03-15 08:11:41.050402603,22,6,79951.20301284785,18,18,1977,12337,93.26562599310223,88.67043124286569,14599.626748753128,0,0,1,1,0,Benign,True
2026-03-15 08:11:42.078499344,443,6,129980.16944230697,9,28,4708,1670,176.47817521818604,1040.7424599566446,11731.526244986495,1,0,1,1,0,Benign,True
2026-03-15 08:11:43.006503949,22,6,34571.02800404317,22,5,1764,9484,512.541871219888,150.0024701532073,12778.124065362963,0,0,0,1,1,Benign,True
2026-03-15 08:11:44.303313381,53,17,115067.75899468048,14,5,4063,13943,486.8415355799469,326.5539726576287,4536.896194513488,0,0,1,1,0,Benign,True
2026-03-15 08:11:45.414961805,22,6,91844.04283058942,18,17,1156,1847,222.53574068529616,747.2720708812963,2109.135781958693,0,0,1,1,0,Benign,True
2026-03-15 08:11:46.514893879,80,6,10926.697728339403,22,10,2839,430,302.6953059236415,934.3980900649333,1593.278562414574,1,0,1,1,0,Benign,True
2026-03-15 08:11:48.256476275,53,6,156043.33546319406,18,20,6259,687,406.1879254263174,228.8291273496151,7481.752242584379,0,0,1,1,1,Benign,True
2026-03-15 08:11:49.168924396,443,17,111931.28203877885,7,19,2232,13999,406.88052500117567,177.45728081664174,2286.489213912759,0,0,1,1,1,Benign,True
2026-03-15 08:11:50.284521043,22,6,143531.50663808314,8,3,5354,7003,188.71644275391662,295.714071834594,5625.048165901266,1,0,0,1,0,Benign,True
2026-03-15 08:11:51.659086314,80,17,55848.08146303968,17,2,5133,9710,407.8756337179442,1015.8918477159256,13086.122020066086,0,0,0,1,0,Benign,True
2026-03-15 08:11:52.504388673,80,6,31774.36045331814,3,26,2278,9590,563.0939124355465,388.6838744193126,7567.457801182814,1,0,0,1,1,Benign,True
2026-03-15 08:11:53.866813263,80,17,36310.39779732223,12,16,4151,6524,486.3122032966604,107.89144708697867,9304.114783727176,1,1,0,1,0,Benign,True
2026-03-15 08:11:55.321820079,443,6,8090.782030734571,16,7,757,12746,357.7857191355928,704.5736490455163,13209.998085338151,0,0,1,1,1,Benign,True
2026-03-15 08:11:56.480261863,8080,17,136418.22577587471,11,5,3951,2744,544.8456324031329,194.48009419326792,462.74849616240067,1,0,0,1,0,Benign,True
2026-03-15 08:11:57.889083568,53,17,63048.90160310808,16,14,968,6944,218.45191534852424,1047.9286788792806,13793.631188455322,1,0,0,1,1,Benign,True
2026-03-15 08:11:58.872214625,8080,6,141694.07484982413,13,24,1664,4309,106.69455964348249,772.3034222113458,8893.864610872053,0,0,1,1,0,Benign,True
2026-03-15 08:11:59.986503524,80,17,157281.46732801804,18,17,7641,11800,537.9878970573891,932.2126447564888,10558.308628170229,0,0,1,1,0,Benign,True
2026-03-15 08:12:01.356859537,80,17,185464.14614993436,17,5,1764,14026,322.1317576060144,1015.6383747094679,4325.454814484465,0,0,1,1,0,Benign,True
2026-03-15 08:12:02.641996723,8080,17,20043.94184682795,23,26,5132,8647,83.11485254753786,740.7495669079628,8315.382636095475,0,0,1,1,1,Benign,True
2026-03-15 08:12:03.732417568,80,17,65026.21362933221,10,10,3572,11496,234.88868062928776,831.4802570442217,6743.7245994777395,0,0,1,1,0,Benign,True
2026-03-15 08:12:05.077926734,8080,17,52851.24844546598,13,13,6772,14428,112.30027382757417,333.5629818360504,8065.263865262117,1,0,0,1,0,Benign,True
2026-03-15 08:12:06.169203102,443,6,169121.3250550401,4,5,7278,9283,483.4439538726594,935.5317891620708,7383.797827143775,1,0,0,1,0,Benign,True
2026-03-15 08:12:07.420080862,8080,6,79305.17408221799,3,3,6656,9043,59.08139595041,139.2704329608233,10081.019605109546,0,0,1,1,0,Benign,True
2026-03-15 08:12:08.168462442,22,17,150026.6740509517,22,18,7966,6037,427.9266741187794,1098.9739851079712,609.3183972230511,0,0,0,1,0,Benign,True
2026-03-15 08:12:09.739448101,80,6,160628.66232077393,6,13,3129,12863,238.61423285003488,1017.2732129342348,8212.548339717849,0,0,1,1,0,Benign,True
2026-03-15 08:12:10.764053219,22,6,115695.08458927827,13,17,1905,6497,464.2912119278771,515.682450439341,6849.675308949142,0,1,0,1,0,Benign,True
2026-03-15 08:12:12.031862281,22,17,90094.38016497235,17,19,3200,6087,539.0374913458695,565.2172601535199,9154.630341146301,0,0,0,1,0,Benign,True
2026-03-15 08:12:13.292461445,443,6,49293.34081512275,22,11,3320,292,236.60954054638108,195.85532170716618,2012.9287277709543,0,0,1,1,0,Benign,True
2026-03-15 08:12:14.681889070,8080,17,195129.2415898644,24,15,3825,4641,443.61401340243447,1156.0737531111183,11702.62410166652,0,0,1,1,0,Benign,True
2026-03-15 08:12:15.890746848,80,17,166246.8832255664,6,5,400,5872,197.6395833906602,337.5269767420483,483.25707151555747,0,0,1,1,0,Benign,True
2026-03-15 08:12:16.672936947,443,6,192260.80578318724,15,28,2897,576,477.5087163789667,1003.2118941991321,974.6806182850066,0,0,0,1,0,Benign,True
2026-03-15 08:12:18.140252098,80,17,3782.114789300975,18,26,297,7477,477.7514965099982,884.098056741184,14906.208389116482,0,0,0,1,0,Benign,True
2026-03-15 08:12:19.349990122,80,6,71624.08383906474,18,2,1177,11507,503.7062875002234,460.1402133119484,10386.240590928788,0,0,0,1,0,Benign,True
2026-03-15 08:12:20.307895716,22,17,35394.54132682223,14,23,1837,5847,59.6590375685705,251.10536571161919,6232.810678075656,1,0,1,1,1,Benign,True
2026-03-15 08:12:21.374321864,443,6,25812.692853072815,20,22,3409,5362,69.4156737250744,133.56121033340946,1660.805203516383,1,0,1,1,0,Benign,True
2026-03-15 08:12:22.524568176,80,6,37304.55024752836,12,16,1529,5902,561.6037915986072,1124.6701859912428,3057.6293262833906,0,0,1,1,0,Benign,True
2026-03-15 08:12:24.166405876,53,6,69372.59375369946,20,28,4189,2878,561.1856784327355,184.87315261644483,3204.818889356881,0,0,1,1,0,Benign,True
2026-03-15 08:12:25.193819845,80,17,150155.1602487844,21,12,5327,587,579.7934518592139,232.40552075224076,7705.952936697731,0,0,1,1,0,Benign,True
2026-03-15 08:12:26.691324101,443,6,163054.41913927495,22,14,3406,6907,536.6518334551315,99.18499248603095,439.8924274760127,0,0,0,1,0,Benign,True
2026-03-15 08:12:27.578984073,53,6,37256.440607245466,14,9,780,7110,167.74119891004537,1191.3515997348436,2535.345658086891,1,0,0,1,0,Benign,True
2026-03-15 08:12:29.086750187,22,6,47303.15867304224,10,29,7677,9798,560.1341495685035,246.95968771389346,2833.6444017271824,0,0,0,1,0,Benign,True
2026-03-15 08:12:29.946945601,53,17,150757.09288997855,20,9,2004,14680,142.54783138830987,464.06918102718663,5686.138430286768,0,0,1,1,0,Benign,True
2026-03-15 08:12:31.376209290,22,6,539.4626614286839,21,16,4339,11083,271.15038757557636,539.1473578618411,5937.141166690964,1,0,1,1,0,Benign,True
2026-03-15 08:12:32.150891563,443,6,98965.9544690165,17,12,1540,12462,145.05477470373967,1127.5100017781688,8748.324964353551,0,0,1,1,0,Benign,True
2026-03-15 08:12:33.633277026,443,6,116696.81209417827,6,2,2933,14766,346.7873649500345,264.8351244322415,11047.535371331636,0,0,1,1,0,Benign,True
2026-03-15 08:12:34.981235872,8080,6,41746.96986430192,17,4,3113,10103,172.151570132782,190.6495501468024,2055.4386428601792,0,1,0,1,0,Benign,True
2026-03-15 08:12:36.254821000,80,6,46154.25054972785,24,15,7061,8397,466.4603903282888,74.82930313800355,6158.632475690305,0,0,0,1,0,Benign,True
2026-03-15 08:12:37.393549854,80,6,9817.62221341149,17,27,1466,5545,132.54886605565582,317.02952547472535,5149.698338828902,0,0,1,1,0,Benign,True
2026-03-15 08:12:38.122182436,22,6,60552.83423509808,19,18,5038,9882,164.0480444537668,766.6868322278813,14224.779522816285,0,1,0,1,0,Benign,True
2026-03-15 08:12:39.523621404,22,6,1242.0253009464275,12,29,2470,3752,584.9371117325697,804.4574223777248,13568.610773333732,1,0,1,1,0,Benign,True
2026-03-15 08:12:40.529219083,443,6,39257.13578665656,17,8,236,14021,283.58368256314793,319.9799490223996,7759.13487999435,0,0,1,1,1,Benign,True
2026-03-15 08:12:41.765569374,443,6,124224.90438971177,17,6,213,14163,137.92182106969165,232.62721606193028,4831.782985790982,0,0,0,1,0,Benign,True
2026-03-15 08:12:43.305183377,80,17,64756.30179623249,8,28,2759,6528,62.92884283322056,284.03031296724424,432.5565441714776,1,1,1,1,0,Benign,True
2026-03-15 08:12:44.527954917,8080,6,51363.32027951481,24,2,6429,7747,185.7952737773441,574.2330407362283,6898.867773668959,0,0,0,1,0,Benign,True
2026-03-15 08:12:45.764232409,80,6,8741.11856746819,18,25,1058,4623,74.5763863249435,127.32472445822437,2440.9737607493844,1,0,1,1,0,Benign,True
2026-03-15 08:12:47.019273928,80,6,147827.0015626411,22,26,5952,11038,452.41721249174066,976.6525368933715,8389.687353321715,0,0,0,1,0,Benign,True
2026-03-15 08:12:48.143658881,22,17,60391.15506178372,2,12,7764,7974,174.89985938860553,519.932403937584,4589.943951079493,0,0,0,1,0,Benign,True
2026-03-15 08:12:49.380522955,443,17,135633.97164964784,10,28,5257,13630,155.19878277091885,906.6154684023884,11916.682968504421,1,0,0,1,0,Benign,True
2026-03-15 08:12:50.129378225,443,17,86576.99176968254,17,18,2097,14472,317.58115838835363,1193.9097520223534,11921.03162139061,1,0,0,1,0,Benign,True
2026-03-15 08:12:51.440721090,22,6,28070.339013940513,13,12,958,9226,158.66307594511755,316.8249498268656,7046.996000141509,0,0,0,1,0,Benign,True
2026-03-15 08:12:52.873138664,443,17,23684.551706188453,15,12,1701,13915,171.69351442128772,900.2544862249612,4168.634225354046,0,0,1,1,0,Benign,True
2026-03-15 08:12:54.214875182,22,17,107559.57500253417,15,12,6426,11894,594.6495462552955,660.2948646390504,6831.058575027455,0,1,0,1,0,Benign,True
2026-03-15 08:12:54.902700074,53,6,87427.14794084776,24,27,2883,7621,504.19751323994154,628.3266308032213,5029.113566690198,0,0,0,1,0,Benign,True
2026-03-15 08:12:56.408777605,8080,17,79963.74173930362,2,25,1072,6180,205.06660683853332,1141.0092451357245,1985.5019276418582,1,0,0,1,0,Benign,True
2026-03-15 08:12:57.706372439,443,6,41198.332484142855,14,24,4616,7214,485.81393701016276,725.520501324028,7280.788510800903,0,0,1,1,0,Benign,True
2026-03-15 08:12:58.517764373,80,6,15814.647168347356,21,7,1098,11115,122.44444259857353,339.92565436978236,9797.744683775325,1,0,0,1,0,Benign,True
2026-03-15 08:12:59.940813334,80,6,129590.4635659457,12,16,6084,2633,235.9331993524904,245.93943609509134,4034.851663894238,0,0,1,1,0,Benign,True
2026-03-15 08:13:01.437380928,22,17,104765.25996358237,2,29,7244,2985,475.60997298376424,998.629195674705,6079.941318164927,0,0,0,1,0,Benign,True
2026-03-15 08:13:02.502967685,22,17,165924.00981004618,18,18,2563,9878,170.0031779420844,205.30491319700536,9987.916620171181,0,0,0,1,1,Benign,True
2026-03-15 08:13:03.442595018,53,6,74084.09723227547,10,22,2720,7751,152.5473587895294,1029.4657447809159,5168.282817612817,0,0,1,1,0,Benign,True
2026-03-15 08:13:05.011668677,80,6,45130.24137193634,14,29,2204,12541,452.1176019723066,180.77336300972405,9126.608220894454,0,0,0,1,0,Benign,True
2026-03-15 08:13:05.908818854,80,6,114661.24747767142,2,14,1373,11265,545.4170526099286,359.8309861224858,13531.986869289016,0,1,0,1,0,Benign,True
2026-03-15 08:13:07.412006802,8080,17,196854.29637731495,20,29,2481,1859,196.22874589280144,236.50403424501462,11832.918829406519,0,1,1,1,0,Benign,True
2026-03-15 08:13:08.279366190,443,6,198573.84604954522,15,25,2180,10783,52.57812944690508,137.9502877197952,11930.854766796117,0,0,1,1,0,Benign,True
2026-03-15 08:13:09.654192150,443,17,174274.16424256162,10,4,2749,1033,577.1135936234778,835.97167623021,8158.765603869731,1,0,1,1,1,Benign,True
2026-03-15 08:13:10.738164040,80,17,74524.07344193915,9,8,7609,9958,398.02588139774656,655.6566958044974,14491.021581135183,0,0,1,1,0,Benign,True
2026-03-15 08:13:11.864895030,53,17,128697.71931310697,17,26,1130,8646,301.5166867292236,429.52645642148195,12376.99484910489,0,0,1,1,0,Benign,True
2026-03-15 08:13:13.431934537,8080,6,44944.36061142531,4,6,6275,9893,46.38959736002207,1164.7500351645258,5991.325989471835,0,0,0,1,0,Benign,True
2026-03-15 08:13:14.212556209,22,6,26383.52696850269,22,24,790,6123,44.97492891059948,867.3420191211295,9204.873893183454,0,0,1,1,0,Benign,True
2026-03-15 08:13:15.350886954,22,6,143497.14487354062,15,9,908,13414,295.9159912118387,247.50544662521924,12830.67645870247,1,0,1,1,0,Benign,True
2026-03-15 08:13:16.705156163,80,17,171054.51212653902,7,15,1258,1431,453.8667154720875,523.2499879636874,2312.4424807655696,0,0,1,1,0,Benign,True
2026-03-15 08:13:18.130583488,80,17,91891.80442851764,14,24,4026,4133,134.74582229057603,495.233638951599,5067.361610197832,0,1,0,1,0,Benign,True
2026-03-15 08:13:19.384458963,22,17,111286.87729508852,16,29,7465,3097,477.95477626668156,406.7663154468191,8726.21130928542,1,0,1,1,1,Benign,True
2026-03-15 08:13:20.699246022,53,6,42050.83760301188,5,6,2520,8347,597.4891707315622,618.7736485742892,5030.483950241065,0,0,0,1,0,Benign,True
2026-03-15 08:13:21.477817234,443,17,65432.1718994338,18,29,1473,14811,221.12886734435628,508.0402587098102,4801.424074220986,0,0,0,1,0,Benign,True
2026-03-15 08:13:22.744765170,53,17,66607.77545199214,9,5,5370,5334,176.22803365233113,129.78522901654856,13071.388359830455,0,0,1,1,0,Benign,True
2026-03-15 08:13:23.782092766,443,6,93194.87201387415,3,28,7559,8176,152.76645906707887,744.5299989905459,14699.825666770557,0,0,0,1,0,Benign,True
2026-03-15 08:13:25.244923157,80,17,122850.87769452046,5,3,5154,7969,172.9467970170146,837.1479217955313,11240.2798273179,1,1,0,1,0,Benign,True
2026-03-15 08:13:26.698548022,80,17,123340.75753295151,22,10,3457,6017,464.47756196182155,1010.1558040309193,12137.764777091292,0,0,1,1,0,Benign,True
2026-03-15 08:13:27.720528606,53,6,119864.62693964438,13,19,7242,10753,349.78342922305285,1057.9051040815257,12909.741792678371,0,0,1,1,0,Benign,True
2026-03-15 08:13:28.857127704,53,6,19057.541276360997,22,16,2406,2634,566.0714552924351,545.5545851609281,2970.3953294299745,0,0,1,1,0,Benign,True
2026-03-15 08:13:29.935421455,22,6,131289.73245354535,10,19,304,9999,251.2795905906454,443.56079588987706,5337.92622729679,1,0,1,1,0,Benign,True
2026-03-15 08:13:31.449179256,8080,6,87111.81664905601,10,17,6765,4649,372.804946810168,515.8953567139365,14788.294227985893,1,0,1,1,0,Benign,True
2026-03-15 08:13:32.398149957,80,6,47607.630938921255,7,5,2486,9500,286.36655277570776,1042.2471559434878,4009.366197137302,0,0,1,1,0,Benign,True
2026-03-15 08:13:33.380620147,8080,6,121383.83224658317,5,4,2636,10839,104.17284184081022,694.0828962879363,8945.800157830658,0,0,0,1,0,Benign,True
2026-03-15 08:13:34.719227077,8080,6,18611.310242738273,18,21,7444,10452,414.90557636194706,648.40796934671,14505.706664091142,0,0,0,1,1,Benign,True
2026-03-15 08:13:35.740300001,80,6,61162.30789101311,22,2,6792,1967,419.51623338330944,450.0467056048227,9914.18433497441,0,0,0,1,0,Benign,True
2026-03-15 08:13:37.021187422,80,6,168094.22170227254,10,22,2772,11875,492.03180333064836,484.01135836956206,7639.783369451638,0,0,1,1,0,Benign,True
2026-03-15 08:13:38.110601268,53,6,24218.807990908917,19,12,6127,14314,531.0230207901384,339.22169607990696,7430.686516987559,0,0,0,1,0,Benign,True
2026-03-15 08:13:39.571967949,443,6,182649.0910540293,24,10,2417,7719,522.6531426688437,575.8489135178387,12485.778894023,0,0,0,1,0,Benign,True
2026-03-15 08:13:40.880724158,443,6,27513.59412661363,21,24,7294,3193,278.1440356516602,1079.676878300667,13454.817109788955,0,0,0,1,0,Benign,True
2026-03-15 08:13:41.905975477,443,6,65255.86504162309,6,21,6768,3088,307.9620343057838,461.4010863070573,7603.823617471437,0,1,1,1,0,Benign,True
2026-03-15 08:13:43.152229062,53,17,178570.92110624592,23,13,7110,9506,135.59575819419183,920.0196650645706,5888.87408095731,0,0,1,1,0,Benign,True
2026-03-15 08:13:44.675525563,53,6,129720.89725086068,14,15,7596,998,564.4639021278565,529.3337627572448,6796.85259485972,0,0,1,1,0,Benign,True
2026-03-15 08:13:45.751177872,443,6,199942.87818341109,4,15,5080,11372,354.96475327903096,437.6908834108008,14300.344024580882,1,0,0,1,1,Benign,True
2026-03-15 08:13:46.824513982,80,6,103028.98360705256,23,12,4463,5003,435.03487732891244,730.189486992871,12737.954046028595,0,0,0,1,0,Benign,True
2026-03-15 08:13:47.870724525,53,6,65745.42985038258,21,18,5587,13708,470.6813636698278,450.57328246818446,10624.451143966517,0,0,1,1,1,Benign,True
2026-03-15 08:13:49.438198079,22,17,189585.10526705976,21,13,1835,13598,481.3777343611479,1086.745021701932,12517.296933444322,1,0,0,1,0,Benign,True
2026-03-15 08:13:50.241058270,22,6,186003.54606771443,5,18,1761,9133,310.88540910960916,1018.3069691433285,14378.605892418907,0,0,0,1,1,Benign,True
2026-03-15 08:13:51.495205638,22,6,59401.51795454281,9,1,2173,6581,135.20029917731873,993.1482315065152,3990.3494424556275,1,1,1,1,0,Benign,True
2026-03-15 08:13:53.045438888,80,17,140468.27855099886,20,8,7820,11649,72.91007953392327,1198.1604148763988,12590.128227639245,0,0,0,1,0,Benign,True
2026-03-15 08:13:54.017725233,443,6,76575.94172690656,18,8,4917,4267,294.6144517594446,342.8853404446641,7049.955208354625,0,0,1,1,0,Benign,True
2026-03-15 08:13:55.345390769,22,17,174526.41217143636,21,19,7834,13855,394.93585494807104,1079.4697424933993,6775.325447888691,1,1,1,1,0,Benign,True
2026-03-15 08:13:56.454446876,22,6,58662.77946037083,13,11,2178,12344,432.840179882403,344.86226467756586,10701.873415882977,0,0,0,1,0,Benign,True
2026-03-15 08:13:57.692063525,53,6,150759.92457056843,18,3,3219,5378,173.67851361036628,604.2683992786467,8788.29306036882,0,0,0,1,1,Benign,True
2026-03-15 08:13:58.679629974,8080,6,110605.92909754773,13,25,6026,10902,523.2070145713046,988.9645594686658,4217.574202824602,1,0,0,1,0,Benign,True
2026-03-15 08:13:59.844823236,443,6,190198.64869001732,21,16,6678,2063,71.66043982434549,650.0444421708764,5708.099382061045,0,0,0,1,0,Benign,True
2026-03-15 08:14:01.093495408,443,6,76649.84236489121,14,13,2421,9056,577.6747473619291,922.3747157463858,9721.117946829896,1,0,1,1,0,Benign,True
2026-03-15 08:14:02.193264938,8080,6,79294.22016087611,12,29,2275,8035,279.97658569340643,720.492521682314,7548.138948324908,0,0,0,1,0,Benign,True
2026-03-15 08:14:03.824588619,443,6,2087.1852091352553,3,3,2865,7555,145.55748239252753,623.8695488583253,8655.660044083224,1,0,0,1,0,Benign,True
2026-03-15 08:14:04.669948159,80,6,185032.1277642981,7,15,4302,14512,175.33550250095698,1093.1810869610754,14872.750292504667,1,0,1,1,0,Benign,True
2026-03-15 08:14:06.036893636,80,6,139585.04165583913,21,29,2000,6700,317.66839577866847,310.9921230042021,6108.01886696554,0,0,0,1,0,Benign,True
2026-03-15 08:14:07.375184655,22,17,56670.90879990162,12,8,3290,5317,398.90031040202905,1131.9262031329927,5049.793436457153,0,0,0,1,1,Benign,True
2026-03-15 08:14:08.570294465,53,6,169574.99427256928,14,17,1755,10887,309.3968863885845,740.871617072698,14619.663597976256,0,0,1,1,0,Benign,True
2026-03-15 08:14:09.563031755,80,6,113966.7859550122,20,25,6723,2219,551.7102474329678,799.084913984413,12067.07394148029,0,0,1,1,0,Benign,True
2026-03-15 08:14:10.785754385,443,6,156173.57228174026,15,22,5498,12804,454.0585874200962,1139.6850500526673,7524.067374715683,0,0,1,1,0,Benign,True
2026-03-15 08:14:12.296821049,22,6,151066.150000383,14,8,4417,11640,509.06130681922843,362.2462281365064,9279.86278011549,0,0,0,1,0,Benign,True
2026-03-15 08:14:13.304758486,8080,6,92467.38024113492,12,3,780,7411,509.2525288508023,711.2312156534019,4851.091892763047,1,0,0,1,0,Benign,True
2026-03-15 08:14:14.588783065,22,6,12182.81501091729,21,5,6367,5236,541.0052906946171,1086.505009541118,11685.130824040682,0,0,1,1,0,Benign,True
2026-03-15 08:14:15.841532381,8080,6,183184.0332887777,24,26,3758,10966,534.0612903293443,189.77187400285172,11387.405102338631,1,0,0,1,0,Benign,True
2026-03-15 08:14:16.972553901,22,6,53957.62681662622,3,19,2693,4537,531.4967397025458,814.7215613881672,11050.267447698277,0,0,0,1,1,Benign,True
2026-03-15 08:14:17.811107606,443,6,84956.49949260755,16,29,6151,412,222.40286635681923,943.4215428401429,5465.484494077992,1,0,1,1,0,Benign,True
2026-03-15 08:14:19.237302440,53,17,189015.64737190132,12,19,4745,5620,45.45029658242507,124.5413332802123,1097.3169823492497,1,0,0,1,0,Benign,True
2026-03-15 08:14:20.161136494,8080,6,82400.63476490385,8,1,469,6854,453.77426480321293,328.1728194710191,10654.53435307989,0,0,1,1,0,Benign,True
2026-03-15 08:14:21.691753275,8080,6,168455.72950594153,11,29,4394,4329,153.40336172839653,147.85372151667224,10415.733348021115,0,0,1,1,0,Benign,True
2026-03-15 08:14:23.073209656,8080,6,182844.6496678643,23,24,4535,13259,597.6709030334359,519.9965980538242,10782.326468132187,0,0,1,1,0,Benign,True
2026-03-15 08:14:24.007639238,80,6,149075.49955412577,6,6,5628,14964,127.76274708646001,694.8258553071246,1591.9879899906034,0,0,1,1,0,Benign,True
2026-03-15 08:14:25.159783495,53,6,175018.40808684478,11,13,651,13278,116.41833501491826,475.92119916235424,1511.4360110903222,0,1,1,1,0,Benign,True
2026-03-15 08:14:26.121505650,443,17,94571.18956275107,23,24,2245,3450,276.94940292505385,483.50883994688036,620.9228827526329,0,0,0,1,1,Benign,True
2026-03-15 08:14:27.875864713,22,17,123380.71675848715,9,21,7941,9393,336.7314336704791,719.2600851861304,10374.28891150866,1,0,0,1,0,Benign,True
2026-03-15 08:14:28.561801610,443,6,193250.66697723756,6,29,1678,6852,386.46421627025177,148.19987331051317,607.3100418465781,0,0,0,1,1,Benign,True
2026-03-15 08:14:29.724647455,443,6,85792.51722216024,4,18,5823,4671,282.221212110069,500.3953230253713,5194.064770585296,0,0,1,1,1,Benign,True
2026-03-15 08:14:31.047639966,443,6,150301.66656557706,2,18,4648,13253,562.4011155325746,944.887527313806,2264.9146680765957,1,0,0,1,0,Benign,True
2026-03-15 08:14:32.139318260,80,17,193577.24480573472,10,17,3564,4035,474.7836476852587,1057.7786152048584,13772.298658137903,1,0,1,1,0,Benign,True
2026-03-15 08:14:33.573070705,8080,6,34175.5631026381,4,16,3555,12444,384.810375965368,1092.0441921796705,7416.366762949469,0,0,1,1,0,Benign,True
2026-03-15 08:14:34.809652680,443,17,128447.02564941598,19,16,3299,6228,227.0358794523363,119.06048620916312,10240.286819968567,0,0,1,1,0,Benign,True
2026-03-15 08:14:35.887541969,53,17,26884.93604147971,17,23,1673,6253,110.49863421994263,379.4211045629148,13481.097992954736,1,0,1,1,0,Benign,True
2026-03-15 08:14:36.930576289,8080,6,76049.78778529377,7,21,560,5357,40.73772825283315,167.08956529583543,11588.083660719332,0,0,1,1,0,Benign,True
2026-03-15 08:14:38.166960220,53,6,184546.2288044946,6,22,4596,10476,567.5523114530358,305.12022801397836,6689.99989955896,0,0,0,1,0,Benign,True
2026-03-15 08:14:39.530702626,53,6,138074.79553429893,13,24,1154,13188,65.04292227009267,942.0540866693243,2292.41762113787,0,0,1,1,0,Benign,True
2026-03-15 08:14:40.536317070,80,6,34364.236757532984,4,7,4973,12978,434.11572094373275,841.0817563590637,9362.346454800669,1,0,1,1,0,Benign,True
2026-03-15 08:14:42.118913835,443,6,149880.97830726998,14,7,5017,4101,189.50003282783567,712.4595874809507,5555.94147013833,0,0,1,1,0,Benign,True
2026-03-15 08:14:43.024212324,22,6,26564.59771997446,17,19,1721,9407,564.1832443896894,432.038844508826,396.1983317132566,0,0,0,1,0,Benign,True
2026-03-15 08:14:44.281242941,443,6,167879.32989123274,21,2,5528,7151,480.7622083924757,829.1833281255036,12807.100503392958,0,0,1,1,0,Benign,True
2026-03-15 08:14:45.536475466,22,6,19114.807131181104,9,29,6160,804,534.860661839286,1076.9652097983214,4250.034190265505,0,1,0,1,0,Benign,True
2026-03-15 08:14:46.749965779,8080,6,21064.388484555966,13,27,167,7424,540.102841600321,768.3634083426433,10104.389650643867,1,0,1,1,1,Benign,True
2026-03-15 08:14:47.700996424,80,6,129343.65941395343,24,20,5121,14865,380.229881124946,757.8144406368032,731.8832009731611,0,0,0,1,0,Benign,True
2026-03-15 08:14:48.967242222,53,17,160313.45890210068,3,28,4324,9490,569.4351415395963,1067.627938421842,3347.111978652165,0,0,0,1,0,Benign,True
2026-03-15 08:14:50.617658738,22,17,122874.85075883352,22,10,2972,9076,573.7889176994474,947.6213682524883,11896.086764050558,1,0,1,1,0,Benign,True
2026-03-15 08:14:51.300739837,22,6,100752.00972393077,13,2,2421,1486,52.22979744944897,395.17710511454885,897.3173197925184,0,0,1,1,0,Benign,True
2026-03-15 08:14:52.804900413,53,17,29664.980686906652,21,20,2525,7768,560.7963213673687,1197.8900519457475,11761.644185959007,1,0,1,1,0,Benign,True
2026-03-15 08:14:53.993701203,53,17,196936.25126766835,3,29,4762,4979,174.9872006400732,321.65060529185706,7324.479314212574,0,0,0,1,0,Benign,True
2026-03-15 08:14:55.099856496,22,17,64996.263038881385,19,10,3845,6742,481.58235630486536,410.10428419610406,10991.44422634691,0,0,0,1,1,Benign,True
2026-03-15 08:14:56.358796212,8080,6,154937.5599842133,7,27,2184,2220,406.49981622683214,286.13945339254536,4226.830724089479,0,0,1,1,1,Benign,True
2026-03-15 08:14:57.768348682,80,6,177633.77483955515,23,22,6815,11952,337.6108761848301,899.3097206296778,14643.927366884389,0,0,0,1,0,Benign,True
2026-03-15 08:14:59.004722223,443,6,9491.751610359113,9,11,4955,10732,267.77424269991076,224.23248540916427,9201.701844110403,0,1,1,1,1,Benign,True
2026-03-15 08:14:59.856209126,8080,17,110551.82483013338,19,5,5743,10091,158.93885903923348,112.13979635024194,12590.495034167756,1,0,1,1,0,Benign,True
2026-03-15 08:15:01.093494264,53,6,63787.16616767301,11,26,6915,9708,443.3218067277562,803.4105636326584,10847.20120661781,0,0,0,1,1,Benign,True
2026-03-15 08:15:02.245489711,22,6,119861.00203670467,16,20,1006,12528,382.5208554029594,153.33097063036095,1760.7839710154053,1,0,0,1,0,Benign,True
2026-03-15 08:15:03.587918040,53,6,94878.63941795596,17,23,1638,7784,48.6329489588808,610.2636249725471,922.290629862141,1,0,0,1,0,Benign,True
2026-03-15 08:15:04.909955014,443,17,92409.3356771177,14,18,7627,4790,362.9699470303882,881.2555549941414,2001.6424349322594,0,0,1,1,1,Benign,True
2026-03-15 08:15:05.836951725,80,6,79100.37251962733,10,27,6727,3535,366.873275974008,932.850057407923,13096.989388232638,1,0,1,1,0,Benign,True
2026-03-15 08:15:07.098441445,443,6,36679.7955407619,18,20,6687,13796,344.55944506458445,1167.400279039552,9883.721254037553,0,0,0,1,0,Benign,True
2026-03-15 08:15:08.658230770,53,6,69229.41642895111,11,16,5217,10408,140.43329626193537,745.8860397231064,13762.946490480714,0,0,0,1,0,Benign,True
2026-03-15 08:15:09.329141573,22,6,67066.2455329356,2,17,7041,13074,444.80975046158994,757.9516322773441,2538.946222796474,1,0,0,1,1,Benign,True
2026-03-15 08:15:10.776461763,443,6,149143.62654319912,19,7,7623,2230,455.13179463275446,828.1595635565556,4184.204546787998,1,0,0,1,0,Benign,True
2026-03-15 08:15:12.126934824,80,6,154734.86580181716,13,9,4426,9371,498.1111879609873,468.33383292382456,7027.296833139251,1,0,0,1,0,Benign,True
2026-03-15 08:15:12.990272406,22,6,176029.88271070883,9,27,4168,12074,194.3967297937468,1071.253879564164,589.9287765164072,0,0,1,1,0,Benign,True
2026-03-15 08:15:14.128424412,8080,17,160811.53506253497,6,23,748,14418,147.32198769470023,424.30663663791455,4231.686845662922,1,0,0,1,1,Benign,True
2026-03-15 08:15:15.382923222,53,17,153388.94877199124,10,8,2358,13786,43.11308780694736,694.5962045896468,9371.748262011148,0,0,0,1,0,Benign,True
2026-03-15 08:15:17.051293916,80,6,99919.70844613372,22,13,4530,828,476.58182080723924,1072.4126814366814,12673.47524782734,0,0,0,1,0,Benign,True
2026-03-15 08:15:17.705555869,8080,6,120551.8241752511,9,2,490,10217,198.536580102377,138.96233793701606,9138.174828786305,1,0,0,1,0,Benign,True
2026-03-15 08:15:19.012993184,22,17,53827.37896614788,23,18,6987,8891,94.44124587561535,574.605467247029,11403.24994788477,1,0,0,1,0,Benign,True
2026-03-15 08:15:20.118770107,80,6,76318.73101745748,10,27,2041,7304,468.6503105526745,1026.9600021649812,1564.3364139985388,0,0,0,1,0,Benign,True
2026-03-15 08:15:21.366377680,80,6,178969.04173328096,7,18,3266,624,223.7021099568778,660.9157212859326,834.3584650352875,0,0,0,1,0,Benign,True
2026-03-15 08:15:22.872089571,53,17,33949.89961250982,19,7,7942,6719,178.22746693221353,216.93546182081295,9003.847739358323,1,0,0,1,1,Benign,True
2026-03-15 08:15:23.844983345,8080,6,42963.266117433224,16,23,2051,10050,173.1797773827273,844.4086195933293,4697.462232610798,0,0,0,1,0,Benign,True
2026-03-15 08:15:25.241527230,53,17,108703.2715163549,7,9,5695,8376,563.8382315272867,1050.7142756091714,8688.804615082987,0,0,1,1,0,Benign,True
2026-03-15 08:15:26.454117229,8080,17,2590.591201929636,19,10,6152,8787,99.70528164512066,951.1458318131397,10373.87340294154,0,0,1,1,0,Benign,True
2026-03-15 08:15:27.809661199,80,6,71837.1979580019,16,5,3182,12720,272.71935655322494,1056.9296024006203,1011.3785329070201,0,0,1,1,1,Benign,True
2026-03-15 08:15:28.502844835,443,6,75007.0310724752,4,27,2882,11389,405.2049121259469,177.44703766654249,6360.633985130358,0,0,0,1,0,Benign,True
2026-03-15 08:15:30.212021675,8080,6,6656.763827330793,23,7,5481,11685,179.16228410001716,992.1910485136601,7056.926602957175,0,0,0,1,0,Benign,True
2026-03-15 08:15:31.271471451,80,17,94253.53668868024,17,23,6503,8088,272.29397806431086,400.6913758452005,3071.4753068113314,1,0,1,1,0,Benign,True
2026-03-15 08:15:32.197646091,53,6,12136.548149141314,19,23,554,3330,356.9166426924599,1104.7485569536766,9773.958140625151,0,0,0,1,0,Benign,True
2026-03-15 08:15:33.763762432,443,6,86276.54735130581,20,6,6103,8439,295.8708977094394,428.54214692901,10925.446023276128,0,0,0,1,1,Benign,True
2026-03-15 08:15:35.013294925,8080,17,47374.62670152485,11,4,7074,1016,586.9477183517937,671.925583077096,10971.702463248394,1,0,1,1,1,Benign,True
2026-03-15 08:15:35.852558090,53,6,86730.640423113,18,24,6754,12295,459.8228788554912,472.67263804285716,8533.01134538709,1,0,0,1,0,Benign,True
2026-03-15 08:15:37.451276208,80,6,128581.38308945658,20,25,5811,12414,522.323678471019,452.2744590691933,7165.036553919349,1,0,0,1,0,Benign,True
2026-03-15 08:15:38.372674458,443,6,175058.74087295003,19,5,4704,14874,210.09900878161295,1037.0062273845,5278.569176223222,0,0,1,1,0,Benign,True
2026-03-15 08:15:39.662054672,80,17,62870.15832969764,8,28,5220,6592,287.29558269141216,234.49934633040314,4637.859138752843,1,0,0,1,1,Benign,True
2026-03-15 08:15:41.090789720,443,6,6797.327341648183,21,21,2875,14048,544.7333544256237,922.323406991236,10081.00067174594,1,0,0,1,0,Benign,True
2026-03-15 08:15:41.916921647,22,6,117766.6500451017,10,26,6827,7212,139.67293169299552,304.62352265068506,12706.242727003433,0,0,0,1,0,Benign,True
2026-03-15 08:15:43.387895607,8080,6,164558.4633172835,11,4,937,1119,366.18545007944516,1075.590200850455,1494.958954453981,0,0,1,1,1,Benign,True
2026-03-15 08:15:44.291039470,53,6,103677.91462024524,14,17,723,12906,526.9903283037854,974.5930046382074,12296.712000250176,1,0,0,1,1,Benign,True
2026-03-15 08:15:45.779528113,22,6,100859.59882330567,6,6,5219,12639,494.818966573142,116.13530239895502,6857.522305888883,0,0,0,1,0,Benign,True
2026-03-15 08:15:46.860440351,22,6,125293.12221125171,3,17,5468,10790,390.6215809729733,162.94228131872828,5564.842470010859,0,0,1,1,0,Benign,True
2026-03-15 08:15:47.829813417,22,6,153993.81671468203,5,4,1590,2545,219.49364885979668,786.5612570138251,3269.8321066398007,1,0,1,1,0,Benign,True
2026-03-15 08:15:49.148415656,53,6,165917.1587440451,2,7,1746,9564,258.6261557731169,907.9217162269397,464.5942014198613,0,0,0,1,0,Benign,True
2026-03-15 08:15:50.290581380,22,6,41764.38395097736,21,23,3032,13670,551.1776145786516,98.72391002438746,8001.946317270014,0,0,0,1,0,Benign,True
2026-03-15 08:15:51.346865035,22,17,113979.38658823469,7,5,2315,12024,315.07779311408683,705.767696098143,12627.990740052355,0,0,0,1,0,Benign,True
2026-03-15 08:15:52.517900862,53,17,100400.94042156605,20,18,4559,3623,71.45373781632333,344.7387093986851,11353.932027568997,0,0,1,1,0,Benign,True
2026-03-15 08:15:53.907887193,53,6,72574.18950315568,6,4,1287,14271,578.4173702591843,415.09649577592387,14206.077499267274,0,1,1,1,0,Benign,True
2026-03-15 08:15:54.911420488,8080,6,64200.14331955191,20,28,2926,3840,122.3726685227252,194.7600950835458,3822.0986439794224,1,0,1,1,0,Benign,True
2026-03-15 08:15:56.199292654,8080,17,130265.02621734458,12,4,2750,10084,264.39303731538746,825.2488415240932,5787.7692075307805,1,0,1,1,0,Benign,True
2026-03-15 08:15:57.735109992,80,17,45258.66896102872,14,9,3754,2463,483.266186018965,744.4396025630928,14670.291438998944,0,0,1,1,0,Benign,True
2026-03-15 08:15:58.924854741,22,17,14466.97943231507,8,10,6389,5027,209.55205790121332,736.2399513362923,11297.978322988776,1,0,0,1,0,Benign,True
2026-03-15 08:16:00.143148231,22,17,125098.16999393437,10,20,6277,4124,414.0719158943266,796.2914190658231,12908.280281248884,0,0,1,1,0,Benign,True
2026-03-15 08:16:01.090291902,443,6,135194.8364898586,9,8,3479,6886,284.0355272636361,941.8009079429812,110.2997131147802,0,0,1,1,0,Benign,True
2026-03-15 08:16:02.634011674,53,6,63354.108716506154,14,21,2609,11284,113.76956575873906,939.513778750354,9859.69640586869,1,0,1,1,0,Benign,True
2026-03-15 08:16:03.656298328,8080,6,135240.59640549208,7,19,3053,11043,199.2241597852441,748.4007063775471,12033.736465038153,0,1,1,1,1,Benign,True
2026-03-15 08:16:04.575615805,22,6,116520.31579311355,8,21,1093,3706,126.03821295597571,1048.1792858136246,3684.298592440888,0,0,1,1,0,Benign,True
2026-03-15 08:16:05.786231196,8080,17,34354.47247062427,8,9,1741,14129,312.5081396376204,357.4008508085741,2638.8223195964365,0,0,0,1,0,Benign,True
2026-03-15 08:16:07.315857256,22,17,150297.30843693856,9,2,675,2901,387.50381612869796,1065.4688342321383,2841.40642623368,1,0,1,1,1,Benign,True
2026-03-15 08:16:08.203766361,8080,17,189452.23752760445,8,24,2897,3342,132.5105443059253,1127.5121314564346,2419.909528977589,1,0,1,1,0,Benign,True
2026-03-15 08:16:09.604375620,80,6,180125.4878751001,13,20,1628,7917,149.88336715152485,149.57591866429317,14704.243058839982,0,0,1,1,0,Benign,True
2026-03-15 08:16:11.095064685,80,17,134625.801191333,13,12,637,12565,397.4308335710539,388.5647774763036,9009.056806733475,1,0,1,1,0,Benign,True
2026-03-15 08:16:11.702404562,53,6,12575.210576313852,18,23,3721,5017,446.0031049043722,752.8991423110585,4971.251939800248,0,0,0,1,0,Benign,True
2026-03-15 08:16:12.909947881,80,17,115681.96521476778,24,8,3544,12674,422.34939883101663,64.46299262272362,8528.551713823825,0,0,1,1,0,Benign,True
2026-03-15 08:16:14.695850749,53,6,42232.429389147226,15,3,7836,11592,132.66441639077013,649.6560739927444,14394.30096752418,0,0,0,1,0,Benign,True
2026-03-15 08:16:15.650783300,53,17,115996.07682200107,24,26,1414,11088,93.86494827702879,516.9678327031879,178.9086105919808,0,0,0,1,1,Benign,True
2026-03-15 08:16:16.576145985,22,6,176831.11204465595,17,1,5510,3898,492.5165993181702,706.4532397496051,4528.773190260368,0,0,0,1,1,Benign,True
2026-03-15 08:16:18.238381319,22,6,147904.77643277438,8,10,7904,14308,60.425456887766444,462.7835193699608,13025.169600705938,0,0,1,1,1,Benign,True
2026-03-15 08:16:19.428228180,8080,17,45067.34007381515,15,11,1838,8766,109.36505193240707,595.5480611433926,3911.7438405169123,1,0,0,1,1,Benign,True
2026-03-15 08:16:20.421720247,8080,6,53425.79995799977,20,28,7933,4162,203.88014834630678,499.9982239074467,2555.597784773055,0,0,1,1,0,Benign,True
2026-03-15 08:16:21.673075217,80,17,29648.682359863695,10,2,7577,10224,485.86732660353147,912.7697306441805,3718.0057041130344,0,0,1,1,0,Benign,True
2026-03-15 08:16:22.663912314,8080,17,132182.11007323337,12,6,4788,8233,48.33282801434657,640.088835408598,5964.766437931424,1,0,0,1,0,Benign,True
2026-03-15 08:16:23.730311817,22,6,185894.69881278055,17,21,6455,9131,253.6656956136206,458.91247357746545,7623.126464947114,1,0,0,1,1,Benign,True
2026-03-15 08:16:25.256740565,443,6,53583.064434659675,11,27,7405,5294,329.07831432731115,606.3140440863156,13862.100012157887,0,0,1,1,1,Benign,True
2026-03-15 08:16:26.276853115,8080,17,189632.8792556038,6,21,6251,7522,240.2754925245918,595.2686125596224,10139.61254631514,0,0,0,1,1,Benign,True
2026-03-15 08:16:27.698172627,443,17,176254.29804184302,7,2,1249,2091,140.90324821754683,314.27789163919965,6086.2548815947775,0,0,1,1,0,Benign,True
2026-03-15 08:16:29.001747106,22,6,22542.002509580383,20,19,2513,5076,159.94125854267975,728.7216191735936,1976.8097809155925,0,0,0,1,0,Benign,True
2026-03-15 08:16:29.710896326,80,6,179325.24079436113,10,21,5977,1079,541.4621418852162,531.8447397710809,4543.588989863066,0,0,0,1,0,Benign,True
2026-03-15 08:16:31.257428264,22,17,191403.35613965854,15,14,3420,512,138.79217851766998,967.5533833076347,13928.812978852426,0,0,0,1,0,Benign,True
2026-03-15 08:16:32.238768323,22,6,199630.68742720678,22,11,5610,2611,190.4385090135341,710.7142448996153,8577.530623830617,0,0,0,1,0,Benign,True
2026-03-15 08:16:33.824333098,80,6,127059.758043083,4,22,5433,4820,486.87597890063233,640.6209062279536,4357.741336268281,1,0,0,1,1,Benign,True
2026-03-15 08:16:34.652198703,53,6,21775.51043016831,15,16,5924,717,369.759959514091,1123.833911729733,5586.325088533325,0,0,1,1,1,Benign,True
2026-03-15 08:16:36.066462079,53,17,71251.3337850239,14,27,6020,9580,431.3222074238876,490.69557244581017,9029.261614260124,0,0,1,1,1,Benign,True
2026-03-15 08:16:37.232124504,8080,17,11633.454477594612,17,28,4967,1098,545.6551672434946,758.0048281278148,13789.231741187532,0,0,1,1,0,Benign,True
2026-03-15 08:16:38.337699900,443,6,50555.602276590704,2,24,7621,13162,461.0373678908322,639.687280565723,4696.86433135651,1,0,1,1,0,Benign,True
2026-03-15 08:16:39.706572458,443,17,43212.19306016333,12,21,1588,1803,488.57406190783894,772.5695331054094,1602.7781637657429,0,0,1,1,0,Benign,True
2026-03-15 08:16:40.935461780,8080,17,96819.33501085773,14,20,5198,11694,59.838443482506484,458.2796398087067,10359.21763280616,0,0,0,1,0,Benign,True
2026-03-15 08:16:42.040162677,80,17,111578.27467304372,21,13,7501,3738,331.3669300261803,307.5711285499955,8508.39192268371,0,0,1,1,0,Benign,True
2026-03-15 08:16:43.355053342,443,6,191236.67578080232,19,23,1744,2622,210.7052615681489,1075.4710027008723,6162.171739023797,0,0,0,1,0,Benign,True
2026-03-15 08:16:44.690050245,443,6,125159.21304315983,19,22,4049,5009,396.3936241730158,657.7347213755339,2096.1203748151215,1,0,1,1,0,Benign,True
2026-03-15 08:16:45.551563432,80,17,77680.25087625136,11,4,431,7267,233.51889423875852,64.47311626900303,12722.13656046025,0,0,1,1,0,Benign,True
2026-03-15 08:16:46.808749831,53,17,123833.11957018977,6,22,5021,12850,218.44610545301745,98.67039661106205,9158.428275999315,0,0,1,1,0,Benign,True
2026-03-15 08:16:47.707481926,80,6,180910.5533068169,15,8,5188,2512,487.61258052501694,850.8164316036354,14671.302687356248,0,0,1,1,0,Benign,True
2026-03-15 08:16:49.377617133,80,6,107327.47252020858,7,5,1189,2643,493.71066790222847,77.60747719894924,11227.937460618137,1,0,0,1,0,Benign,True
2026-03-15 08:16:50.412138040,443,6,56517.10308986128,4,29,7582,12394,182.87792422115612,1169.642433131381,1380.3898112254662,0,0,1,1,1,Benign,True
2026-03-15 08:16:51.544776858,443,6,195246.91880476935,14,1,2864,9368,105.15387305556294,1097.8135242895519,14036.077389654945,0,0,1,1,0,Benign,True
2026-03-15 08:16:52.556443177,80,6,61964.762776641765,24,7,158,8971,271.8307137722818,551.2633553414564,10717.920544696704,0,0,0,1,1,Benign,True
2026-03-15 08:16:54.233793853,22,6,134658.62158252086,3,25,3583,462,521.2557550879071,917.0465961227155,14207.64407479831,0,0,1,1,1,Benign,True
2026-03-15 08:16:55.137004344,443,6,108076.3203062884,11,1,1488,7886,508.9274368200321,970.4602161866388,5253.061366865939,1,0,0,1,0,Benign,True
2026-03-15 08:16:56.509548958,8080,6,151699.21054594935,22,18,4526,1341,140.7169259245779,666.7524835468182,10448.759255844941,0,0,0,1,0,Benign,True
2026-03-15 08:16:57.389624493,80,6,94057.14898344927,14,23,2232,8456,75.56044085999476,866.6628784702034,4150.905809689477,0,1,0,1,0,Benign,True
2026-03-15 08:16:59.076929777,443,6,58393.12709225289,11,1,4009,12852,304.9660582464345,880.6749462287354,14383.9847052806,0,0,0,1,0,Benign,True
2026-03-15 08:16:59.807065057,80,6,197927.89023328756,3,4,4709,2909,50.92574858782643,728.9783091039791,7473.86791371183,0,0,0,1,1,Benign,True
2026-03-15 08:17:01.019725195,443,6,96304.31853820736,10,23,391,10749,537.5930627931766,1133.1113400278682,2918.7496813988596,0,0,0,1,0,Benign,True
2026-03-15 08:17:02.615389716,443,17,143774.80522344977,23,19,4589,3994,593.2938703859904,899.6233760297982,12128.665066956992,1,0,0,1,0,Benign,True
2026-03-15 08:17:03.847549646,53,6,124977.86464178306,18,10,7079,14600,92.1397195917499,945.460939959597,7265.069083310128,0,0,1,1,0,Benign,True
2026-03-15 08:17:04.627288444,53,6,121485.20358535503,13,19,3036,7015,283.1111532733787,1060.9996352647581,10805.847077690154,0,0,0,1,1,Benign,True
2026-03-15 08:17:05.981880532,8080,6,6001.8031478388875,20,22,1671,2134,531.269790456076,1141.0965506154384,10459.312210137194,0,0,0,1,0,Benign,True
2026-03-15 08:17:07.340096942,80,6,62913.13085323039,9,4,1651,564,567.8360848769632,458.35290163328403,3974.080176079149,1,0,1,1,1,Benign,True
2026-03-15 08:17:08.627019440,22,6,18439.89587781619,4,21,3289,14811,249.04381847090937,1064.9886634762183,6181.31340625828,1,0,0,1,0,Benign,True
2026-03-15 08:17:09.527431617,8080,17,183118.5522211457,11,11,1972,7487,95.95690499567866,817.8851636645553,14488.714786642468,0,0,1,1,0,Benign,True
2026-03-15 08:17:10.810211692,22,6,6881.046159057547,24,13,7006,4466,501.54378703840774,832.4389343426886,9254.771913464818,1,0,1,1,0,Benign,True
2026-03-15 08:17:12.145029846,22,6,68624.50267156148,16,18,5507,2485,503.96326476715,264.4518190305598,2812.9427732138142,0,0,0,1,0,Benign,True
2026-03-15 08:17:13.338681585,8080,6,189757.45907217788,17,24,3902,209,358.09357514971236,249.99254770630918,5698.62897698069,0,0,1,1,0,Benign,True
2026-03-15 08:17:14.569776078,443,6,12302.245256371292,23,10,6555,5743,125.74045315581591,1084.7082872877331,127.55690926866964,1,0,1,1,0,Benign,True
2026-03-15 08:17:15.641960291,443,6,164609.99619729494,23,20,3521,5832,133.1872183466393,784.6785357531845,7504.850000747898,0,1,0,1,0,Benign,True
2026-03-15 08:17:16.562769058,80,6,146745.60437328834,15,8,1348,10824,401.234288695698,346.0997673060217,10552.33428324395,0,0,0,1,0,Benign,True
2026-03-15 08:17:18.242383974,53,17,152989.13305772946,6,17,599,2831,358.15138373134886,317.00569325523884,6439.98397280751,1,0,1,1,0,Benign,True
2026-03-15 08:17:19.419343523,80,17,113794.13171728408,19,19,5038,9486,235.05971529363453,972.8521832927354,8428.456928996226,0,0,1,1,0,Benign,True
2026-03-15 08:17:20.578858461,22,6,140295.0687668112,22,14,4033,8138,390.8662402940283,594.209635932085,13172.822028641172,0,1,0,1,0,Benign,True
2026-03-15 08:17:21.359917486,443,6,52803.46425347969,3,25,1358,13611,364.20269913368116,133.5056174429515,6956.000107483945,0,1,0,1,0,Benign,True
2026-03-15 08:17:22.622638420,8080,6,115827.85715117697,16,28,7523,5250,459.30916899820403,570.1117839800854,9945.348059410479,0,0,0,1,0,Benign,True
2026-03-15 08:17:24.146160219,22,6,49369.37036921595,20,29,4303,12284,237.4212251213959,561.5863863021543,10803.890601633324,0,0,0,1,0,Benign,True
2026-03-15 08:17:24.913884056,8080,6,141599.33949443785,10,29,6010,2879,454.1649820368144,1140.682863773407,9704.247018485477,1,1,1,1,1,Benign,True
2026-03-15 08:17:26.687534780,80,6,183568.43274685869,13,11,6673,13610,209.52468220730836,357.1354372901835,12843.39872472786,0,0,1,1,0,Benign,True
2026-03-15 08:17:27.526286808,80,6,98467.02391891321,19,6,397,4208,486.92689836881055,782.7673874034015,7022.927760928591,0,0,1,1,0,Benign,True
2026-03-15 08:17:28.931587520,8080,6,142159.02420886807,24,18,3475,14002,541.6059980573693,903.5603206405401,11528.242212139217,0,0,0,1,0,Benign,True
2026-03-15 08:17:30.232542653,22,6,69813.94595128545,2,28,3665,2638,504.78520709238614,380.8741709492273,526.96887239838,0,0,0,1,0,Benign,True
2026-03-15 08:17:31.136777932,22,6,15285.556733065798,13,25,2882,4582,75.23278857853552,297.469552497084,10538.574371307348,0,0,1,1,0,Benign,True
2026-03-15 08:17:32.291479493,80,6,1659.393285966265,5,19,351,4487,180.05605696763405,1171.3011164825953,2696.1788668531412,0,0,0,1,0,Benign,True
2026-03-15 08:17:33.665244677,53,17,194458.14750832578,11,26,5598,8944,212.18412176691768,477.2901135803878,9207.299434406958,0,0,1,1,1,Benign,True
2026-03-15 08:17:34.848593624,53,6,168362.99710966303,5,16,7564,11874,558.7592097897365,86.63335215213301,6240.263443852061,0,1,1,1,1,Benign,True
2026-03-15 08:17:35.945483986,8080,17,6335.462792397783,23,25,1626,2902,484.08375875265267,1067.3391725517502,4577.578299448756,0,0,0,1,1,Benign,True
2026-03-15 08:17:37.261064853,8080,6,40256.05152419536,16,12,7424,10716,527.712724460534,305.5291714858097,2671.933208827397,1,0,0,1,0,Benign,True
2026-03-15 08:17:38.661228821,22,6,43968.118981344465,18,29,866,404,178.73585818824372,186.63764015822733,3521.805423634676,0,0,0,1,0,Benign,True
2026-03-15 08:17:39.580584153,80,6,51172.07957377493,3,26,2760,13640,577.4878387220407,266.3208866287687,3761.6920789070327,0,0,0,1,0,Benign,True
2026-03-15 08:17:40.618045308,8080,6,52147.68970050814,20,27,7478,14520,83.37782700443991,524.3255665182888,1113.4215039104556,1,0,1,1,0,Benign,True
2026-03-15 08:17:41.926323589,8080,17,186741.06146254137,15,27,309,11144,302.6009159602041,113.7119331014153,521.8391170418315,0,0,1,1,1,Benign,True
2026-03-15 08:17:43.136464189,80,17,11293.007267355802,8,28,7914,2639,309.1999123464154,716.1445050447878,8476.398728863069,0,0,0,1,0,Benign,True
2026-03-15 08:17:44.178665215,8080,6,61986.459765051455,15,22,5801,8605,338.0677086318665,1144.474894481741,4903.9020771667865,0,0,1,1,0,Benign,True
2026-03-15 08:17:45.397722900,53,17,141535.32081874885,2,23,5352,12119,284.97470094745825,788.7989513777416,8612.888372580297,0,0,1,1,1,Benign,True
2026-03-15 08:17:46.910737244,8080,6,87499.04443537226,5,29,3153,13438,175.68015442449538,1097.7341279222805,2155.7031795558883,1,0,0,1,1,Benign,True
2026-03-15 08:17:47.903686652,443,17,99199.4229307681,21,5,1021,14673,347.5695661579665,1063.9307649937423,13049.693435602587,0,0,0,1,0,Benign,True
2026-03-15 08:17:49.472939035,22,17,78098.89621677314,2,24,7324,2763,432.71482576277435,584.775526701492,1153.5062715576232,0,0,1,1,0,Benign,True
2026-03-15 08:17:50.246158047,443,6,16472.368425596098,20,19,7122,13277,64.34213498149725,1143.375707675988,4263.986323906319,0,0,1,1,1,Benign,True
2026-03-15 08:17:51.359354703,22,6,198510.42570308113,3,3,3664,9937,192.90585920528375,203.15867561950552,2317.051738854961,1,0,0,1,1,Benign,True
2026-03-15 08:17:52.952102737,443,6,94437.90537433726,9,22,5853,10960,299.325303335972,644.1244867969363,743.7944382048446,0,0,0,1,0,Benign,True
2026-03-15 08:17:54.228621631,8080,6,86136.89533390306,19,13,6455,2555,578.6435982164255,315.2758707936286,6151.027178351691,0,0,0,1,0,Benign,True
2026-03-15 08:17:55.066868014,22,6,104215.07305139159,19,17,3828,13861,575.6188122270927,863.4387894172719,11426.20410464785,1,1,0,1,1,Benign,True
2026-03-15 08:17:56.221252860,22,6,118752.5984112297,3,12,828,5178,490.3577167734273,806.0559644631383,3090.507015440261,0,0,0,1,0,Benign,True
2026-03-15 08:17:57.411459680,443,6,19571.906465828684,5,3,2180,12046,561.7423758237168,948.200825226403,11211.08682506917,0,0,1,1,0,Benign,True
2026-03-15 08:17:58.813207380,8080,17,107226.26165837725,16,20,1182,4934,45.17940174283606,768.6319368484488,697.4232245993265,0,0,1,1,0,Benign,True
2026-03-15 08:17:59.981049984,22,17,55616.94178768245,13,2,7158,9944,266.4210305313334,928.7121832467133,5183.967446951694,0,0,0,1,0,Benign,True
2026-03-15 08:18:01.055663903,8080,6,92644.73288192714,23,10,5050,752,274.61370104866455,630.6852669604424,6154.359723084201,0,0,1,1,1,Benign,True
2026-03-15 08:18:02.127103870,53,6,163466.53496518513,16,16,1446,6502,68.33095046592774,458.58708843549425,14982.474355770935,0,0,0,1,0,Benign,True
2026-03-15 08:18:03.588894804,443,6,40715.78121466741,16,11,1119,9838,314.572521937892,1022.5407955776463,13583.704442040227,0,1,0,1,0,Benign,True
2026-03-15 08:18:05.075599408,443,6,109412.98339198552,15,10,4608,9382,195.43650749385134,991.2132699710367,8414.208256502123,0,0,0,1,0,Benign,True
2026-03-15 08:18:06.091511520,22,6,95608.21107465807,6,5,1107,11445,411.4927932328863,1142.1321959773304,7988.2701141311945,0,0,1,1,0,Benign,True
2026-03-15 08:18:07.197303933,53,17,144212.55870777316,24,26,4927,10006,438.4002412256525,204.52341123410628,4959.089632311243,0,0,0,1,0,Benign,True
2026-03-15 08:18:08.166415244,53,17,166485.53995440257,18,27,3450,2694,436.96386370812695,584.7485304786694,13792.521245350159,0,0,0,1,1,Benign,True
2026-03-15 08:18:09.451461774,443,17,39240.39579179855,21,11,5200,14478,98.58085800934045,203.56362492143967,4294.486333743478,1,0,0,1,0,Benign,True
2026-03-15 08:18:10.676864369,53,17,143331.28409354895,7,24,5979,13423,536.0177411784973,445.19723014644677,3892.5541182563393,1,0,0,1,0,Benign,True
2026-03-15 08:18:12.158882131,80,6,197417.52816585786,17,21,2972,14995,251.7962611771589,951.7721380307177,3293.0692717049574,1,0,1,1,1,Benign,True
2026-03-15 08:18:13.426026478,443,6,148403.5903903161,9,11,5752,12201,501.3856848257611,705.4746341597975,3350.4024565082564,1,0,1,1,1,Benign,True
2026-03-15 08:18:14.640985112,53,6,92370.35164604773,10,23,510,7614,413.0901667153905,184.8527700529399,3908.4038182729287,1,0,1,1,0,Benign,True
2026-03-15 08:18:15.890741164,53,6,34834.54154027623,24,4,2311,10992,289.6885280070462,965.0727881155811,4310.2154504824975,0,0,0,1,0,Benign,True
2026-03-15 08:18:17.089420009,22,17,153216.99181738385,9,16,1097,4342,367.4689994706068,673.4689172507062,7315.2892917560675,0,0,0,1,1,Benign,True
2026-03-15 08:18:18.271799479,8080,17,96683.82774361983,7,15,7495,3124,90.216938999661,145.39851202664937,654.7863771449913,0,0,1,1,1,Benign,True
2026-03-15 08:18:18.943093284,80,17,82217.56918620653,5,19,7070,11507,100.66832576762884,1182.5216257492566,7545.164521167147,0,0,1,1,0,Benign,True
2026-03-15 08:18:20.182676121,443,6,96785.44700265025,22,7,2889,7277,168.48141917861858,769.3111476295024,11422.348797938232,1,0,0,1,0,Benign,True
2026-03-15 08:18:21.482679915,8080,6,3365.8588131184656,7,6,6075,390,77.01601815512262,640.0735148358054,14660.409825911018,0,0,1,1,1,Benign,True
2026-03-15 08:18:22.831738952,443,17,127759.69355260485,15,21,4524,10619,124.09543438636749,1094.297526155398,4901.842857424782,0,0,0,1,0,Benign,True
2026-03-15 08:18:23.758186733,443,6,3167.94841675032,21,4,6508,6202,57.006170219219705,886.4626588663627,14986.50177408479,1,0,1,1,0,Benign,True
2026-03-15 08:18:25.407478174,22,17,45251.79652441532,11,15,3217,5720,224.50207485248094,262.8342910686488,12694.761447258299,1,0,0,1,0,Benign,True
2026-03-15 08:18:26.470053707,22,17,22209.02702435161,16,6,7687,8924,54.45072192582571,1035.0758851812307,5577.052198169473,0,0,1,1,0,Benign,True
2026-03-15 08:18:27.625418641,443,6,126308.35157421078,18,26,2651,9413,476.39580864305924,854.0547847913867,6992.627127145926,0,0,0,1,0,Benign,True
2026-03-15 08:18:28.599186794,8080,17,22710.811487965555,14,10,330,10798,128.5889269288441,82.67745753557286,2072.7215706801753,0,0,1,1,1,Benign,True
2026-03-15 08:18:29.851953284,80,17,83649.48399548056,19,13,7439,5559,317.53027717830025,823.6569818078303,9649.256763328827,0,0,0,1,1,Benign,True
2026-03-15 08:18:30.996187214,8080,6,157045.36627770105,8,9,6535,10588,89.13849452570474,956.2473547131839,6171.425749664545,0,0,0,1,0,Benign,True
2026-03-15 08:18:32.611159894,53,6,49310.04311370699,17,15,1244,10075,104.45004406326727,902.9275070012651,9759.50356460297,0,0,1,1,1,Benign,True
2026-03-15 08:18:33.650536716,443,17,103595.9006380389,10,8,7371,1946,256.43031367687195,1070.2798622821358,5734.5511549186385,0,0,0,1,0,Benign,True
2026-03-15 08:18:34.941077656,22,6,159255.94335556295,21,28,632,4200,325.6056471767977,885.852976244951,2461.9345185865304,1,0,0,1,1,Benign,True
2026-03-15 08:18:35.877619717,53,6,39481.57468556075,6,24,6316,957,251.81995646232363,149.86400585024538,1602.263883862475,0,0,0,1,0,Benign,True
2026-03-15 08:18:37.122751582,22,6,128888.1158495729,14,16,3125,2630,315.1216450885302,585.0988873812294,8231.48499599925,0,0,1,1,0,Benign,True
2026-03-15 08:18:38.342912978,80,6,44536.58215925444,10,4,5302,11420,128.26298348544577,982.0422363681306,6533.2048079151555,1,0,1,1,1,Benign,True
2026-03-15 08:18:39.756008983,443,17,106570.42247223832,8,19,965,7533,258.547327144124,1135.9800251946222,10542.230810159072,1,0,1,1,0,Benign,True
2026-03-15 08:18:40.963411792,443,6,122875.24964628113,22,22,741,13799,97.58768488859383,1142.2032199395662,9735.367743909166,0,0,1,1,0,Benign,True
2026-03-15 08:18:41.824088116,53,6,121079.75459314176,7,15,4559,3940,334.41615302462804,586.3344497495561,12783.861574188652,1,0,0,1,0,Benign,True
2026-03-15 08:18:43.464923314,80,6,25840.642083340354,24,23,5532,14053,123.1714267098845,1197.8354945007463,14005.109931480436,1,0,0,1,1,Benign,True
2026-03-15 08:18:44.172393202,53,6,87203.05975667095,16,15,6148,771,382.4496190160036,1040.0756890382986,141.62503546510032,0,0,1,1,0,Benign,True
2026-03-15 08:18:45.837673249,8080,17,48963.56108990602,19,12,5209,8983,281.26932617755824,732.9300337373362,10456.077285162863,0,0,0,1,0,Benign,True
2026-03-15 08:18:46.560237387,53,6,90689.54347512993,18,13,7261,3313,445.9092357911187,211.56581455683502,13639.785297758013,0,0,1,1,0,Benign,True
2026-03-15 08:18:47.858723886,80,6,169262.71217964287,23,2,4607,5656,403.8925858808009,1057.647123237066,2484.792669140021,1,0,0,1,1,Benign,True
2026-03-15 08:18:49.407887121,22,6,181729.0035751354,23,1,2806,8374,439.0182692007137,75.660053595331,11462.13245433046,0,0,1,1,0,Benign,True
2026-03-15 08:18:50.207695243,53,6,97352.6475905602,21,28,4133,2200,233.38703171412794,1055.1040378929301,4642.61031923434,0,0,1,1,1,Benign,True
2026-03-15 08:18:51.548140758,53,17,51321.13192109874,11,4,6228,2570,267.8537096952005,944.4989702684184,8170.107231036832,0,0,1,1,0,Benign,True
2026-03-15 08:18:52.769915579,8080,17,5269.294672704632,19,23,6552,3559,537.2721211887563,162.0071323109321,1705.6013803789108,1,0,0,1,0,Benign,True
2026-03-15 08:18:53.847155383,22,17,128921.37589426813,17,28,5676,10200,300.13966289314277,1155.404327017097,10358.89456716086,0,0,0,1,0,Benign,True
2026-03-15 08:18:55.326147120,80,6,8118.74232656267,6,22,5000,4728,338.459965629951,357.705959951268,10327.789819239302,1,0,1,1,0,Benign,True
2026-03-15 08:18:56.610800789,443,6,71794.37651707888,17,6,4411,1313,470.3524289471752,964.7353947715342,14952.816026632554,1,0,0,1,0,Benign,True
2026-03-15 08:18:57.824745083,53,6,53946.796046313815,21,10,1711,3524,540.3783685332512,574.9081682183069,10868.422299365944,0,0,0,1,0,Benign,True
2026-03-15 08:18:58.703593287,53,6,86635.75663377237,3,8,6853,2259,40.76702885012976,189.11364470355025,2553.36345135928,0,0,1,1,0,Benign,True
2026-03-15 08:19:00.018510236,53,6,54135.015428282706,24,28,1289,7129,541.5397355983183,176.675406669594,5168.148116333164,0,0,1,1,0,Benign,True
2026-03-15 08:19:01.049043842,80,6,170283.78459661975,16,3,3561,12912,370.401770035122,314.14312506939956,14668.373511598213,1,0,1,1,0,Benign,True
2026-03-15 08:19:02.246877900,80,17,174815.113717928,6,11,6639,12257,515.0211768142943,780.8971418761988,2219.9980879860955,0,0,1,1,0,Benign,True
2026-03-15 08:19:03.396752437,22,6,136916.25073212775,18,10,3665,13309,375.2330061813268,895.8006695086442,5843.088873207809,0,0,1,1,0,Benign,True
2026-03-15 08:19:05.064011406,443,6,17854.722724874613,22,1,7847,9704,63.0240070995665,913.7800124337768,13597.708109904353,1,0,0,1,0,Benign,True
2026-03-15 08:19:06.232793297,80,17,116602.83143887758,14,15,1901,1817,300.3031864560752,706.7488932093153,10872.024188306426,0,0,1,1,0,Benign,True
2026-03-15 08:19:07.366415227,22,17,189165.26866363263,2,25,6078,9138,356.7727645565644,738.2401849707192,1977.2306167356205,0,1,1,1,0,Benign,True
2026-03-15 08:19:08.410596912,443,6,94379.37385542781,2,19,3977,4603,72.42629502351708,248.03641486301046,14598.249856875176,0,0,0,1,0,Benign,True
2026-03-15 08:19:09.594364749,22,6,71961.90554798458,17,9,5023,11145,65.52967902055806,970.6735072918685,1954.532490226559,0,0,0,1,0,Benign,True
2026-03-15 08:19:10.817847399,80,6,149308.46234537303,12,2,7390,8502,343.4068055734462,459.0914031599268,11328.088422388439,1,0,0,1,0,Benign,True
2026-03-15 08:19:12.021940808,22,6,28644.983124590588,20,18,462,3926,597.0381896543017,168.06995973709866,12978.634552812,0,0,1,1,0,Benign,True
2026-03-15 08:19:13.160737850,8080,6,57922.20917580084,16,14,2012,3168,503.7369845043938,1114.9918665296432,6109.7027378253115,0,1,0,1,1,Benign,True
2026-03-15 08:19:14.179052899,443,6,58839.49469296893,22,11,2474,4379,49.313406100855026,253.67790494898642,14919.340952685394,0,0,0,1,0,Benign,True
2026-03-15 08:19:15.375398311,443,6,14178.920963152574,23,23,5746,12417,159.36992416815275,970.1967345878755,5485.2609208747235,0,0,1,1,0,Benign,True
2026-03-15 08:19:17.071349829,80,6,103329.13454055802,8,17,5502,3078,555.1110306583862,879.5163236849351,1541.6149791074251,1,0,0,1,0,Benign,True
2026-03-15 08:19:17.989218455,80,6,193641.0618065106,7,9,2042,9828,521.738277435946,1186.5102076809574,1153.7054808300509,0,0,0,1,0,Benign,True
2026-03-15 08:19:19.471923314,22,6,146688.15092368252,14,19,664,8083,198.5755002347507,999.6215006373094,6350.370109010958,0,1,1,1,0,Benign,True
2026-03-15 08:19:20.198146126,8080,17,117998.2638257858,16,29,2004,4494,571.0318253778456,436.64131636519147,10591.056702341219,0,0,1,1,0,Benign,True
2026-03-15 08:19:21.632649931,22,6,53756.01526882151,4,1,7379,4161,146.11072407134952,734.9863750590209,2787.8289997297543,1,0,1,1,0,Benign,True
2026-03-15 08:19:22.624630352,8080,6,187191.54842113663,5,25,493,5701,172.66674706866513,197.97134132104668,13116.997411999742,0,0,0,1,1,Benign,True
2026-03-15 08:19:23.851910763,443,6,183618.8126104628,14,14,7761,2482,485.861961855716,783.634093983629,6468.266913504917,0,0,1,1,0,Benign,True
2026-03-15 08:19:24.918032747,53,17,146559.57328150375,15,5,4461,10425,442.06722707473136,462.8119957715158,3946.909561713463,0,0,1,1,0,Benign,True
2026-03-15 08:19:26.171371986,22,6,145447.0356951892,2,12,2616,986,82.40149745496629,688.3389415972958,8275.236487334798,0,1,0,1,0,Benign,True
2026-03-15 08:19:27.850109044,22,6,103102.6953164088,24,8,7057,4703,127.93305287693882,1049.2511183595354,8585.831209781387,0,0,1,1,1,Benign,True
2026-03-15 08:19:28.692919794,443,17,31017.748608459897,17,9,1805,9868,541.3065777865365,154.26878411910133,13121.457609232535,1,0,1,1,0,Benign,True
2026-03-15 08:19:30.064877527,22,6,40471.740994128755,11,15,5465,4914,500.5614959694042,154.27881182680622,6561.809455171592,1,0,0,1,0,Benign,True
2026-03-15 08:19:31.179008479,8080,6,80835.3673198645,8,1,4433,6984,484.8346335366802,271.2210972153797,13257.955064763091,1,0,1,1,0,Benign,True
2026-03-15 08:19:32.340270747,22,6,103909.26299935389,13,9,669,347,169.38742923475536,750.4868024405072,1773.3681363461478,0,0,0,1,0,Benign,True
2026-03-15 08:19:33.619131654,80,17,162780.1334253063,10,21,5129,2796,596.8791830734298,290.9254713050417,10452.839399928223,0,0,0,1,0,Benign,True
2026-03-15 08:19:34.612343366,22,6,124350.18198060532,13,10,2172,1954,363.81512089259337,902.9118332599693,8423.464674196195,0,0,1,1,0,Benign,True
2026-03-15 08:19:36.293162339,80,17,87744.97544374283,12,28,5270,11032,387.99253041407115,1139.486542983598,5639.068065767225,0,0,0,1,1,Benign,True
2026-03-15 08:19:37.390984721,80,6,1625.5192370990544,2,27,4744,2774,354.3608824476006,833.0806528227743,5449.974787352629,0,0,0,1,1,Benign,True
2026-03-15 08:19:38.544968779,8080,17,188884.77612489724,2,1,3518,5083,194.3759383411411,89.4483965419311,4042.066081364252,0,0,0,1,1,Benign,True
2026-03-15 08:19:39.581255578,443,6,63772.40690223515,11,28,3680,13001,559.4754972594598,865.2172059220886,3054.250465550568,0,0,1,1,1,Benign,True
2026-03-15 08:19:40.591726273,80,6,77259.58410255927,6,23,7747,14485,440.1669633319366,1175.8088546657348,1651.7894942620565,0,0,1,1,0,Benign,True
2026-03-15 08:19:42.252399514,80,17,25873.27250456512,8,11,3536,4973,163.02003346035838,1017.7467592518013,500.5370878561615,1,0,1,1,0,Benign,True
2026-03-15 08:19:43.104832240,443,17,75347.29159064345,15,26,1948,3007,40.66666155491391,375.11058235806064,9875.026161897722,0,0,0,1,0,Benign,True
2026-03-15 08:19:44.130064013,53,6,107141.84024016828,7,4,7256,9282,599.397651806042,726.7482731376577,7961.808818067891,0,0,1,1,0,Benign,True
2026-03-15 08:19:45.505442206,22,17,154584.58024767667,4,4,507,8393,51.51100434575326,746.9033667620009,4206.08529030598,0,0,1,1,0,Benign,True
2026-03-15 08:19:46.976674218,22,6,146190.28196557867,20,27,978,11950,452.5615376414302,616.0031724946427,13513.215394391835,0,0,1,1,0,Benign,True
2026-03-15 08:19:48.073625246,80,17,137324.91273926751,19,3,4876,11227,345.4257067522982,456.6058484955538,8517.99117725643,0,0,1,1,0,Benign,True
2026-03-15 08:19:49.350503150,22,6,160484.81437277308,12,4,1824,12733,467.5853488107093,619.7929616182238,3753.6876821566198,0,0,0,1,0,Benign,True
2026-03-15 08:19:50.576181230,22,6,147346.7729185377,18,2,7654,8588,176.9120722886846,810.0903177748505,6630.2458556634065,0,0,0,1,0,Benign,True
2026-03-15 08:19:51.427172766,80,6,127374.28326232544,23,10,6001,549,537.8306402051821,1119.2934661044396,7281.632030870579,0,0,0,1,0,Benign,True
2026-03-15 08:19:53.054269989,22,17,66502.7796155727,6,29,2352,14241,317.37623613841356,547.518141410155,2272.920001005578,1,0,0,1,0,Benign,True
2026-03-15 08:19:53.962793761,22,6,160330.73667641982,16,12,2796,5331,201.58890605923935,707.627925028608,5294.670665665897,0,0,1,1,0,Benign,True
2026-03-15 08:19:55.283408189,443,17,147201.9649548379,23,15,4688,13755,94.35362957516548,981.8579717669533,3826.5907505607856,1,0,1,1,0,Benign,True
2026-03-15 08:19:56.101385263,8080,17,72903.96997945402,6,23,2864,3346,579.2000963114937,396.8513480582718,9438.152726253278,0,0,1,1,0,Benign,True
2026-03-15 08:19:57.896021099,22,6,121522.16791051633,14,17,3305,14910,129.43109234235789,751.6426090652518,13914.89099701989,0,0,0,1,0,Benign,True
2026-03-15 08:19:58.668537831,80,6,147222.89986783377,24,22,2480,11728,80.66198461973627,640.9187306664655,4000.4994320450082,1,0,0,1,0,Benign,True
2026-03-15 08:19:59.737237863,8080,6,22379.80023214985,24,27,4608,9344,401.9505913702321,799.5256688058831,3684.8131515918762,1,0,1,1,0,Benign,True
2026-03-15 08:20:01.174957224,443,6,69788.29051710262,4,18,5685,4157,358.619656292286,69.34601664346316,5679.371418496309,1,0,0,1,0,Benign,True
2026-03-15 08:20:02.177418034,8080,6,80963.27163471363,21,25,7549,11989,275.8091582890317,477.0129970424464,10181.757481612509,1,0,0,1,0,Benign,True
2026-03-15 08:20:03.391396026,22,6,143023.17206332742,17,6,4702,8145,467.9740411539039,1139.612675527445,2759.987546552368,0,0,1,1,0,Benign,True
2026-03-15 08:20:04.879369687,80,17,108639.70633828607,19,5,1409,5982,115.31674938577036,473.4666014099998,6062.969498653371,0,0,1,1,1,Benign,True
2026-03-15 08:20:05.935756434,443,17,128420.21723661522,18,3,5524,12190,532.5549396061008,762.9412771220576,9236.016312323836,0,0,0,1,0,Benign,True
2026-03-15 08:20:07.453111470,22,6,35931.50045317068,12,15,4768,11065,369.7276985335933,663.8140092884604,12730.99042414907,0,0,0,1,0,Benign,True
2026-03-15 08:20:08.291493896,8080,6,81060.85891486426,2,10,3557,2701,598.7489326974711,1035.8985458738316,1142.5890382567727,0,0,1,1,0,Benign,True
2026-03-15 08:20:09.735708077,53,17,182179.79239501106,14,6,2828,12866,569.3159823082008,221.65107433077364,7178.2748131303815,0,0,0,1,0,Benign,True
2026-03-15 08:20:10.776659658,80,17,101871.24626222879,3,25,4080,2076,432.3466559294791,530.3876782829038,624.8411606617334,0,0,1,1,0,Benign,True
2026-03-15 08:20:12.095970780,80,6,49286.640135251095,23,23,7527,1061,79.58913404508331,279.6791256224109,12242.25882278167,0,1,1,1,0,Benign,True
2026-03-15 08:20:13.259817214,443,6,191646.63938258775,7,23,6592,8438,502.42883753111516,264.11096636108095,13515.215341647858,1,0,0,1,0,Benign,True
2026-03-15 08:20:14.383670383,80,6,149861.430887171,22,9,7600,3950,537.137985681324,245.61515794675222,2823.864799799701,0,0,0,1,0,Benign,True
2026-03-15 08:20:15.870036656,53,17,144308.34493890582,14,3,2348,12743,153.06389165997803,897.830369196715,8919.003044916566,0,0,0,1,0,Benign,True
2026-03-15 08:20:16.705628185,53,17,147830.37545653226,5,10,1818,11746,230.66961298226445,587.4246019688169,7754.319889916533,0,0,0,1,0,Benign,True
2026-03-15 08:20:17.806341300,443,17,142133.55142976638,14,10,3948,12773,368.25097529727253,782.6964775221259,7680.9744400782265,1,0,0,1,1,Benign,True
2026-03-15 08:20:19.306856436,80,6,52799.14734608781,12,17,2073,7169,196.50100346928326,66.54096694583689,389.9635255450223,1,0,0,1,1,Benign,True
2026-03-15 08:20:20.607604536,22,6,159102.01315121897,20,21,4930,7261,473.79386257686696,1160.9873618556064,3089.049899227353,0,0,0,1,0,Benign,True
2026-03-15 08:20:21.324152243,443,17,144380.6466900059,21,6,7633,13274,586.8764071460635,642.3751479902444,9359.18915385531,0,0,1,1,0,Benign,True
2026-03-15 08:20:22.769779613,53,6,140547.6523959035,6,2,7597,10566,210.1143609437935,369.89285346661325,10432.978118853902,0,1,1,1,0,Benign,True
2026-03-15 08:20:24.235492613,443,6,155754.62741693913,3,13,1427,5343,594.7319338149177,199.54714929315116,10276.78764318134,0,0,0,1,0,Benign,True
2026-03-15 08:20:25.349771171,22,17,177117.34555987566,20,14,599,9596,556.2030199470643,901.251035474892,8158.633463404543,0,0,0,1,1,Benign,True
2026-03-15 08:20:26.695084629,53,17,155755.67296788964,11,15,3010,7288,176.1206784823474,95.73311954872042,9468.391572552844,0,0,0,1,0,Benign,True
2026-03-15 08:20:27.618848286,22,6,78945.75608710443,16,17,7717,4262,348.17545929733086,1095.1722867451986,6413.582211998745,0,0,1,1,0,Benign,True
2026-03-15 08:20:28.895997431,443,6,13946.768837338483,8,14,2659,7666,539.8973103054723,363.4248106874833,14618.905408356937,0,0,0,1,0,Benign,True
2026-03-15 08:20:29.881488168,443,6,24433.86922664183,20,26,3529,879,207.78044165642646,219.47086107676557,10310.456634218986,0,0,0,1,0,Benign,True
2026-03-15 08:20:31.468521359,443,6,165573.34339626058,15,18,3495,8328,135.79679544370217,1199.4602725082989,2687.3399255497234,1,0,1,1,1,Benign,True
2026-03-15 08:20:32.319801293,8080,6,95405.8301591787,16,13,4910,12540,364.5139648524559,768.2555878969223,3617.40010600846,0,0,1,1,0,Benign,True
2026-03-15 08:20:33.743106427,53,6,109515.91257916219,21,12,7183,3402,286.3458684950309,630.4744944424199,6068.454368862176,0,0,1,1,0,Benign,True
2026-03-15 08:20:34.741884122,443,6,166134.50258825617,15,1,4673,6962,315.9140114137653,881.0898001445764,1213.3269864280333,0,0,1,1,0,Benign,True
2026-03-15 08:20:36.037091358,80,6,15930.379014793218,23,14,865,14723,303.6613554599654,787.8529813099877,3512.936407614349,0,0,0,1,0,Benign,True
2026-03-15 08:20:37.331869521,53,6,17123.76708917014,22,21,2203,13216,497.3219041146685,70.10252711434363,8141.737201465495,1,0,0,1,0,Benign,True
2026-03-15 08:20:38.405360491,53,6,182560.66060102137,19,21,7259,9797,378.17108164323906,175.7318718792529,1507.491997440582,0,0,0,1,0,Benign,True
2026-03-15 08:20:39.844251796,443,6,65291.836370517565,22,16,2589,241,252.88362945897455,606.4522289354056,12069.235354458979,1,0,0,1,0,Benign,True
2026-03-15 08:20:40.751580592,22,6,43258.35501442507,24,23,1521,7554,571.9569274937191,230.13001405010382,11564.847637112865,0,0,0,1,1,Benign,True
2026-03-15 08:20:42.088243078,22,17,154726.21518293725,21,1,1000,9503,405.4996669514734,919.225078773784,13896.83920581127,1,0,0,1,1,Benign,True
2026-03-15 08:20:43.105417459,80,6,100624.57586878014,11,7,3243,1566,235.7897702796148,333.5371277968393,13927.124036756519,1,0,1,1,0,Benign,True
2026-03-15 08:20:44.344894000,53,6,183422.77407497782,3,19,6183,11485,271.13654567585195,523.9818975026573,1341.2252026836968,1,0,0,1,0,Benign,True
2026-03-15 08:20:45.564030064,8080,6,153648.5438814393,10,27,4297,3571,46.01468481316977,302.19149782234706,10892.76277282479,1,0,1,1,0,Benign,True
2026-03-15 08:20:46.575484210,80,6,193058.82560888177,19,22,7926,1515,284.7864051465946,1189.1764771949736,3517.833956767645,0,0,1,1,0,Benign,True
2026-03-15 08:20:47.755034207,443,6,79249.30673798523,23,12,7224,14001,463.6652133049436,1103.9138451649235,8304.57933856047,0,0,1,1,0,Benign,True
2026-03-15 08:20:49.300493953,53,17,175543.62480573714,21,27,5082,13330,376.85002307946274,1173.3030321729946,13134.603904906344,0,1,1,1,1,Benign,True
2026-03-15 08:20:50.493310643,8080,6,65671.14014044454,16,9,362,12873,424.0593808092135,1043.9509938336012,134.9642970206457,0,0,0,1,0,Benign,True
2026-03-15 08:20:51.697745828,443,17,127756.85986649891,21,18,2383,12907,216.30909365734826,215.85922490253014,12007.410821483749,1,0,1,1,0,Benign,True
2026-03-15 08:20:52.511859867,443,6,20709.650212352943,11,18,1079,3546,523.465830119086,580.9990846682382,987.6062496334744,0,0,1,1,0,Benign,True
2026-03-15 08:20:53.895928105,8080,6,108630.54990687591,8,26,4851,12519,151.63519369486608,832.3991323580791,12727.79746856212,1,0,0,1,0,Benign,True
2026-03-15 08:20:55.018685908,8080,6,194613.7956840751,8,14,1950,14436,278.1012242137999,60.63174790951049,8195.00719291468,0,0,1,1,0,Benign,True
2026-03-15 08:20:56.566890853,22,6,113288.28078963191,10,8,4435,13503,107.71154452553921,171.13043647523227,8071.6354976286675,0,0,1,1,0,Benign,True
2026-03-15 08:20:57.816378240,8080,6,24147.531934700462,2,1,1607,3968,285.40200520024814,1046.5242803118163,12329.313970513944,1,0,1,1,0,Benign,True
2026-03-15 08:20:58.648008226,80,6,145520.27755051386,7,6,7227,7827,558.6613370098015,359.87543829334317,10753.914935222869,1,0,0,1,0,Benign,True
2026-03-15 08:21:00.100709495,53,6,97506.06822347137,12,26,1895,12789,539.7183262231431,744.2899168524416,14412.34506475279,0,1,0,1,0,Benign,True
2026-03-15 08:21:00.977617682,22,6,84264.9411295108,19,11,7103,11364,392.9823696948414,452.2416237346566,6028.1227545356305,0,0,0,1,0,Benign,True
2026-03-15 08:21:02.265091515,80,6,76978.88351739885,11,28,5256,8120,253.22018167357774,297.27530926457297,9809.52889148593,0,0,1,1,1,Benign,True
2026-03-15 08:21:03.383192697,80,6,188601.19264226564,11,20,7987,5368,169.7653742080763,124.5039401710779,4236.055488978502,0,0,1,1,0,Benign,True
2026-03-15 08:21:04.670112459,80,6,43745.928175458925,13,22,4098,10421,208.72622979430506,355.79328771427225,14695.65951332706,0,0,0,1,0,Benign,True
2026-03-15 08:21:06.104841928,53,6,193213.15813249434,17,6,2993,4688,594.4879165195883,608.4638522629216,4844.275854506374,0,0,1,1,0,Benign,True
2026-03-15 08:21:07.446196146,443,6,161430.53153255122,8,28,6804,3546,525.3495913775164,878.6653577327234,2221.8217860514173,0,0,0,1,0,Benign,True
2026-03-15 08:21:08.221513444,22,6,144627.473814701,12,29,2918,6128,480.0074900534675,904.9679666439498,14832.367806910175,1,0,0,1,1,Benign,True
2026-03-15 08:21:09.625247420,53,6,158752.2088085361,20,6,5925,5350,560.4965834733664,1102.08686139846,5750.478513015746,0,0,0,1,1,Benign,True
2026-03-15 08:21:10.920834660,8080,6,81175.72145536992,24,9,7527,7697,506.22419584716505,785.6055764319715,2183.1066235270687,0,0,1,1,1,Benign,True
2026-03-15 08:21:12.271753481,22,6,45269.31427400472,4,3,3228,6553,268.64267717672794,106.42220062136445,1083.5977254259433,1,0,1,1,0,Benign,True
2026-03-15 08:21:13.266036289,443,6,20599.032111298024,18,1,7327,5458,507.7998675246306,1108.7492295733905,1017.6247863419105,0,0,1,1,0,Benign,True
2026-03-15 08:21:14.253064158,53,17,175052.33323232768,22,8,5411,4066,253.44354620488025,329.2422430213799,10110.499169462617,1,0,1,1,0,Benign,True
2026-03-15 08:21:15.675286894,80,6,10801.702904121481,20,11,7716,418,442.3514496039637,150.5741060635511,5140.458286294023,1,0,1,1,0,Benign,True
2026-03-15 08:21:16.692294697,8080,6,70256.10068825923,16,26,371,7395,65.45740489059304,594.5088304409517,7014.776753273373,0,0,1,1,0,Benign,True
2026-03-15 08:21:18.285677034,53,6,57793.829085437064,17,8,5743,2914,344.8862811577519,294.10718827638175,13046.54411818411,0,0,1,1,0,Benign,True
2026-03-15 08:21:19.139805681,53,6,152281.8001301383,17,22,4906,6926,291.39357406380907,876.8494002450507,5717.825091727188,0,0,1,1,0,Benign,True
2026-03-15 08:21:20.511256632,53,6,29175.646645338325,11,12,7374,3719,202.76855055095126,427.59670420663366,10803.215921910247,0,0,0,1,0,Benign,True
2026-03-15 08:21:21.313936549,53,6,155578.99165728324,10,5,3774,6299,501.4237286419122,90.57417707410289,12986.80883822125,0,0,1,1,0,Benign,True
2026-03-15 08:21:22.740036867,53,6,187303.12160694945,9,8,4635,5240,494.8138257695488,282.9954937817881,11006.078304665683,0,0,1,1,0,Benign,True
2026-03-15 08:21:24.225064567,80,6,54786.47844223322,16,29,3410,11856,195.12975802284623,428.4753835963654,9022.830894399483,0,0,1,1,0,Benign,True
2026-03-15 08:21:25.266136466,443,6,70381.9592942108,22,1,521,13291,375.89053866862366,991.8272161187476,6581.868262975885,0,0,0,1,0,Benign,True
2026-03-15 08:21:26.366365731,80,17,16897.05726273341,9,29,6283,724,585.9995214414297,356.12505949542265,7178.284936015933,0,0,1,1,0,Benign,True
2026-03-15 08:21:27.861562499,443,6,149077.88815323732,22,6,5440,9072,450.829697752835,366.96735697214285,9869.920167698889,1,0,0,1,0,Benign,True
2026-03-15 08:21:29.012390625,80,6,90187.51389081364,15,27,2652,6237,51.32325093960873,334.1086973393348,1838.69002694288,0,0,1,1,0,Benign,True
2026-03-15 08:21:29.893329404,80,6,29590.80950972346,6,11,5262,14847,332.32300340345137,98.97433523307343,5280.107205020203,0,0,1,1,0,Benign,True
2026-03-15 08:21:31.226729041,443,17,135399.83005833114,14,21,3729,13958,545.0820137807395,218.41448339414393,1291.2276934324072,0,0,1,1,0,Benign,True
2026-03-15 08:21:32.393894553,22,6,61812.677484749045,13,24,4322,12513,95.1236105993118,325.1103198861712,3306.3534684586307,1,0,1,1,0,Benign,True
2026-03-15 08:21:33.679321500,443,6,88459.8307352882,22,26,5997,5347,97.04705248273505,120.52806572709088,3202.7786369825985,1,0,0,1,0,Benign,True
2026-03-15 08:21:34.700466760,53,6,160787.9179751894,10,19,5022,14772,49.15117924698385,77.86360306559422,7550.0834864141,0,0,1,1,0,Benign,True
2026-03-15 08:21:35.846523000,443,6,137836.5835950021,2,11,3168,1479,94.67634010210205,1128.2715641602192,14067.384263616274,0,0,1,1,0,Benign,True
2026-03-15 08:21:37.447603101,8080,6,118043.63420274366,21,25,7776,9243,149.66723868617703,1101.8597260322974,3317.8132168844018,0,1,0,1,0,Benign,True
2026-03-15 08:21:38.654324699,53,6,12619.768612728782,21,6,3997,14440,280.06702601799844,452.1145467981705,2143.228330182541,1,0,1,1,1,Benign,True
2026-03-15 08:21:39.805993731,80,6,149748.86596569105,13,9,4635,12468,331.30243042995914,369.68547088251836,5848.029768909404,0,0,1,1,0,Benign,True
2026-03-15 08:21:41.086922658,443,17,171223.33938235496,4,14,3426,11286,467.6840793302402,1028.688205285883,7716.0591288225905,0,0,1,1,0,Benign,True
2026-03-15 08:21:42.146994915,53,6,23285.50434333787,13,19,2422,5660,292.0352660999544,837.6647168703392,11965.280393805828,0,0,0,1,0,Benign,True
2026-03-15 08:21:43.358800337,22,17,179134.58814475324,8,9,240,1441,223.90513899176167,853.2067786598757,1466.6025870691,0,0,1,1,0,Benign,True
2026-03-15 08:21:44.557554055,22,6,142688.72216213276,5,4,6289,10052,412.2072738075326,917.1901307900556,4812.9722905898225,0,1,1,1,0,Benign,True
2026-03-15 08:21:45.588364578,53,6,79888.41355673454,7,24,6115,5855,581.352360122494,805.902388515516,4765.115101405421,0,0,1,1,0,Benign,True
2026-03-15 08:21:46.773871316,8080,6,80578.32736118486,9,4,2503,4536,394.79864890631006,95.62669986638699,14493.244046934262,1,0,1,1,0,Benign,True
2026-03-15 08:21:47.844135765,80,17,161873.05509634837,9,21,5376,586,442.7388268793354,866.9160705420146,11168.634316253463,0,0,1,1,0,Benign,True
2026-03-15 08:21:49.286891516,443,6,65091.73695637107,6,21,1382,10191,228.1110117805576,244.31937067709765,10454.875510311329,1,0,1,1,0,Benign,True
2026-03-15 08:21:50.273592081,443,6,82465.3589765321,19,22,5900,14036,43.5382180605699,747.9786737082096,9053.653691070469,0,0,1,1,0,Benign,True
2026-03-15 08:21:51.454685045,443,6,122413.1461430648,11,13,6469,10258,361.98731936675114,642.2106920735915,9763.551836197674,0,0,0,1,0,Benign,True
2026-03-15 08:21:52.851576824,80,6,199156.03982861148,7,7,3450,6172,74.75644067060117,107.65676219475496,1517.5943609914825,0,0,0,1,0,Benign,True
2026-03-15 08:21:53.945989432,443,17,13016.861009851906,7,3,312,2895,217.29013504670422,228.71093724568405,5540.2555718549975,1,0,0,1,0,Benign,True
2026-03-15 08:21:55.031313965,53,6,157667.56256769458,3,16,5765,1815,565.4517069548856,726.0430547327782,10321.717274351127,0,0,1,1,0,Benign,True
2026-03-15 08:21:56.589633610,22,17,117496.72811291144,24,16,2432,12215,144.72259073171637,989.557445345969,327.7257928078973,0,0,0,1,0,Benign,True
2026-03-15 08:21:57.816341951,443,17,161118.8233582892,6,26,1937,6560,438.36190488787406,98.07647390598282,13227.979060794423,1,0,1,1,0,Benign,True
2026-03-15 08:21:58.600619711,8080,6,36240.852025252294,18,3,6246,10621,204.60485294158428,753.3858752802602,5936.354032788756,0,0,0,1,0,Benign,True
2026-03-15 08:21:59.704504219,8080,6,166526.79115099183,19,5,1964,13756,381.34836759775095,998.4689975620092,1120.976909027973,0,0,1,1,0,Benign,True
2026-03-15 08:22:01.101677981,22,6,133264.5434020584,19,11,221,7610,203.83719612067353,1052.3703099340632,9028.178439681393,0,0,1,1,0,Benign,True
2026-03-15 08:22:02.578506501,443,6,5199.87205749606,24,3,5068,13175,497.21732619717795,790.380363791033,14061.14344524654,0,0,1,1,1,Benign,True
2026-03-15 08:22:03.803504319,80,17,17037.832633887032,4,21,7712,7637,66.65334638103289,379.1033649809434,4968.55484988212,0,0,0,1,1,Benign,True
2026-03-15 08:22:04.582997442,443,17,73827.68231333063,17,25,3434,5171,429.5622106892836,1137.522597425287,4108.2663221182665,0,0,1,1,0,Benign,True
2026-03-15 08:22:06.164601540,53,6,159869.9796679716,12,15,4051,6860,62.81510375458299,672.0542953649551,8976.63172181592,1,0,0,1,0,Benign,True
2026-03-15 08:22:06.969422500,443,17,158781.15684340123,23,12,6624,11345,93.55539985035816,860.4816160470377,10594.617016578175,0,0,1,1,1,Benign,True
2026-03-15 08:22:08.334037554,22,17,178492.5342243237,21,27,6690,13869,42.70753957889984,311.9386009404935,10399.554016778031,0,0,1,1,0,Benign,True
2026-03-15 08:22:09.899165709,443,6,88326.44885963491,23,13,7308,3028,234.14422109709733,182.41639496288673,5435.5545445052685,0,0,1,1,0,Benign,True
2026-03-15 08:22:10.615554493,53,17,128824.07918449155,9,15,3355,4593,185.54795344114368,316.1290320512266,7929.217951946243,0,0,0,1,0,Benign,True
2026-03-15 08:22:11.792378149,53,6,176798.67816102857,6,24,5504,461,306.2523389479714,553.0049221079271,3633.42427078621,0,0,0,1,0,Benign,True
2026-03-15 08:22:13.153680199,22,17,3343.1761487146678,17,10,3756,8795,575.1982147887229,262.8023478839485,926.4215048594473,0,0,1,1,0,Benign,True
2026-03-15 08:22:14.471801115,53,6,98388.78311903804,21,17,7379,10716,596.5083309459349,377.2690696067928,14953.901525000952,0,0,1,1,0,Benign,True
2026-03-15 08:22:15.859740469,8080,17,12367.677541909206,7,5,7623,5457,275.88994938247697,678.3942932390731,12222.461118454992,0,0,1,1,0,Benign,True
2026-03-15 08:22:17.088492687,443,6,19129.35166245246,22,19,4636,8400,442.7555358614028,170.10679910605324,9248.068232108377,1,0,1,1,1,Benign,True
2026-03-15 08:22:17.741784381,22,6,39240.34656866241,17,16,6586,8902,265.5975524510735,834.7629519614608,6556.660130857075,1,0,1,1,0,Benign,True
2026-03-15 08:22:18.982798510,53,17,14249.8096400966,18,1,4212,5161,335.91446491992656,841.951272806952,6346.053871647548,0,0,0,1,0,Benign,True
2026-03-15 08:22:20.574442784,80,6,179646.99051664575,7,28,1210,1683,205.87805431057706,587.7207273788166,9661.982983411779,1,0,0,1,0,Benign,True
2026-03-15 08:22:21.462379291,22,6,160850.06870539283,7,8,5737,3888,558.8353479221386,1035.106017984151,11714.619328161221,0,0,1,1,0,Benign,True
2026-03-15 08:22:23.030909435,80,17,80355.75365734476,11,1,5656,10877,342.51591617790285,149.11853010470193,8199.382952088905,0,0,0,1,0,Benign,True
2026-03-15 08:22:24.098071954,80,6,77778.00132963082,16,27,4757,11519,440.38150020902634,720.3861739039071,2484.6488479491904,0,0,0,1,0,Benign,True
2026-03-15 08:22:24.967106881,443,6,23373.253106831384,4,27,3102,6339,453.1902998152822,1084.9168253853647,14845.593547967219,0,0,0,1,0,Benign,True
2026-03-15 08:22:26.599517570,80,6,164575.57390839353,11,22,547,12641,135.2526898232856,660.8569154608014,1299.9051585937807,0,1,1,1,0,Benign,True
2026-03-15 08:22:27.405813828,443,17,73229.54176311166,18,20,5869,520,283.02683494663137,1118.5923597139627,1326.863122804157,1,0,0,1,0,Benign,True
2026-03-15 08:22:28.754097236,80,6,150282.39458672618,15,5,3026,3247,365.884796112365,743.8118238554569,11309.583675964246,1,0,0,1,1,Benign,True
2026-03-15 08:22:30.031310957,22,17,199240.73458941246,8,12,6396,1975,217.00844144994966,713.8290377047949,5932.548949216056,1,0,0,1,0,Benign,True
2026-03-15 08:22:31.200459689,80,6,79291.3948141543,22,11,7407,10862,418.94707322067023,951.4626091200981,6434.6065715666255,0,0,0,1,0,Benign,True
2026-03-15 08:22:32.511697749,80,17,153948.22913834854,16,6,4623,7364,583.4180414076728,925.0533155699095,8253.185365849527,0,0,0,1,0,Benign,True
2026-03-15 08:22:33.691612040,443,17,121518.92575202974,4,1,1669,10426,525.5933387743129,199.09477808727627,10613.963197241106,0,0,0,1,0,Benign,True
2026-03-15 08:22:35.095225203,80,6,95350.51112269839,2,3,6547,5283,323.55848430043994,214.4625636055797,8240.435451685313,0,0,1,1,0,Benign,True
2026-03-15 08:22:36.299653145,80,6,91701.21836075539,12,3,5297,6210,46.40356570499861,1179.9708728555822,14146.134433552572,0,0,1,1,1,Benign,True
2026-03-15 08:22:37.209875641,8080,6,4278.556521167393,19,20,7185,1577,415.85955318105596,729.6674663149224,9645.977455930666,0,0,1,1,0,Benign,True
2026-03-15 08:22:38.157119452,22,17,171674.325487401,7,7,3796,5684,328.3377639234373,1010.9050671364535,7676.573520494564,0,0,0,1,1,Benign,True
2026-03-15 08:22:39.736705979,8080,6,151960.78266527227,24,21,2821,12402,592.7029217456616,804.9573160980531,3858.757484110536,0,0,1,1,0,Benign,True
2026-03-15 08:22:41.085998446,53,6,89870.51296589809,18,13,2399,3718,362.8505174261959,383.1307175903705,4996.20458135189,0,0,0,1,0,Benign,True
2026-03-15 08:22:41.890995832,22,6,521.7048585451868,21,16,4911,8741,225.95587036822215,446.1536353034726,4833.11734670688,0,0,0,1,1,Benign,True
2026-03-15 08:22:43.176725331,53,6,110018.65144245731,18,25,6133,12366,326.54264414737776,623.7062984636568,14146.513545413445,1,1,0,1,0,Benign,True
2026-03-15 08:22:44.354866154,22,6,146801.36259032955,20,3,7347,5729,365.61730700105727,302.30406455832895,10994.015766895718,0,0,0,1,0,Benign,True
2026-03-15 08:22:45.330851492,443,6,88094.78894996655,8,29,6790,10733,71.12869806330919,872.8568116503093,2818.5422171632854,0,0,0,1,0,Benign,True
2026-03-15 08:22:46.903358658,53,17,10621.726807419465,2,13,4059,9395,406.28151039719916,133.58472417185908,1871.447663977591,0,0,1,1,0,Benign,True
2026-03-15 08:22:47.912002617,80,17,127594.89343115769,10,16,3964,7545,79.92356979879759,832.5707349610965,4524.82635010918,0,0,0,1,0,Benign,True
2026-03-15 08:22:49.372478324,80,6,3706.022873665371,19,4,1018,12577,117.37057107389182,379.9944568128234,4015.4960273371203,0,0,1,1,0,Benign,True
2026-03-15 08:22:50.599272045,22,6,158587.55250243828,7,14,6948,6537,68.95970986244114,855.6728984552012,10588.685680602946,1,0,1,1,0,Benign,True
2026-03-15 08:22:51.792738471,22,6,138814.95204766755,15,25,7778,5521,128.26967560997733,474.22131949635366,12244.270163794145,0,0,1,1,1,Benign,True
2026-03-15 08:22:52.749999598,53,6,23737.052586091526,20,4,4065,4545,478.309625390517,382.15641411118514,1686.6307679817314,0,0,1,1,0,Benign,True
2026-03-15 08:22:53.892927409,53,6,101813.0828627746,9,23,1799,10867,189.0062226128732,412.7140905992265,13498.013285536517,0,0,0,1,0,Benign,True
2026-03-15 08:22:55.349292467,8080,17,113066.57580353902,15,2,1747,5833,532.3788942480355,835.8034568933101,14890.550546577573,1,0,1,1,1,Benign,True
2026-03-15 08:22:56.580833660,53,6,80833.21774184599,4,25,4149,14115,308.19345946409584,216.45191691836695,9164.754991361315,1,0,1,1,0,Benign,True
2026-03-15 08:22:57.594754467,443,6,78095.03932051876,16,5,6326,2770,498.1797449338544,409.49581638506663,14398.43579585171,1,0,1,1,0,Benign,True
2026-03-15 08:22:59.035818611,80,6,181948.86775172615,10,27,6155,10513,587.9317981548621,434.9121529296544,3561.815107588799,0,0,1,1,0,Benign,True
2026-03-15 08:22:59.786345217,80,6,71141.1673969231,3,17,6021,9295,440.30897516708865,930.1746688308174,8574.546485841418,1,1,0,1,0,Benign,True
2026-03-15 08:23:01.427441267,80,17,81932.5701464631,19,19,7180,10741,510.50692065511464,864.1410868432957,11683.245008563334,0,0,0,1,0,Benign,True
2026-03-15 08:23:02.157657139,80,6,86144.54160118525,4,2,2160,2078,258.6815413573437,289.6729504949269,165.45143471772468,0,0,1,1,0,Benign,True
2026-03-15 08:23:03.392115313,53,6,113516.05862763312,21,19,4638,5062,95.70981891438738,1110.346113807756,14296.055889918558,0,0,0,1,0,Benign,True
2026-03-15 08:23:04.820304007,443,17,45833.28097232528,18,15,1597,8956,52.822624793209734,522.1374776618919,8171.001167090157,0,0,0,1,0,Benign,True
2026-03-15 08:23:05.740511088,80,17,47924.70469278344,19,25,3737,10401,307.0452114864075,373.961501108768,2135.0691117214155,0,0,1,1,0,Benign,True
2026-03-15 08:23:06.931684260,22,17,52982.781748905894,8,4,4454,2913,534.0412983867013,880.1281986929164,13669.915282720185,1,0,1,1,0,Benign,True
2026-03-15 08:23:08.100311246,443,17,33447.896262040755,7,19,2762,10278,89.18899675796209,996.021620275203,11767.691318502164,0,0,0,1,0,Benign,True
2026-03-15 08:23:09.561789995,8080,17,62337.963699452295,15,21,2091,11481,365.1991681448522,478.9090347513726,14457.690676960487,0,0,0,1,0,Benign,True
2026-03-15 08:23:10.964774328,53,6,145755.02745488106,21,19,1188,10946,268.64586473084967,953.9990937119735,2407.5336904823653,1,0,1,1,0,Benign,True
2026-03-15 08:23:11.720903010,443,6,79347.04426746952,13,12,6945,9498,283.5441757922313,954.6625586503684,906.1459351713868,1,0,0,1,0,Benign,True
2026-03-15 08:23:13.291354563,8080,6,40374.38987172835,7,29,264,335,168.6835094994348,107.9511328906474,11761.57045820827,0,0,1,1,0,Benign,True
2026-03-15 08:23:14.593876390,443,17,173319.0784734103,4,4,2074,6981,531.841055783994,775.7025019880966,9099.53772656988,1,0,1,1,0,Benign,True
2026-03-15 08:23:15.400800509,22,6,78089.75911716785,24,28,4972,9644,477.00360912531556,102.40769799410768,12801.15190191346,0,0,0,1,1,Benign,True
2026-03-15 08:23:16.588118240,8080,6,61059.84075251818,12,3,2591,4549,113.37447753728524,588.7428733531477,6856.946676597621,0,0,0,1,0,Benign,True
2026-03-15 08:23:18.216480584,443,6,85307.62259687956,18,20,655,13962,469.7524576048507,674.2307131431523,8220.831631919285,1,0,0,1,0,Benign,True
2026-03-15 08:23:19.393874765,8080,6,25380.84525430241,20,2,3570,228,184.37335054958857,834.629299527473,7195.774739163805,0,0,1,1,1,Benign,True
2026-03-15 08:23:20.423365059,53,6,182816.82982599584,14,28,618,7479,94.1540285158136,972.0809483331592,9538.135733258763,0,1,0,1,1,Benign,True
2026-03-15 08:23:21.791519927,443,6,172136.85406198952,2,10,6133,8665,384.1687984431041,309.4724616277294,3295.8433250702365,0,0,0,1,0,Benign,True
2026-03-15 08:23:22.555653646,8080,17,111735.6499645369,24,8,800,3958,570.8487561475724,1191.2727799758527,12190.43508935382,0,0,0,1,0,Benign,True
2026-03-15 08:23:23.936688910,53,6,185803.91617091297,10,26,5710,1396,93.15363137248637,989.5004646359272,6925.08518654563,0,0,1,1,0,Benign,True
2026-03-15 08:23:25.342678533,443,6,136391.33614973185,4,9,3598,5879,475.1415287004807,556.3730759749512,1213.7865871978656,0,0,1,1,0,Benign,True
2026-03-15 08:23:26.254471175,22,17,157875.38702661416,12,28,790,8799,521.4670245610039,422.4809924469814,13071.593036845028,0,0,0,1,1,Benign,True
2026-03-15 08:23:27.751397348,22,6,160743.9377887934,24,9,6515,4758,580.2259407898708,626.1923141163136,992.3716294067332,1,0,1,1,1,Benign,True
2026-03-15 08:23:28.802507162,8080,17,196314.05906258084,15,4,7457,1100,421.0761893507719,748.858720081345,3128.4748589715737,0,0,0,1,0,Benign,True
2026-03-15 08:23:30.150159592,53,6,48049.992239500556,19,8,7180,308,126.80384659460428,1175.6943876416276,6564.66218804649,0,1,0,1,0,Benign,True
2026-03-15 08:23:31.178807782,443,6,38248.84446641597,19,18,5706,12147,418.15468104358933,363.35948981561984,12179.942381673607,0,0,1,1,1,Benign,True
2026-03-15 08:23:32.320742604,8080,6,58284.925511536916,5,2,3031,8704,59.3273098028591,874.1763426093319,11078.642902314434,0,0,1,1,0,Benign,True
2026-03-15 08:23:33.431513529,8080,6,17035.973819319363,15,25,5962,3141,363.8973687689087,252.95307926031802,3194.7588905983757,0,0,1,1,1,Benign,True
2026-03-15 08:23:34.625027604,80,17,11868.724555893628,18,23,4994,300,302.639391676563,182.31886989551117,8915.320182576517,1,0,1,1,1,Benign,True
2026-03-15 08:23:36.150894486,22,6,171470.35316489844,19,8,4817,14791,102.44686329247105,905.4859069800051,9467.981446317246,0,0,0,1,0,Benign,True
2026-03-15 08:23:36.971346208,22,17,55328.51400832102,13,9,2853,9077,115.52930563927652,334.8554075832031,4825.506108603473,0,0,1,1,0,Benign,True
2026-03-15 08:23:38.151589410,22,17,170879.41977476218,14,10,3735,8628,356.8902817893984,610.5545070293318,6403.8149226322075,1,1,1,1,0,Benign,True
2026-03-15 08:23:39.405774819,443,6,190518.1936023856,13,27,4606,3389,146.46690993695927,233.5716747131897,12314.786806243977,0,0,0,1,0,Benign,True
2026-03-15 08:23:40.605207906,80,6,49181.53826055524,11,29,5726,14177,440.6047105726933,997.029970564046,1608.382347076899,0,0,1,1,1,Benign,True
2026-03-15 08:23:42.193864573,8080,6,156348.23619569148,23,22,4131,14675,303.64412563423303,249.32318270705906,11501.947868757361,1,0,1,1,0,Benign,True
2026-03-15 08:23:43.139103974,443,6,89564.80911499761,8,2,2053,2487,60.13381888111369,825.4236543392607,13141.569015333505,0,0,0,1,0,Benign,True
2026-03-15 08:23:44.694233074,80,17,115052.90600985796,6,27,1431,7691,418.29828954560253,864.2504373784068,2371.235491403723,0,0,0,1,1,Benign,True
2026-03-15 08:23:45.382326754,22,6,42260.04738615269,12,19,2585,7378,209.67738158674334,893.7807075270184,727.9108072256894,0,0,1,1,0,Benign,True
2026-03-15 08:23:46.892123895,22,6,33921.13114648816,17,18,3653,8885,388.2908246382165,386.35523469528476,2515.334654593485,1,0,0,1,0,Benign,True
2026-03-15 08:23:47.969237704,80,17,85066.20984850227,12,25,1191,12871,398.1381101719153,1118.479106996104,10577.459389996917,0,0,0,1,0,Benign,True
2026-03-15 08:23:49.135750906,53,17,14973.950524680324,16,19,6861,3049,425.68856830824006,785.8987215343554,1048.6345661780783,0,0,1,1,1,Benign,True
2026-03-15 08:23:50.625050519,53,6,71173.75798812603,21,14,204,2671,175.3344144084421,201.7946842726216,3949.5313690717294,1,0,1,1,0,Benign,True
2026-03-15 08:23:51.885357387,8080,6,160603.95751023266,12,10,4007,5900,172.8737139685996,712.4987440609674,9923.073812497123,0,0,1,1,0,Benign,True
2026-03-15 08:23:53.023715375,53,17,191444.16105930062,9,19,5097,3107,398.22681297958434,1148.066769664883,5163.900195045623,0,0,1,1,0,Benign,True
2026-03-15 08:23:53.815380407,53,17,46034.97973940066,3,19,3693,9695,248.2563746987609,374.8591907084369,11344.313776660776,0,0,0,1,1,Benign,True
2026-03-15 08:23:55.032478752,80,6,24633.377298684485,16,8,2142,994,348.19905218603583,938.3442142995956,8494.694862435204,0,0,0,1,1,Benign,True
2026-03-15 08:23:56.493644327,8080,6,66054.54425062447,11,23,1902,370,136.42758710973018,141.8129433580725,7730.365885836461,0,0,0,1,0,Benign,True
2026-03-15 08:23:57.473450148,53,17,34983.06748208201,4,12,6799,6512,205.8128542914741,360.2845093203369,1294.9681120849427,0,0,1,1,0,Benign,True
2026-03-15 08:23:58.940835078,8080,6,27404.025123620955,10,20,189,14052,83.70511712411812,1027.412855362028,2783.7068727654473,1,0,1,1,0,Benign,True
2026-03-15 08:24:00.039852390,53,6,123894.80485887511,15,27,5509,11079,433.8969461492446,236.2414056283714,10187.783551740207,0,0,0,1,1,Benign,True
2026-03-15 08:24:01.230545261,80,6,18097.079693637297,3,21,6438,3073,200.2442031194797,491.4250661068917,11665.759060595148,1,0,0,1,0,Benign,True
2026-03-15 08:24:02.597128154,22,6,116773.80771267271,8,5,7832,5051,249.9192994398388,1049.0627986065722,9784.710151462818,1,0,0,1,1,Benign,True
2026-03-15 08:24:03.726319663,80,6,186756.97874523327,8,14,3178,7642,221.34093620253822,366.38450133744794,14948.264505205363,1,0,1,1,0,Benign,True
2026-03-15 08:24:04.515946658,443,6,143554.689770863,16,17,5787,9623,517.3036863392631,506.8951057492568,12752.915369350034,0,0,1,1,0,Benign,True
2026-03-15 08:24:05.729675482,8080,6,55299.239508543214,9,2,2248,7710,530.1906606110038,1167.471073157413,12881.611798550499,0,0,0,1,1,Benign,True
2026-03-15 08:24:07.260935071,443,6,116537.41584178217,10,6,6304,5982,97.05268955049209,895.7569181748868,14291.787598360552,0,0,1,1,0,Benign,True
2026-03-15 08:24:08.391715245,443,6,6803.741389193803,6,15,1634,4956,94.61225831342233,412.29112460222296,9748.794779300828,0,0,1,1,0,Benign,True
2026-03-15 08:24:09.456110793,443,6,142358.94797428217,12,13,6691,2215,335.27198684665154,128.33087854062927,4421.512181477818,0,0,1,1,0,Benign,True
2026-03-15 08:24:10.751193652,8080,6,198248.01228549695,13,18,7854,3291,577.7069217957403,443.3736427213512,813.2735730196026,0,0,1,1,0,Benign,True
2026-03-15 08:24:12.154746191,80,6,185866.88492479853,2,19,481,13772,81.26711446563785,1054.7453069166022,12486.847360980797,0,0,1,1,0,Benign,True
2026-03-15 08:24:13.395966890,22,6,126489.35150362078,23,29,4998,14933,331.4776517216704,164.6527116897285,2096.138750313151,1,1,0,1,0,Benign,True
2026-03-15 08:24:14.436733840,22,6,199320.76911011033,10,11,5539,14724,228.76296148775285,115.35693224877546,9830.601570860596,0,0,0,1,1,Benign,True
2026-03-15 08:24:15.531221688,80,6,115055.40767733763,4,15,925,14894,444.4295133307112,1146.004140763226,1166.6196938624316,0,0,1,1,0,Benign,True
2026-03-15 08:24:16.662418056,80,17,191181.54591163344,24,27,1913,7769,414.137633371928,64.57910072445179,10362.818904800642,0,0,1,1,1,Benign,True
2026-03-15 08:24:18.013151082,8080,6,33398.63499024305,18,11,1396,10692,221.06202422459896,869.4375443230853,5108.765002091806,0,0,1,1,0,Benign,True
2026-03-15 08:24:19.088849771,8080,6,155777.1001321773,12,22,5252,7023,283.80816066631394,670.7294139972693,860.0448532027806,0,0,1,1,1,Benign,True
2026-03-15 08:24:20.438457082,53,6,169502.64812832698,7,20,461,2290,454.83274259234577,1195.2193708661762,710.5619004906051,0,0,0,1,0,Benign,True
2026-03-15 08:24:21.705991429,443,6,14645.132568078818,20,13,3608,7874,243.1466669942985,634.3192380080798,421.52153177513577,0,0,0,1,0,Benign,True
2026-03-15 08:24:22.539647526,22,6,176116.36317181747,10,25,2015,3770,49.87768825896775,1034.096677462289,5003.900875164991,0,0,1,1,0,Benign,True
2026-03-15 08:24:23.700640479,22,17,150207.97323132778,13,13,2266,10317,298.7060614158,520.3009044925761,5456.8609352289195,0,0,1,1,0,Benign,True
2026-03-15 08:24:25.027366283,8080,6,21945.557233819673,20,11,6714,9173,509.19118602056324,223.68441260436452,2202.423138470635,0,0,1,1,1,Benign,True
2026-03-15 08:24:26.636706898,443,17,7998.278592711055,21,18,7205,8435,413.77491337803826,1182.0510476363584,12347.678447716198,0,0,0,1,0,Benign,True
2026-03-15 08:24:27.687774457,22,6,96553.62862875554,13,20,5725,6854,63.835729741817644,317.83004353016355,14890.101125410183,0,0,0,1,1,Benign,True
2026-03-15 08:24:28.603176211,53,17,8888.467901362972,16,21,671,5261,395.6941711941656,835.3851310075471,3541.459066479453,1,0,1,1,0,Benign,True
2026-03-15 08:24:30.234158377,8080,6,67469.26103819812,7,22,4036,11264,312.46452425903385,78.40872480776339,2710.565066781173,0,0,0,1,0,Benign,True
2026-03-15 08:24:31.181973564,443,6,195781.9984123499,3,8,2622,10832,422.3280668818943,705.3619656633524,7184.905257124606,0,0,0,1,1,Benign,True
2026-03-15 08:24:32.385655054,22,6,70977.9877478276,21,12,2607,10342,250.56993218782475,486.1674105970112,1045.6267064638096,0,0,1,1,0,Benign,True
2026-03-15 08:24:33.861325166,443,6,151352.23119805107,17,26,7589,1087,357.68294302766964,106.42741712380091,1601.3044505398436,0,0,1,1,0,Benign,True
2026-03-15 08:24:34.535692015,443,6,45246.085910885966,7,1,5341,1005,367.912828771204,626.7482025475176,4129.335896148541,0,0,1,1,0,Benign,True
2026-03-15 08:24:35.829106964,443,6,96131.2770541264,16,20,529,13894,307.3669537989759,515.5519354045726,12935.98349110725,1,0,1,1,0,Benign,True
2026-03-15 08:24:37.251462795,22,6,65942.7995553335,11,26,3005,5679,70.41021318724225,532.3934699182169,11375.977822637784,0,0,0,1,0,Benign,True
2026-03-15 08:24:38.217291905,53,6,136195.06086220485,10,26,7706,1430,273.7232211342559,678.2949810254084,13701.114577272941,0,0,0,1,0,Benign,True
2026-03-15 08:24:39.707716205,8080,17,150080.2354728409,15,26,6365,13523,105.29043418948271,1006.065539934057,1738.0541892437464,0,0,0,1,0,Benign,True
2026-03-15 08:24:40.628455373,8080,6,116787.08470553064,17,15,4298,3349,265.70075175264486,138.39580242626573,8108.0722018492315,1,0,0,1,1,Benign,True
2026-03-15 08:24:41.759494182,8080,6,123877.62674861818,24,23,1304,14538,358.78502920703085,338.3671204443874,9618.298658936057,1,0,0,1,1,Benign,True
2026-03-15 08:24:43.024191095,80,6,197504.63192513864,11,22,5815,4035,568.1732731799086,105.11944978201532,11638.855676146512,0,0,1,1,1,Benign,True
2026-03-15 08:24:44.353640420,22,6,158959.42550767408,5,9,1833,6216,104.43073879371414,1006.8743349222401,9725.496489787414,0,0,1,1,0,Benign,True
2026-03-15 08:24:45.405682979,8080,6,105433.58494035815,21,24,6496,10782,96.78427951089687,778.9419116299149,10929.1088362895,0,0,1,1,0,Benign,True
2026-03-15 08:24:46.580815214,80,6,96674.91600193107,17,27,1218,4872,134.4543451236193,68.55941493963084,1911.9607800503622,1,0,0,1,1,Benign,True
2026-03-15 08:24:48.216169131,80,6,54156.992301223225,4,10,6818,13588,569.5053199869279,146.92435939938986,11653.627221489078,0,0,1,1,0,Benign,True
2026-03-15 08:24:49.092238322,8080,17,40787.61510369562,9,23,1343,2066,222.7721873373762,269.6340378618082,1760.6725776186252,1,0,1,1,0,Benign,True
2026-03-15 08:24:50.316455211,443,17,67146.07029060605,16,25,6693,11531,484.5868208413219,514.4763719447467,12355.968027281144,0,0,0,1,0,Benign,True
2026-03-15 08:24:51.333162245,8080,17,60267.136578681144,22,27,3237,14999,120.45735457210097,1134.7557935575012,10627.44617411023,0,1,1,1,0,Benign,True
2026-03-15 08:24:52.714421774,22,17,182344.59634521598,7,18,1838,12923,189.08717481534563,607.8335203579438,5791.274934909156,1,0,1,1,0,Benign,True
2026-03-15 08:24:53.858884306,80,6,32459.02871455142,21,8,4981,13034,476.7760384303534,570.0626354719527,13644.43009859752,1,0,1,1,0,Benign,True
2026-03-15 08:24:55.266291040,22,6,45309.9283213071,4,20,3392,4367,101.00536215087736,776.8324898134963,7661.3544279121725,0,0,0,1,0,Benign,True
2026-03-15 08:24:56.223234178,443,6,178064.9024947579,18,8,2370,12920,539.3843568714534,751.8458272484911,14734.450674609223,0,0,1,1,0,Benign,True
2026-03-15 08:24:57.833019271,22,6,13392.583524799174,3,26,862,14134,583.4245175651913,380.800721950851,12274.00477673874,0,0,1,1,0,Benign,True
2026-03-15 08:24:59.057799972,80,17,165389.7189017532,9,4,654,987,580.9469827928567,521.4626049033807,9902.281919693918,0,0,0,1,0,Benign,True
2026-03-15 08:24:59.759898634,8080,17,156338.22872283918,22,3,4479,12495,386.943823935805,894.0960097496315,2110.759399831726,1,0,1,1,1,Benign,True
2026-03-15 08:25:00.964441773,53,17,77203.95466589494,8,16,4673,8186,500.5402854343251,220.8585456687961,9374.99207645435,1,1,0,1,1,Benign,True
2026-03-15 08:25:02.169195862,80,17,49650.77695204621,14,6,4910,6646,173.46630117676457,402.65622184682843,13742.547012987288,0,0,1,1,0,Benign,True
2026-03-15 08:25:03.671741553,80,17,21850.64227160708,16,14,1195,14131,179.30437216278304,856.0833403650374,12416.278062210218,1,0,1,1,0,Benign,True
2026-03-15 08:25:04.573181378,443,6,48123.16636561231,19,25,6528,3860,487.64503215339613,1035.5233023563833,9298.476901054346,0,0,1,1,0,Benign,True
2026-03-15 08:25:06.211429390,8080,6,77213.43615883292,3,15,7221,12966,466.7375603446832,490.35128966748647,437.1912620176829,1,0,0,1,0,Benign,True
2026-03-15 08:25:07.352562908,53,17,33057.48768878504,11,4,1802,2511,242.98453155577482,988.7845881360519,7161.107974311896,0,0,0,1,0,Benign,True
2026-03-15 08:25:08.591885314,22,6,152733.5750406121,4,23,4594,12955,474.9322044378723,708.1735077436286,10742.716712954036,0,0,1,1,0,Benign,True
2026-03-15 08:25:09.615636316,22,17,10976.030811578894,23,16,5927,749,213.12387551198904,1100.2105766435536,12413.90017313399,1,1,1,1,0,Benign,True
2026-03-15 08:25:11.098006326,22,6,82658.84661919875,18,10,6033,1417,251.6848039098216,975.6423666736817,14186.993245022557,1,0,1,1,0,Benign,True
2026-03-15 08:25:11.726505061,443,17,72871.18664339863,15,1,7547,12583,507.5782694846756,1082.4154162765021,11064.4966074397,0,0,1,1,0,Benign,True
2026-03-15 08:25:13.140758978,443,17,195724.66200841562,15,23,4594,11246,129.7163462415922,617.3902679401177,12627.362777019971,0,0,0,1,0,Benign,True
2026-03-15 08:25:14.294362001,22,17,57061.85830852828,21,6,1339,8830,580.2751268625253,840.9271643221238,13932.94696868444,0,0,0,1,0,Benign,True
2026-03-15 08:25:15.869187299,22,6,169063.10547651266,6,1,4128,5964,596.6784647829863,731.8190564691399,4513.319352499482,0,0,0,1,0,Benign,True
2026-03-15 08:25:16.846116575,8080,6,103464.68014881859,12,9,369,6009,247.84062499646754,1068.8333832358437,11883.401320683604,0,0,1,1,0,Benign,True
2026-03-15 08:25:18.183714579,80,6,199454.00003885946,24,3,800,7829,326.92801925902984,701.1118294129777,2587.81509414607,0,0,1,1,0,Benign,True
2026-03-15 08:25:19.002204716,80,6,165841.28734290006,24,16,4385,510,504.8507604878368,217.29409935574077,8906.803002422463,0,0,1,1,0,Benign,True
2026-03-15 08:25:20.687180486,22,17,96126.60642480724,19,23,6405,5507,55.17874731572743,405.69727297357275,10264.034176074134,0,0,0,1,0,Benign,True
2026-03-15 08:25:21.599183728,8080,17,139710.8589897363,4,27,1390,4578,371.81073826102215,109.6969451850673,591.590169122873,0,0,1,1,1,Benign,True
2026-03-15 08:25:22.796203245,80,6,115423.64630270968,13,27,4761,7351,477.42749432039716,685.4638909747144,9594.38799257245,1,0,1,1,0,Benign,True
2026-03-15 08:25:24.282530837,22,6,52553.266555788556,12,25,668,12623,389.3706755138522,1055.756640706464,4433.04341751771,0,0,0,1,0,Benign,True
2026-03-15 08:25:25.128439416,22,6,175274.50299018138,2,15,6391,5361,382.54516954759265,757.974272166108,10288.084926159821,0,0,0,1,1,Benign,True
2026-03-15 08:25:26.338515014,80,6,68235.35740315152,23,20,4349,5551,549.0036261980811,388.01605680934637,10437.788427685144,0,0,0,1,0,Benign,True
2026-03-15 08:25:27.650851621,443,6,199856.30517199473,2,19,2612,8097,480.65425066049664,132.66839091219705,12160.018806654503,1,0,0,1,0,Benign,True
2026-03-15 08:25:28.576831566,8080,6,127878.52042591452,23,25,4154,2350,476.78640970672376,428.93847241965346,1508.4195763986347,0,0,0,1,0,Benign,True
2026-03-15 08:25:29.892651375,53,17,184379.65469652184,22,25,7815,14868,580.147325721171,418.479093543448,5770.909584343699,0,0,1,1,0,Benign,True
2026-03-15 08:25:31.015924993,53,6,182872.18843704968,17,27,5206,6985,208.20120752417205,733.6503902567214,11270.552543584889,0,0,0,1,0,Benign,True
2026-03-15 08:25:32.161970087,53,6,65027.16040659276,5,19,6962,7894,564.5094474607203,245.55993910289948,4560.882682695412,1,0,1,1,0,Benign,True
2026-03-15 08:25:33.819686763,8080,6,134379.58310449548,23,13,7443,13074,346.3244834177891,755.2733975636963,9879.83744315889,1,0,0,1,1,Benign,True
2026-03-15 08:25:34.853598699,22,6,174048.4957220136,13,13,279,7225,425.75955752461886,945.1005444185353,1269.034778732541,0,0,1,1,0,Benign,True
2026-03-15 08:25:35.915203674,22,17,44976.869502771704,12,10,361,4897,403.6632210622122,534.310749537849,5611.1833873562555,1,0,1,1,0,Benign,True
2026-03-15 08:25:37.145201626,53,6,164828.08799537944,17,8,3040,9906,421.92838694491644,564.5817029958382,11629.322936873836,0,0,1,1,0,Benign,True
2026-03-15 08:25:38.358911402,22,17,199622.79973099707,5,5,1405,9215,429.08048782815655,925.8261522775762,7953.213451445829,1,0,1,1,0,Benign,True
2026-03-15 08:25:39.679889509,80,6,179938.37378053062,8,17,3505,3845,89.4807690724157,182.1155386335207,13470.205769423292,0,0,0,1,1,Benign,True
2026-03-15 08:25:41.056061634,80,6,17668.272311859968,4,26,6456,5977,186.82135197786548,973.4247825641186,13622.942183990031,1,0,1,1,0,Benign,True
2026-03-15 08:25:42.259667771,80,6,157150.20676470504,5,20,1510,8707,595.68873958206,595.548658357319,9326.783839801219,0,0,0,1,1,Benign,True
2026-03-15 08:25:43.134895187,443,6,113635.9041019085,17,7,7134,11807,85.16478735992004,465.2037334401681,10707.511787091351,0,0,0,1,0,Benign,True
2026-03-15 08:25:44.297557475,8080,6,185908.23760207472,17,22,654,3175,593.5746684101033,779.1032025812643,14494.524024222683,0,0,1,1,1,Benign,True
2026-03-15 08:25:45.570627900,22,17,117841.3776359637,9,20,7997,7397,557.1951562304191,829.5142894414265,13172.831932933119,0,0,1,1,0,Benign,True
2026-03-15 08:25:46.840760538,8080,6,55360.68764579573,20,23,7941,12342,243.94395136365512,1117.6538779377975,5609.151246092291,0,0,0,1,0,Benign,True
2026-03-15 08:25:47.977090746,8080,6,110118.93237271464,20,14,7162,10420,290.6454091179685,161.6049717743361,3545.835233666896,0,0,1,1,0,Benign,True
2026-03-15 08:25:49.295252045,22,6,31987.597096347297,24,9,3506,5792,501.67407436169,837.7340339103515,9709.520563440961,0,0,0,1,0,Benign,True
2026-03-15 08:25:50.432639414,8080,17,64235.59127266804,3,12,6333,5818,102.39660956587625,201.66098187832986,4120.343199720974,0,0,0,1,1,Benign,True
2026-03-15 08:25:51.492429328,80,6,42646.176878777624,9,15,5529,3594,353.4013127395993,516.7476648969462,13462.935642363793,1,0,0,1,0,Benign,True
2026-03-15 08:25:52.707438483,22,6,6320.234776163792,20,3,5350,7287,309.36256617109376,428.2142672695352,5535.371406149625,0,0,0,1,0,Benign,True
2026-03-15 08:25:53.927155672,443,6,98715.1829838943,6,18,2917,7429,386.6065158825136,774.7486178503732,324.10399764062095,0,0,0,1,0,Benign,True
2026-03-15 08:25:54.956783860,53,17,160730.21532964017,3,18,6941,10437,425.0254894922004,65.64376843124639,10845.13437989634,0,0,0,1,0,Benign,True
2026-03-15 08:25:56.199637579,443,6,8210.016234075607,15,6,4935,6299,373.9493703792066,65.82826495342596,8669.700650543882,0,0,1,1,0,Benign,True
2026-03-15 08:25:57.733868281,22,6,24145.13964071555,12,12,6375,6469,494.42128551874856,1140.2600947613655,7073.624915173577,0,0,1,1,0,Benign,True
2026-03-15 08:25:58.733458026,22,17,161172.16853459206,20,18,3176,14255,471.1873322672412,1060.0818984607645,8245.085132242491,0,0,0,1,0,Benign,True
2026-03-15 08:25:59.828723383,443,6,191154.35777835888,23,5,639,13820,544.86373234865,162.0067176387912,6826.374230415127,0,0,1,1,0,Benign,True
2026-03-15 08:26:01.237603446,443,6,22933.01801962754,3,22,2457,9351,376.3969173941237,559.1425624295866,4484.237881100463,0,0,0,1,0,Benign,True
2026-03-15 08:26:02.553323725,8080,6,159336.31611843055,24,21,901,2573,311.3953612453648,964.4213201503904,14960.008581137114,1,0,1,1,0,Benign,True
2026-03-15 08:26:03.454453417,8080,6,150008.9735403514,21,7,1826,7650,103.7229526028845,306.6422071383272,13239.697463134133,0,0,0,1,0,Benign,True
2026-03-15 08:26:04.996073929,53,6,165275.25339979216,19,14,2200,5704,450.36353150220896,946.0474287482657,11871.778787253088,1,0,0,1,1,Benign,True
2026-03-15 08:26:06.256502915,443,6,151012.85505483593,16,18,2709,13882,526.5178181339375,357.96726214541127,13282.171132142743,0,0,1,1,0,Benign,True
2026-03-15 08:26:07.258436717,53,17,199935.4343015882,17,21,1178,4858,335.09501722692227,528.1039389519219,11272.89537064646,0,0,1,1,1,Benign,True
2026-03-15 08:26:08.501368595,8080,6,13826.559587005077,2,23,7207,9815,90.28259612708928,750.2577205106269,11286.973648456338,0,0,1,1,0,Benign,True
2026-03-15 08:26:09.331545594,53,6,154425.33273509255,5,8,6258,9999,342.1076754645486,235.06119221676585,3007.8478245977444,0,0,1,1,0,Benign,True
2026-03-15 08:26:11.067311934,53,17,71896.39533349252,8,25,6227,4306,443.0420176995368,166.93215731548173,13964.951443845683,0,0,1,1,0,Benign,True
2026-03-15 08:26:11.935490840,8080,6,32859.751395153085,2,28,1632,12424,538.7364561622586,132.5493052887199,12801.633139589532,1,0,0,1,0,Benign,True
2026-03-15 08:26:13.454340240,8080,17,151778.08395254647,14,15,7567,6279,445.97067014548315,393.9007252932637,13085.818085208442,0,0,1,1,0,Benign,True
2026-03-15 08:26:14.447386514,22,6,179406.4434607325,12,24,7827,663,448.79751925432856,712.3613371129775,1464.3577284327544,1,0,1,1,0,Benign,True
2026-03-15 08:26:15.302771279,53,17,83702.06770777947,11,6,7034,2713,440.44969646270073,94.22278554646623,14495.49447652029,0,0,0,1,0,Benign,True
2026-03-15 08:26:16.523125199,443,6,125002.48690086117,9,19,4512,3071,298.52619654827197,411.19183070412726,3671.888810269853,1,0,0,1,0,Benign,True
2026-03-15 08:26:18.108251283,443,6,188062.98272045256,2,25,2985,11323,327.88375463140125,548.9536749179108,644.8865718240539,1,0,0,1,0,Benign,True
2026-03-15 08:26:19.237600808,22,6,30341.84350734064,14,5,7384,9140,582.9601136381765,564.4238962009572,14204.685593971491,1,0,1,1,0,Benign,True
2026-03-15 08:26:20.115919462,80,17,71513.34244241056,18,18,451,337,328.49807000546076,1172.2374702733357,12890.836886142917,0,0,0,1,0,Benign,True
2026-03-15 08:26:21.746075976,53,6,48890.91712951043,24,3,1814,4813,289.6795965171452,161.74348109921246,2300.859092667171,0,0,1,1,0,Benign,True
2026-03-15 08:26:23.011287202,443,6,86809.54915414608,6,25,7516,2656,536.9372009657623,115.94821704016364,13858.577480653556,0,0,0,1,1,Benign,True
2026-03-15 08:26:23.997850489,443,6,154954.84702508722,2,20,947,2951,225.92220664480928,925.451817879707,12813.00141792249,0,0,1,1,0,Benign,True
2026-03-15 08:26:25.179454464,53,6,92930.75987136236,2,7,6706,6984,177.69866827219886,980.264686337503,9187.769666230746,0,0,0,1,0,Benign,True
2026-03-15 08:26:26.103283865,53,6,107679.22817842691,23,3,1835,10526,432.5504689751433,134.70716874302758,10435.398370083602,0,0,0,1,0,Benign,True
2026-03-15 08:26:27.771989827,8080,6,46483.086798525386,11,23,4098,11478,269.46907657489237,137.7766849144,4274.7613793429,0,1,1,1,0,Benign,True
2026-03-15 08:26:28.698429640,443,6,6907.53631318816,8,27,2680,5848,164.72993174878067,432.25612659851197,6192.467707202768,0,0,0,1,0,Benign,True
2026-03-15 08:26:30.227258171,80,6,192905.57603059232,3,2,2299,8872,148.4424159731242,487.99915271025816,8242.34056731502,1,1,0,1,0,Benign,True
2026-03-15 08:26:31.123836352,8080,6,101814.21410744484,7,17,6796,2568,351.90754931474595,196.2870217440695,933.9198247466227,1,0,0,1,0,Benign,True
2026-03-15 08:26:32.439046746,53,6,19919.142474821634,8,6,7467,7503,285.7288824547701,969.94098190416,4745.6405630741,1,0,0,1,1,Benign,True
2026-03-15 08:26:33.462205072,443,6,79359.29587468317,9,7,6761,7297,205.0187341919763,665.9739515632962,12450.672235695261,0,0,1,1,0,Benign,True
2026-03-15 08:26:34.596352987,80,6,25843.454076302725,5,22,4263,8237,188.20187803152334,679.4042794556016,13203.299697089087,0,0,0,1,0,Benign,True
2026-03-15 08:26:36.164944742,443,6,48934.68723436678,11,15,5770,5558,81.44648806907628,526.9560150342784,8133.165067862412,1,0,0,1,1,Benign,True
2026-03-15 08:26:37.197954287,443,17,191875.99762316767,10,10,6550,13660,532.2142221785128,1044.9517322066652,686.840677352781,1,0,0,1,0,Benign,True
2026-03-15 08:26:38.421892754,80,6,156126.85530347892,23,14,3513,4606,144.08769024853075,543.2943311355046,11890.389866206999,0,0,1,1,0,Benign,True
2026-03-15 08:26:39.879249572,8080,6,19204.09426675209,17,29,5891,14235,533.006419473604,1068.0770326885959,7714.736195471246,0,0,0,1,1,Benign,True
2026-03-15 08:26:41.078147947,22,17,108446.50134723756,22,13,6769,10370,380.7220241944455,1116.5361883984463,6331.362559390675,0,0,1,1,0,Benign,True
2026-03-15 08:26:42.213385273,53,6,7914.641091242012,17,1,3361,13452,429.4811106062044,189.18161710476787,1212.0882267448183,0,0,1,1,0,Benign,True
2026-03-15 08:26:43.012565575,443,6,67025.0183034441,21,2,2679,4373,594.2185667719755,692.5847945668523,8248.826912198505,1,0,0,1,0,Benign,True
2026-03-15 08:26:44.456563616,53,6,31316.684541266743,24,14,7161,13602,446.2973983014505,759.7094704022005,3930.9146089436063,0,0,0,1,1,Benign,True
2026-03-15 08:26:45.826888454,22,6,34630.92098554768,21,28,2583,11584,131.58711327423458,225.98976511932796,5807.577320012931,0,0,0,1,1,Benign,True
2026-03-15 08:26:46.724678361,8080,17,113437.9715842699,23,17,7938,8056,323.0848848884238,79.64957552631981,807.0227212607582,0,1,0,1,0,Benign,True
2026-03-15 08:26:47.760663699,443,6,154136.91449997242,19,5,4112,2441,365.4587310201167,808.6349515309655,11834.577252353853,0,1,1,1,0,Benign,True
2026-03-15 08:26:49.386577741,22,17,155092.952456425,18,10,5890,8741,88.55397145665819,980.4254037343717,14390.39568717309,0,0,1,1,0,Benign,True
2026-03-15 08:26:50.389058130,8080,17,167433.68617550388,11,5,4023,2693,183.56779306076973,592.8107385918771,685.0372677127773,0,0,1,1,0,Benign,True
2026-03-15 08:26:51.638635608,80,6,31963.69173038002,4,18,6265,11759,328.81931713060874,209.1169327946316,1573.9916884892032,0,0,1,1,1,Benign,True
2026-03-15 08:26:53.089286577,443,6,139074.83136287832,24,18,875,11664,496.88674830956523,471.202085307501,13871.828419778943,0,0,1,1,1,Benign,True
2026-03-15 08:26:54.064326858,80,6,20278.283417668637,18,12,1397,9766,554.5255453416754,332.47713538761286,9045.10896385771,0,0,0,1,1,Benign,True
2026-03-15 08:26:55.154987631,22,17,155519.24741589412,17,19,2175,11987,373.8423488960113,778.7410267631705,10835.837044870386,0,0,1,1,0,Benign,True
2026-03-15 08:26:56.321990620,443,6,184040.56750992575,14,27,922,2685,173.61750960933568,746.1096578478495,5123.748562864392,1,0,0,1,0,Benign,True
2026-03-15 08:26:57.550571575,53,6,74227.41753384116,20,4,974,7705,393.0636029695621,926.2086633648981,13206.922655676162,1,0,1,1,0,Benign,True
2026-03-15 08:26:58.571039449,443,6,108107.29270996271,24,23,3309,11642,199.7920566608569,1069.8820348395434,13383.245451644825,1,0,1,1,0,Benign,True
2026-03-15 08:27:00.176850335,22,6,168565.02855124598,11,8,6148,1833,598.4016967237737,344.385956777232,9662.13596017054,0,0,0,1,0,Benign,True
2026-03-15 08:27:01.402630114,53,6,11807.575505764844,10,2,1570,10928,214.1087896595923,84.18465633875982,1314.069232993382,0,0,1,1,0,Benign,True
2026-03-15 08:27:02.270638280,53,6,23007.61012139355,14,29,5659,3775,113.16799592432459,233.964139753498,9467.084434048007,0,0,1,1,0,Benign,True
2026-03-15 08:27:03.482277971,22,17,164724.20029097178,14,4,6117,5122,453.7658805300317,759.8473796421505,9041.057201987625,0,0,1,1,0,Benign,True
2026-03-15 08:27:05.024600553,80,6,52218.319051733866,19,25,6112,14058,309.01322473255846,902.6803827942967,9452.122792540953,0,0,1,1,1,Benign,True
2026-03-15 08:27:05.714382213,443,6,17642.181649743558,11,11,3667,7450,81.1199758465259,1045.2552409128602,8127.987463116166,0,0,0,1,0,Benign,True
2026-03-15 08:27:07.212274466,80,6,131906.11973521445,9,18,3376,7856,535.6237578826073,474.8308390465928,6029.065211359374,1,0,0,1,1,Benign,True
2026-03-15 08:27:08.378205428,53,6,186810.2268296677,13,14,7317,7289,64.03988760122826,284.925606574471,8145.989809171685,0,0,0,1,0,Benign,True
2026-03-15 08:27:09.714076061,80,6,67977.62244446149,16,7,6245,3382,91.12337183637712,1125.7193032125115,13832.68256083447,0,0,1,1,0,Benign,True
2026-03-15 08:27:10.598035020,80,17,23417.251822241295,14,4,3886,11755,377.0619087323281,401.7334578643417,2514.893964008417,0,0,1,1,0,Benign,True
2026-03-15 08:27:12.100998444,80,6,117339.92679408996,8,26,3588,7059,312.92539370586445,1025.3368938588117,871.559515607325,0,0,1,1,0,Benign,True
2026-03-15 08:27:13.126040404,80,17,169780.97616015415,4,5,440,4296,109.59410721325122,583.2703904478068,9475.049126792497,1,0,1,1,0,Benign,True
2026-03-15 08:27:14.471228866,8080,6,38428.148886759234,6,21,4676,7445,154.6357450827664,611.7801525695567,5407.380913491641,0,0,0,1,0,Benign,True
2026-03-15 08:27:15.324057005,8080,6,161142.53902199885,20,3,4503,1499,316.05268813866473,376.2157104390046,12369.044345667775,0,0,0,1,1,Benign,True
2026-03-15 08:27:16.777036318,80,6,188073.12416572322,18,15,3841,9562,318.26441767100266,989.3551769280372,12907.190088587951,0,0,0,1,0,Benign,True
2026-03-15 08:27:18.013350536,80,6,84639.35816714114,11,5,926,11468,338.00257072653875,653.247230454876,2920.711843227229,0,0,1,1,0,Benign,True
2026-03-15 08:27:19.028595841,22,6,163074.90780577788,20,10,4716,9603,471.7717161066642,607.1377805921217,3405.774812938264,0,0,1,1,1,Benign,True
2026-03-15 08:27:20.183774192,443,6,57319.75799968342,17,28,3096,3780,46.22512281557157,1028.795960658197,14321.241984445547,0,0,1,1,1,Benign,True
2026-03-15 08:27:21.413084581,53,6,173665.34508958028,4,25,4996,11837,100.75199343942228,111.90900363360461,14233.522731523086,0,0,0,1,0,Benign,True
2026-03-15 08:27:22.706484646,80,6,184758.73261765437,13,16,7978,11874,392.50134716177723,653.4138588091644,14228.838414140673,0,0,0,1,0,Benign,True
2026-03-15 08:27:23.758086089,443,6,97268.19928581742,22,11,3855,10196,227.60889565947414,1128.3640246784607,3835.1933962584644,0,0,0,1,0,Benign,True
2026-03-15 08:27:25.468391877,22,6,196098.22572011477,21,17,3226,14880,232.40535347234294,531.9249320727542,3255.2642018191514,0,0,0,1,0,Benign,True
2026-03-15 08:27:26.342996436,80,6,103842.0771331023,12,1,3648,9890,474.33826673981923,976.3163713050277,12587.064851315812,0,0,1,1,1,Benign,True
2026-03-15 08:27:27.785381761,53,6,98853.49561134081,19,23,4483,14877,278.52203107674177,248.2136331877102,12531.171336195486,1,0,0,1,0,Benign,True
2026-03-15 08:27:29.084650273,80,6,31568.408281067837,19,14,1851,10158,105.02292875348799,627.9026723740006,8235.283100435883,0,0,0,1,0,Benign,True
2026-03-15 08:27:29.748441168,8080,6,101689.9063468429,15,26,831,3193,488.4334596696354,274.062976468163,14857.646848622713,0,0,0,1,0,Benign,True
2026-03-15 08:27:31.291001680,53,17,12665.611490934394,6,6,212,9796,293.93789833785553,111.97509110305936,14090.650301369686,0,0,0,1,0,Benign,True
2026-03-15 08:27:32.622845452,8080,6,171561.33039507765,7,18,7118,14685,447.0130900061665,1186.9096060287225,8306.162354019561,0,0,1,1,0,Benign,True
2026-03-15 08:27:33.680540660,53,17,54663.150929845404,7,26,7257,12014,120.23770189924655,546.0447377124311,3722.5110224233304,1,0,0,1,0,Benign,True
2026-03-15 08:27:34.757415672,8080,6,131589.34381697202,8,26,5229,5493,157.4333250924791,848.0862510360989,2147.6523896742883,1,0,0,1,0,Benign,True
2026-03-15 08:27:35.958645814,80,6,70756.01892950191,23,3,6351,6838,545.9824779444759,842.3250116279504,2375.8158690452087,1,0,1,1,0,Benign,True
2026-03-15 08:27:36.921539331,80,6,165400.7263336064,24,11,7356,3277,537.2127560360345,767.591234078532,6959.76881876975,1,0,1,1,0,Benign,True
2026-03-15 08:27:38.420760450,8080,17,155724.31517839406,24,3,1835,8564,563.7935128472369,972.5307841100307,1994.839453816919,0,0,1,1,0,Benign,True
2026-03-15 08:27:39.896125798,22,6,31381.39495664929,6,14,1927,9709,50.39073750924156,792.9369985314984,9632.273922517437,0,0,0,1,0,Benign,True
2026-03-15 08:27:41.075224515,443,6,53704.49265561518,14,1,7698,12513,191.2906240905516,984.5245584961756,13850.072769848599,0,0,0,1,0,Benign,True
2026-03-15 08:27:41.724239537,443,6,136673.07195912156,15,12,3266,8152,465.5217760708496,340.60758965940954,3019.921684130028,1,0,0,1,0,Benign,True
2026-03-15 08:27:43.323478202,22,6,106440.62352671601,15,19,3402,10764,148.60516884893906,1001.9167063132189,14713.51775522351,0,0,1,1,0,Benign,True
2026-03-15 08:27:44.281058920,53,6,188026.1263953476,21,6,1565,1859,345.9580695609331,729.6557638183444,8997.536549762708,0,0,0,1,1,Benign,True
2026-03-15 08:27:45.841793492,53,17,113785.11606682451,2,2,1742,14833,168.35948191973074,548.0161751763742,2774.76457174139,0,0,0,1,0,Benign,True
2026-03-15 08:27:46.527068847,8080,6,146006.13967710483,12,5,6397,1426,54.416979367296285,318.4058475932625,7254.642753350998,0,1,1,1,0,Benign,True
2026-03-15 08:27:48.261524461,22,17,28076.159106932173,2,5,4305,1399,73.52605049367114,194.70411489736486,10074.26331159088,0,1,0,1,0,Benign,True
2026-03-15 08:27:49.402485446,80,6,103813.4280260178,13,13,2472,7397,230.2509844196003,427.08845962471275,506.9974502173897,0,0,1,1,1,Benign,True
2026-03-15 08:27:50.170502629,22,6,89066.67774814072,22,2,3899,7693,160.90478365594646,307.7859797150978,7696.494478872249,0,0,1,1,0,Benign,True
2026-03-15 08:27:51.335894602,8080,17,12617.912963276716,5,27,946,14359,399.01814918008677,270.83742373759117,5584.484491042592,0,0,1,1,0,Benign,True
2026-03-15 08:27:53.000824598,80,6,86117.8937585307,21,26,3426,12502,371.4112220744715,1079.287512600266,6920.557617481068,1,0,0,1,0,Benign,True
2026-03-15 08:27:53.793454602,53,17,169904.21615246433,11,3,3209,5148,180.2558003768495,908.6578769802726,13995.548917496382,1,0,0,1,0,Benign,True
2026-03-15 08:27:55.220938891,53,6,190414.91390111894,4,27,6537,12972,473.43644772401973,446.85535986833384,4508.7089603659715,0,0,1,1,0,Benign,True
2026-03-15 08:27:56.649446914,8080,6,175737.1111007321,12,5,5811,3438,269.95852637023086,195.44848396410242,10372.564882929692,1,0,0,1,1,Benign,True
2026-03-15 08:27:57.640468868,8080,6,163179.92451278123,24,2,5819,4903,506.25602107374135,408.35232585017616,6341.823003618428,0,0,0,1,0,Benign,True
2026-03-15 08:27:58.738339980,80,6,130627.89138022708,2,28,5751,12351,265.24332658694453,956.2750114860638,8688.794967700445,0,1,1,1,0,Benign,True
2026-03-15 08:27:59.967009632,8080,6,185799.42915749515,3,5,5049,14934,497.66696405244517,647.9912984703985,987.2931327383168,1,0,0,1,0,Benign,True
2026-03-15 08:28:00.937870302,80,17,63962.26606454583,2,20,3281,3612,292.2303726159379,1122.4193050194715,12418.601500738292,0,0,1,1,1,Benign,True
2026-03-15 08:28:02.681251392,22,17,38575.303887502414,12,3,803,4153,381.96053099337223,965.5821657764445,13695.8979059335,0,0,0,1,0,Benign,True
2026-03-15 08:28:03.486392511,443,17,195192.15899122463,12,4,329,11398,217.9480024933981,672.3484913961555,13103.382160353525,1,0,1,1,0,Benign,True
2026-03-15 08:28:04.613618095,22,6,107278.67951567436,2,7,5847,11417,511.0321763810297,400.7093300989105,12811.929181266743,0,0,0,1,0,Benign,True
2026-03-15 08:28:05.871628381,22,17,135149.85221849967,4,5,2743,8863,110.82194544612466,863.0371274625035,4354.627974553215,0,0,1,1,1,Benign,True
2026-03-15 08:28:07.478623916,443,6,122658.13292627785,23,2,7265,7255,58.57679703483866,145.0143345826573,12085.455728813706,0,0,1,1,1,Benign,True
2026-03-15 08:28:08.156571632,80,6,146652.86227343976,2,6,1132,13729,71.29092319707075,382.41366947447904,6860.4904508080945,0,0,1,1,0,Benign,True
2026-03-15 08:28:09.820381824,8080,17,585.3630629414907,3,2,7257,551,117.52375420730911,165.46473130622195,12282.163480730416,1,0,0,1,0,Benign,True
2026-03-15 08:28:10.924706336,8080,17,159230.09317253204,14,12,1893,10498,56.9756620492005,946.8413366846526,3519.34564278203,1,0,1,1,0,Benign,True
2026-03-15 08:28:12.198011507,22,6,77553.45379687769,19,2,2068,8537,206.09132903157243,781.695958604657,763.9699927527716,0,0,0,1,0,Benign,True
2026-03-15 08:28:13.485538524,443,6,5240.70329187433,10,27,6505,11410,265.65631318352393,1039.1852387256354,9310.487409165322,0,0,1,1,0,Benign,True
2026-03-15 08:28:14.605292793,8080,6,89306.81478011727,4,4,4987,9754,164.38698276346022,987.1138066334673,3910.12172178925,0,0,1,1,0,Benign,True
2026-03-15 08:28:15.866029410,80,6,168163.71448880353,4,20,7371,12204,408.0079212283898,1045.2539149946847,9397.721815178349,0,0,0,1,0,Benign,True
2026-03-15 08:28:16.576161154,22,6,155200.812706199,19,8,5360,322,451.8572189435573,354.5342883931468,7542.286049044287,0,0,0,1,0,Benign,True
2026-03-15 08:28:18.177473139,22,17,43853.02564752842,21,27,7717,5279,503.40934616670467,133.40453653346847,14728.959904933177,1,0,1,1,0,Benign,True
2026-03-15 08:28:19.227405416,22,6,150273.19145854726,11,19,542,2662,529.9557867279609,185.40870965639067,10843.346245164108,0,0,0,1,0,Benign,True
2026-03-15 08:28:20.426097357,80,6,175169.05112412115,24,7,3552,5197,508.6734411454435,162.18390220648467,1841.7628941757976,0,0,0,1,0,Benign,True
2026-03-15 08:28:21.839352945,22,6,130554.33255356585,23,7,5502,7372,400.5635122510764,958.7901694168182,7006.386442965732,0,0,1,1,0,Benign,True
2026-03-15 08:28:23.083082291,22,6,163388.5544378322,19,8,2615,11568,80.51229783542021,772.4416595206566,14984.11101554401,1,0,1,1,0,Benign,True
2026-03-15 08:28:24.122902993,8080,6,110777.32321508095,9,20,4386,1073,270.7130506530442,462.19408661188993,5022.2822638740145,0,0,0,1,1,Benign,True
2026-03-15 08:28:25.189763033,53,17,167565.03359233905,5,7,1544,12827,443.34906905844804,1109.9116382387485,13066.47131473904,1,0,1,1,0,Benign,True
2026-03-15 08:28:26.373842314,8080,6,63150.47175354281,22,22,5422,14167,419.78667741913887,759.8129906088008,7713.124491535981,1,0,1,1,0,Benign,True
2026-03-15 08:28:27.531804874,443,17,84626.30804487434,10,3,5555,9044,537.2189297462861,194.31300267374402,2066.777054089137,0,0,0,1,0,Benign,True
2026-03-15 08:28:28.716959417,80,6,86066.77108834495,21,20,4979,9077,183.37315841504622,597.3186013606988,10835.158348755442,1,0,1,1,0,Benign,True
2026-03-15 08:28:29.934904105,443,17,165919.61927251023,13,9,6183,13148,349.4598985801209,233.369977557425,11114.391264264448,0,0,1,1,0,Benign,True
2026-03-15 08:28:30.953851941,80,17,105840.08076671575,12,18,5376,14342,264.2376244430353,924.3096589049464,11594.103837539014,0,0,0,1,0,Benign,True
2026-03-15 08:28:32.146461651,8080,6,161731.90619642907,3,26,5067,3621,459.13455751293435,1052.2550978903023,2580.712041844096,0,0,1,1,0,Benign,True
2026-03-15 08:28:33.767921906,80,17,157211.74159779094,14,28,6868,12389,535.8863810892233,748.7713545389686,12572.397843669147,0,0,1,1,0,Benign,True
2026-03-15 08:28:34.767643735,8080,6,56693.94563573438,16,10,6933,2158,66.41061094604325,532.436572551848,735.763414814886,1,0,1,1,0,Benign,True
2026-03-15 08:28:36.258410693,22,17,171019.25756451642,8,17,1106,11316,166.38653583930136,462.6136633876781,145.3966192657973,0,0,1,1,0,Benign,True
2026-03-15 08:28:37.267332605,8080,17,3452.281974006675,11,29,7885,9693,400.40301976215164,651.5013673464401,13034.026938179915,0,0,1,1,0,Benign,True
2026-03-15 08:28:38.121105589,443,17,18493.20832842099,14,4,2366,10289,128.0418329113886,862.7272244319385,7476.413831298606,0,0,0,1,0,Benign,True
2026-03-15 08:28:39.394514004,53,6,79509.7462444416,19,19,1969,12542,387.809084128138,317.7133939674951,1917.1992693607094,0,0,1,1,0,Benign,True
2026-03-15 08:28:40.623491875,8080,17,121122.22654132081,19,2,7907,14507,280.9160100315896,830.8109534514285,9277.442450257795,0,0,0,1,0,Benign,True
2026-03-15 08:28:42.285441614,8080,6,77133.67450402472,15,22,2528,7427,493.4820498581702,903.1540566952156,11485.551448853383,0,1,0,1,0,Benign,True
2026-03-15 08:28:43.031222535,22,6,125968.33037243792,7,10,3832,6962,254.21774063239206,242.3285649354251,14806.976679681653,0,0,1,1,0,Benign,True
2026-03-15 08:28:44.409453405,443,6,117105.03149593674,19,2,4998,3207,470.4968257220308,919.9593785986624,11332.742436595083,0,0,0,1,0,Benign,True
2026-03-15 08:28:45.861706158,53,17,196465.2128777015,19,16,2140,3024,378.77225369619356,371.3292312952693,4485.919953076632,1,0,0,1,1,Benign,True
2026-03-15 08:28:47.086315637,8080,6,151815.48976472943,13,18,338,7843,471.1901334646303,96.65821551946411,4747.108663676453,0,0,0,1,1,Benign,True
2026-03-15 08:28:47.841816261,53,6,86117.10197880588,13,16,1166,9604,69.31805381339751,549.1447309770776,3641.8605646143337,1,0,0,1,0,Benign,True
2026-03-15 08:28:48.929470586,8080,17,70840.11816972941,23,23,1838,9393,284.9524016379328,995.4505634697572,161.8163532167006,1,0,1,1,1,Benign,True
2026-03-15 08:28:50.192161099,8080,6,105478.48891755375,2,14,6656,14735,241.5645553855993,596.5927864763431,1302.339272175152,0,0,1,1,0,Benign,True
2026-03-15 08:28:51.337997087,53,17,3967.8887689131234,5,27,3822,8433,402.29389596323665,948.4677945526187,9436.197290479204,0,0,0,1,0,Benign,True
2026-03-15 08:28:52.617074544,8080,17,102158.75192902923,23,19,1985,1096,90.57897795499288,554.7816812161698,13002.872822250818,1,0,0,1,0,Benign,True
2026-03-15 08:28:54.041141828,8080,17,120207.57039321335,11,17,2972,278,116.74438191394273,74.17721770118156,3872.366294786389,0,0,0,1,0,Benign,True
2026-03-15 08:28:55.447469277,8080,17,162911.87701927556,14,8,2436,14282,343.9824718174197,326.4800074189066,5133.016279712249,0,0,1,1,1,Benign,True
2026-03-15 08:28:56.422331330,443,6,89833.41669850743,19,28,5863,7645,596.097948767001,929.5951608639068,4037.0600908873416,0,0,1,1,0,Benign,True
2026-03-15 08:28:57.675593734,8080,6,165286.46192988456,14,22,6043,4349,229.51946126688702,652.9125318401103,12074.21979258947,1,0,1,1,0,Benign,True
2026-03-15 08:28:58.621120350,80,17,174171.8778587305,17,16,1828,12164,259.5657620540568,730.9495671426123,5033.285781396917,0,0,1,1,0,Benign,True
2026-03-15 08:29:00.180350172,8080,6,86709.16022124166,10,8,4672,9434,418.3861248295535,542.9962441582551,7280.1709469592615,0,0,1,1,0,Benign,True
2026-03-15 08:29:01.270673345,8080,6,31578.8162159881,4,22,233,10678,421.6562140023486,815.6572072707287,432.3932762953173,1,0,1,1,0,Benign,True
2026-03-15 08:29:02.618482097,53,17,63447.90318658774,22,3,3241,3586,394.0268379996783,904.3989984197831,13826.80143751156,0,0,0,1,0,Benign,True
2026-03-15 08:29:03.869305864,80,6,194833.66193923904,7,3,3656,5947,413.6519972720168,715.0108763936713,9810.21978763847,0,0,0,1,0,Benign,True
2026-03-15 08:29:04.708740465,443,6,99481.51262786324,5,27,7678,8484,172.83730587965314,1126.8693372127916,3737.9450641293033,1,0,1,1,0,Benign,True
2026-03-15 08:29:05.754347435,53,6,193141.2567537144,24,17,741,4107,40.35121461870271,67.73971465330833,4191.356432311616,0,0,1,1,0,Benign,True
2026-03-15 08:29:07.035557374,8080,6,89609.94922294769,13,23,4593,926,158.05443514881273,1013.7930366532703,10239.920595061621,0,0,0,1,0,Benign,True
2026-03-15 08:29:08.362704939,443,6,175177.27583491025,17,16,5614,6293,459.7870677690218,1091.815471135532,12279.544554624204,0,0,1,1,1,Benign,True
2026-03-15 08:29:09.867416191,53,6,133813.90866560498,12,26,2450,13036,181.7123275765761,76.51875298206308,7690.471223412195,0,0,1,1,0,Benign,True
2026-03-15 08:29:10.726985893,80,6,37886.344818491336,21,1,1955,14558,55.11162634627443,449.59394744539316,9598.91749016409,0,0,1,1,0,Benign,True
2026-03-15 08:29:12.162463928,22,6,22068.672384423076,22,3,3837,10449,60.612394973749915,1176.098420487815,11036.999726161032,0,0,0,1,0,Benign,True
2026-03-15 08:29:13.224286015,443,6,184012.58508227975,10,7,7700,5377,561.8161121843925,1068.5360596763712,4468.23517514752,0,0,1,1,0,Benign,True
2026-03-15 08:29:14.209685262,8080,6,103676.18122166366,23,6,1576,14257,448.1774490127246,621.0331180030915,4767.6145929578925,0,0,1,1,0,Benign,True
2026-03-15 08:29:15.492440471,53,6,111236.86198901778,3,3,5145,7152,56.33169561264835,960.408141541326,11044.498269886104,0,0,1,1,0,Benign,True
2026-03-15 08:29:16.891915131,443,6,1817.1895290060584,5,11,4314,7442,532.3655531506257,828.2710850903457,10334.666271745258,0,0,1,1,0,Benign,True
2026-03-15 08:29:18.103712036,443,6,111845.36633643007,15,11,4967,7109,286.53161793794504,439.05718750386535,6290.475025282523,0,0,1,1,0,Benign,True
2026-03-15 08:29:19.160855848,80,6,189897.82686236166,23,19,6875,4585,247.88207673631533,581.3636861199706,10808.872608838281,0,0,1,1,1,Benign,True
2026-03-15 08:29:20.237187361,80,6,180856.47166577907,14,24,365,5201,495.65546162608416,193.77361004928218,2465.518396246659,1,0,0,1,1,Benign,True
2026-03-15 08:29:21.733144067,80,6,16025.436618751013,7,21,4252,10880,76.29137944192175,986.8991837749413,4996.094053489803,0,0,1,1,0,Benign,True
2026-03-15 08:29:22.601323824,80,6,67827.6223750415,8,10,3591,1818,104.7870774479738,625.0936257061278,2168.5558828830112,0,0,1,1,0,Benign,True
2026-03-15 08:29:24.262001815,22,6,79578.78212694463,15,19,2492,10333,339.50099055510236,468.7780770535277,2135.577273257991,1,0,0,1,1,Benign,True
2026-03-15 08:29:25.012742147,443,17,19997.1716066748,22,6,6953,14008,163.92479534597072,957.1707953002852,9681.269555610208,0,0,0,1,0,Benign,True
2026-03-15 08:29:26.164387417,22,6,10826.482284367465,14,27,6241,12437,336.40820715144974,625.7904678145261,5121.758347533175,0,0,1,1,0,Benign,True
2026-03-15 08:29:27.598588621,8080,17,6680.746552219512,17,6,3502,8638,421.44915252167533,539.6417561823685,6188.716615923108,0,0,1,1,1,Benign,True
2026-03-15 08:29:28.811729758,53,6,176026.1821608089,21,4,4509,10981,447.24655843678175,286.86861340439543,5470.869348047692,1,0,0,1,0,Benign,True
2026-03-15 08:29:30.004915748,53,17,71579.22894315985,15,16,4581,7676,314.6626568978317,80.90640009022997,6732.062687139331,0,0,1,1,0,Benign,True
2026-03-15 08:29:31.162000493,80,6,43910.927800382844,16,26,3243,9985,52.35544109269631,1104.0820874771618,10160.242355778872,1,0,1,1,1,Benign,True
2026-03-15 08:29:32.696888935,80,17,38299.26172385187,18,12,771,5248,334.3206177090052,363.84625396021124,11982.140857554137,0,0,0,1,0,Benign,True
2026-03-15 08:29:33.591768367,53,6,145082.96527232137,12,28,7045,8334,186.8107489496734,195.53641291533705,1560.351389894446,1,0,0,1,0,Benign,True
2026-03-15 08:29:34.786767948,80,6,44552.292027821066,4,1,6780,12396,444.71106431171086,242.69329398106768,7395.723097728025,0,0,1,1,0,Benign,True
2026-03-15 08:29:35.953059637,80,6,141418.40330345414,12,25,5172,11965,203.92166676345323,292.907020395358,11214.5660831651,0,0,1,1,1,Benign,True
2026-03-15 08:29:36.940095452,53,17,32931.400965708985,5,16,959,1715,580.0292829120469,787.3466818315868,1085.9931472840735,0,0,0,1,0,Benign,True
2026-03-15 08:29:38.455773978,53,6,181362.341280308,18,9,1703,8316,491.0612663296801,486.18512474720967,5748.416908509838,1,0,1,1,0,Benign,True
2026-03-15 08:29:39.436780663,443,6,90385.4373250699,9,14,4091,2089,511.59439678529213,505.2183743861823,8769.183470072281,1,0,0,1,0,Benign,True
2026-03-15 08:29:40.882565388,80,6,8651.151750264238,7,8,5093,14968,567.3623105538034,464.681484974384,6048.335557878883,0,1,1,1,1,Benign,True
2026-03-15 08:29:41.730500077,8080,6,42351.38614539139,21,17,4115,5706,234.8040812538259,153.89528378633048,1189.9232990599799,0,0,1,1,0,Benign,True
2026-03-15 08:29:43.488832260,53,17,81560.665714994,18,20,616,7721,113.5021209621266,1033.2173877418513,12620.381560676124,0,0,0,1,0,Benign,True
2026-03-15 08:29:44.381403047,443,6,152141.275340529,9,23,2513,2408,327.04397035727743,87.2452672073734,1443.5255146646155,0,0,0,1,0,Benign,True
2026-03-15 08:29:45.838053222,22,6,28508.96293346077,9,14,7582,8166,109.56642302611475,473.5677179648295,2604.461299676077,1,0,0,1,0,Benign,True
2026-03-15 08:29:46.785336703,22,6,48586.37391687648,16,10,7599,6342,189.9120009921227,389.3319873209251,12043.696841077988,1,0,1,1,0,Benign,True
2026-03-15 08:29:47.736198491,80,6,23715.363638226314,18,9,1257,11295,450.3221089801812,734.3566081746316,6807.389652595829,0,0,0,1,0,Benign,True
2026-03-15 08:29:49.393328127,80,6,131738.95442892853,18,13,4155,3520,570.0070794507768,525.0280736564204,13179.741558163389,1,0,0,1,0,Benign,True
2026-03-15 08:29:50.488910237,80,17,54333.14430371792,8,14,3206,10472,395.06253896301837,402.4155896768065,4164.3794772750225,0,0,0,1,0,Benign,True
2026-03-15 08:29:51.769054228,53,6,115459.83476354375,9,23,5108,7760,402.4046991773455,1108.7324323517198,545.0074586820766,0,0,1,1,0,Benign,True
2026-03-15 08:29:52.756901918,80,17,171662.29706519181,9,22,5631,7435,114.057481010936,950.0781808788208,8685.747727836211,1,0,0,1,0,Benign,True
2026-03-15 08:29:54.082762046,443,6,64884.5636730878,12,3,6280,4819,162.576122649715,989.538895757557,3610.3287435664924,0,0,0,1,0,Benign,True
2026-03-15 08:29:55.413737402,80,6,96736.09457435511,15,2,6735,2645,499.7518236659322,525.5867714048602,9214.227021172472,0,0,0,1,1,Benign,True
2026-03-15 08:29:56.478639265,22,6,177966.63289456483,8,29,5380,4740,108.73331059065598,1151.1787576950949,2648.87087917329,1,0,0,1,0,Benign,True
2026-03-15 08:29:57.508604180,22,17,35474.28698737741,23,3,1513,9566,573.2975799198864,503.7841686119718,11619.616976661411,0,0,1,1,1,Benign,True
2026-03-15 08:29:58.897517756,8080,6,188296.66051001288,22,12,3032,11041,446.3159565981267,366.2129611808259,13816.635132517566,1,0,0,1,1,Benign,True
2026-03-15 08:30:00.103112513,22,6,5277.453704979787,24,29,5010,8382,442.4905770635804,474.60466618840337,13072.544842078647,1,0,1,1,0,Benign,True
2026-03-15 08:30:01.476352177,80,6,68975.67056878358,21,7,6818,1135,329.7212464174357,675.6462122660816,6715.87801105909,1,0,1,1,1,Benign,True
2026-03-15 08:30:02.322547392,22,6,38475.89795248813,14,8,6923,2061,506.37988005307193,328.7978335313755,8360.187397248648,0,0,1,1,0,Benign,True
2026-03-15 08:30:03.555049060,8080,17,9199.571749785257,3,5,5127,3754,80.61040429569574,465.48768859183684,10159.977799158914,1,0,0,1,0,Benign,True
2026-03-15 08:30:04.987273776,80,6,94402.84960174585,7,9,7763,8928,577.2937216565565,348.61284203496393,1672.6169242816118,0,0,1,1,0,Benign,True
2026-03-15 08:30:06.003457388,443,6,101215.05541853346,24,4,2143,10834,156.39676387900008,722.9533368747573,12830.243605383725,0,0,1,1,0,Benign,True
2026-03-15 08:30:07.341943855,80,6,51203.15714243721,13,2,458,2661,264.69852429431796,505.2956957557059,14952.510658879828,0,0,1,1,0,Benign,True
2026-03-15 08:30:08.375825678,53,6,134556.19182619968,15,16,2922,4320,241.30514995994966,1001.5882097013103,956.8177689537681,1,0,1,1,0,Benign,True
2026-03-15 08:30:09.429297085,443,6,3112.2282685678733,18,20,7154,6800,578.0380163323468,140.67846244737646,3646.9364899536786,0,0,0,1,0,Benign,True
2026-03-15 08:30:10.947122305,80,6,8004.6514954783015,22,19,7719,8818,326.2945459101242,487.6798063114723,4563.482210385605,1,0,1,1,0,Benign,True
2026-03-15 08:30:11.778693101,53,6,91002.08904434805,24,7,7269,1030,100.40839573771564,619.026742065704,6864.201432867234,0,0,1,1,1,Benign,True
2026-03-15 08:30:13.019150198,80,6,63590.07066086476,24,21,3762,9797,504.7143110530659,412.57706471700436,195.27382217993252,1,0,1,1,0,Benign,True
2026-03-15 08:30:14.476094989,22,6,84206.10780383585,21,20,1283,11336,51.3184495536222,373.1956068146406,8117.296817184957,0,0,0,1,0,Benign,True
2026-03-15 08:30:15.748361880,8080,6,177510.45855211065,13,1,5504,14106,240.60413811296735,475.9663414869503,10915.803435942273,0,0,1,1,1,Benign,True
2026-03-15 08:30:17.036812732,22,6,78790.73164852573,18,25,6241,2575,65.5537976039225,676.4352505473838,3308.546403616365,1,0,0,1,0,Benign,True
2026-03-15 08:30:17.863551898,80,6,190427.07366262164,2,8,5621,2024,52.93946181828116,566.4419777977421,1602.1715923990746,1,0,1,1,0,Benign,True
2026-03-15 08:30:18.966434555,22,6,18356.312494037295,5,8,2926,13199,362.2810927445916,435.95884245025246,4162.66819824664,1,0,0,1,0,Benign,True
2026-03-15 08:30:20.673627995,53,6,84636.17260065692,20,19,7652,9126,431.042335832504,238.62098050005346,784.5710235102747,1,0,0,1,0,Benign,True
2026-03-15 08:30:21.392653852,443,6,180529.25186436373,5,4,2673,11197,199.8310352736299,887.2444379568018,5712.36976883232,1,0,1,1,0,Benign,True
2026-03-15 08:30:22.618600189,22,6,50372.990966733225,17,8,5402,14873,558.2172783012862,217.79696432305397,3140.5612895796858,0,0,0,1,1,Benign,True
2026-03-15 08:30:23.874797672,80,17,194400.06121967654,22,24,2361,11901,336.42388922945895,294.48583945736664,11000.488046157552,0,0,1,1,0,Benign,True
2026-03-15 08:30:25.217634812,53,17,196379.95312726047,16,3,1731,1083,173.0296838248865,423.9620058324083,6563.659725645454,0,0,1,1,0,Benign,True
2026-03-15 08:30:26.629695339,8080,6,155081.9177801709,23,7,5965,2566,313.3786569776412,1022.7567926083303,13214.319479416623,1,0,0,1,0,Benign,True
2026-03-15 08:30:27.756327613,443,17,72160.3540158353,13,1,1868,6638,374.6233090017674,739.3033600312295,8373.933021194134,0,0,1,1,0,Benign,True
2026-03-15 08:30:28.924894532,443,6,124797.36534403387,10,21,3932,4105,542.531590180992,562.6268540954986,11385.251928068605,1,0,0,1,0,Benign,True
2026-03-15 08:30:29.805108340,8080,6,145998.0257641799,11,28,432,4528,481.2622215204699,973.7351679141059,12874.16469724055,0,0,1,1,0,Benign,True
2026-03-15 08:30:31.114609578,53,6,177077.43889054965,6,19,1264,11159,388.76717271520374,1167.8479318136856,10097.547650926223,0,0,0,1,0,Benign,True
2026-03-15 08:30:32.387042955,53,6,75628.61862644115,3,3,4239,13075,50.11038939853983,63.43071090231229,7173.823327876096,0,0,1,1,1,Benign,True
2026-03-15 08:30:33.388455572,22,6,10039.182079378548,17,22,6711,3615,95.05918538120878,402.856152711021,7579.324984789724,0,0,0,1,0,Benign,True
2026-03-15 08:30:34.664057821,53,17,113305.80272616669,19,6,807,9039,173.92417198636358,519.0990234021451,9392.089968769566,0,0,1,1,1,Benign,True
2026-03-15 08:30:35.884999922,22,17,89799.12115617965,14,6,6821,4177,568.5506858579625,803.7684113870628,8464.609998571754,0,0,0,1,0,Benign,True
2026-03-15 08:30:36.976365718,53,17,134220.1624424947,23,23,3481,13943,164.37643163737354,1068.6157960247958,12704.677129319292,1,0,0,1,1,Benign,True
2026-03-15 08:30:38.430143815,80,6,41448.84252060928,19,3,1385,7453,326.36763499439473,534.9526095764883,13325.35973697634,0,0,0,1,0,Benign,True
2026-03-15 08:30:39.723016917,443,6,143659.82354678708,16,29,5466,3190,188.94579536505026,936.3620604856887,4153.540638774005,1,0,1,1,0,Benign,True
2026-03-15 08:30:40.541958978,22,6,4966.3650384455905,24,5,4071,9128,182.33136467405947,1174.7215501330315,2701.546955507088,0,0,1,1,1,Benign,True
2026-03-15 08:30:41.988673861,53,6,130495.64158574132,10,2,348,10779,269.04247452433987,600.0322076749899,8816.731984167689,1,0,1,1,0,Benign,True
2026-03-15 08:30:43.369326717,8080,17,132345.80546015795,14,1,5677,7958,208.2055340571214,311.9757979199222,1442.4009233027155,1,1,1,1,0,Benign,True
2026-03-15 08:30:44.548794077,8080,6,32707.70011164602,9,6,1812,3281,562.3912588779812,77.76126903418188,8163.41471784172,0,0,0,1,1,Benign,True
2026-03-15 08:30:45.789043857,53,6,118045.47121507389,23,16,3403,6792,349.7162175888296,217.98407960730572,10596.889075047418,0,0,1,1,0,Benign,True
2026-03-15 08:30:46.768944379,8080,6,64038.509545819594,17,8,1724,8712,207.93714511823214,197.2768526502164,11762.192633195771,0,0,1,1,0,Benign,True
2026-03-15 08:30:48.192334249,443,6,123678.52344056006,10,7,7467,13031,78.61877353288378,254.80098736541694,13472.24760692645,0,0,1,1,1,Benign,True
2026-03-15 08:30:49.044451842,443,6,104517.56255251163,17,28,3200,3179,374.81576901211537,132.51170188098402,4018.330162005206,0,0,0,1,0,Benign,True
2026-03-15 08:30:50.316486336,22,6,138618.46393393408,11,24,7585,1648,77.38058651332176,185.1493906697922,12872.503854928065,1,0,0,1,0,Benign,True
2026-03-15 08:30:51.405813345,443,6,66781.17978045809,4,3,3626,4964,426.72142129833503,1175.3391652580453,2932.3431745532557,1,0,1,1,1,Benign,True
2026-03-15 08:30:52.780490723,443,6,53522.845087948386,3,1,6452,6476,224.2815860079222,724.9639673603454,4101.694581531316,0,0,0,1,0,Benign,True
2026-03-15 08:30:53.935236013,53,6,184166.34912779613,20,6,2325,2941,238.10832508607697,128.90021487510165,1216.3262677906991,0,0,1,1,0,Benign,True
2026-03-15 08:30:55.044556269,22,6,6848.720771912998,18,11,1791,6224,374.2986084217207,812.3768011876829,7789.115319272071,1,0,0,1,1,Benign,True
2026-03-15 08:30:56.551068425,22,17,112531.58006833993,14,1,1744,5354,404.4964227672267,683.9520587279924,8441.948299974214,0,0,1,1,0,Benign,True
2026-03-15 08:30:57.488308063,22,6,69119.46442085391,13,11,2777,10097,253.918243142994,151.04004645901136,14434.387640512792,0,0,0,1,0,Benign,True
2026-03-15 08:30:58.663682598,8080,6,6441.605579750212,4,22,5328,4056,343.05433481159577,963.2535009152549,8907.595887424448,0,0,0,1,1,Benign,True
2026-03-15 08:30:59.778534198,80,6,88382.23930034363,16,24,3075,14025,134.63531187898144,545.1252958080611,3701.3990972230167,0,0,0,1,0,Benign,True
2026-03-15 08:31:01.163293021,80,6,120105.80515837374,20,1,7249,11476,310.24903941815927,649.1679296261304,13354.634225105832,0,0,0,1,0,Benign,True
2026-03-15 08:31:02.281778777,8080,6,797.8456852548591,8,24,4019,7835,283.1090367164888,73.37350561624125,6086.5518981049145,0,0,1,1,1,Benign,True
2026-03-15 08:31:03.521563704,443,17,79507.29681732255,4,25,5118,9460,590.8168346333266,873.2941758316967,10891.285117038104,0,0,1,1,0,Benign,True
2026-03-15 08:31:04.641598357,443,6,41757.450770586816,24,18,3512,5774,509.3635585345222,991.6005126633632,9343.86492481098,1,0,0,1,0,Benign,True
2026-03-15 08:31:06.157893293,22,6,161087.52196733726,24,14,560,9248,240.49210182629884,874.907572762258,2381.8107279827973,0,0,0,1,0,Benign,True
2026-03-15 08:31:07.458002008,443,6,195160.35517623558,13,9,7217,9747,107.8590113186619,133.81699579810004,3050.1076020585188,0,0,1,1,0,Benign,True
2026-03-15 08:31:08.398759111,443,6,167234.90973484967,24,11,4768,13099,593.6452740027936,1163.2865107678037,11154.41174863042,0,0,1,1,0,Benign,True
2026-03-15 08:31:09.685799054,22,6,99475.71247196502,8,26,1016,9342,322.8599877195507,538.2326719527626,5510.854540801617,0,0,1,1,1,Benign,True
2026-03-15 08:31:11.020303365,22,6,166881.41659757332,3,16,2189,9645,417.75382592803555,515.6372908154699,7342.191566100051,0,0,1,1,0,Benign,True
2026-03-15 08:31:12.299297782,8080,6,5129.381459691911,21,29,2036,349,99.41736648207751,294.3859772068417,11261.433005904086,0,0,0,1,0,Benign,True
2026-03-15 08:31:13.268109890,53,6,192971.35386027186,19,16,6159,4820,270.3427594815413,708.4003145061599,9329.306146529536,0,0,0,1,0,Benign,True
2026-03-15 08:31:14.633867679,53,6,138640.59981984532,15,13,3949,3646,395.8506368178978,329.41761827010174,14017.704929316264,0,0,1,1,1,Benign,True
2026-03-15 08:31:15.845164947,53,17,176904.08786094407,24,4,2273,2339,522.8627064559932,353.096173290494,9215.618418750179,0,0,1,1,0,Benign,True
2026-03-15 08:31:16.974870892,443,6,123306.48467602298,7,23,6049,5937,407.7419217156005,1006.16446697629,8387.505795578067,1,0,0,1,0,Benign,True
2026-03-15 08:31:17.976558834,8080,6,88868.34690258621,6,23,2758,8170,145.0658482752812,259.31592871133375,4588.361177851698,0,0,1,1,0,Benign,True
2026-03-15 08:31:18.948692400,53,6,66726.30053802242,24,27,7766,12382,402.5738523067838,1189.9453700342638,12144.74152660165,0,0,0,1,1,Benign,True
2026-03-15 08:31:20.109483333,80,17,102168.25516297745,13,11,1238,5546,268.6020098856215,453.35123639638596,9038.92062766681,0,0,1,1,0,Benign,True
2026-03-15 08:31:21.586320379,443,6,102087.62082520168,13,12,1797,2737,493.194065007661,1035.2493058144569,3694.5772701543924,0,0,1,1,0,Benign,True
2026-03-15 08:31:22.796588720,80,6,12841.364308043789,15,29,1671,1217,217.8078546278907,345.7903054928224,3968.5507782843374,1,0,0,1,1,Benign,True
2026-03-15 08:31:23.944417432,443,17,5324.035596758039,3,16,3786,4256,49.497865590023835,886.7011313730882,3980.2852930839476,0,0,1,1,0,Benign,True
2026-03-15 08:31:25.240900410,22,17,1758.47418938409,22,22,5040,9074,276.62589111718876,303.48342504405025,11452.822477132515,0,0,1,1,0,Benign,True
2026-03-15 08:31:26.431297621,22,6,118460.74375632066,13,26,7224,8853,77.69833707029889,453.2679718918234,9462.070018124547,0,0,0,1,0,Benign,True
2026-03-15 08:31:27.801967824,53,17,175278.9585569246,19,20,4874,7896,208.1888799060904,1107.1935575356354,13342.768409504382,0,0,1,1,0,Benign,True
2026-03-15 08:31:28.565194261,443,6,81969.1344805827,14,7,6127,4565,158.6390568273972,466.281484586018,10101.461881105284,0,0,0,1,1,Benign,True
2026-03-15 08:31:29.835106599,53,17,15902.341809849351,21,23,5431,1524,423.187023934931,493.0444763656512,12343.321937892213,0,0,0,1,1,Benign,True
2026-03-15 08:31:31.375802987,80,6,41619.77116766962,8,3,1381,9947,154.8246083170477,1072.5341700821446,397.79003462607216,1,0,1,1,0,Benign,True
2026-03-15 08:31:32.608702120,443,17,159901.53883489643,21,8,7822,13194,461.26428635628116,1179.218339182718,12494.90607040044,0,0,1,1,0,Benign,True
2026-03-15 08:31:33.896894528,443,6,132758.69678678212,7,13,2835,1904,581.953474913992,1022.0500685251843,4625.379911871364,0,0,0,1,0,Benign,True
2026-03-15 08:31:35.023747209,80,6,54848.56074495848,4,9,6088,1111,219.11496821836093,741.0942180499038,2421.3727084943043,1,0,0,1,0,Benign,True
2026-03-15 08:31:36.233939404,443,6,112217.64583740034,10,12,998,6341,123.82097061321119,258.3362815669939,9862.73997587849,1,0,1,1,0,Benign,True
2026-03-15 08:31:37.088608765,443,17,174524.81367220185,10,2,5524,1715,570.669668971036,801.2111272632834,13941.534156123942,0,0,0,1,0,Benign,True
2026-03-15 08:31:38.340996980,53,6,134272.05109087765,11,15,7115,4580,44.98806214105704,240.3654142702844,13787.462423121413,0,0,0,1,0,Benign,True
2026-03-15 08:31:39.460851062,22,6,95033.29095973591,4,23,4156,3456,172.76029339563507,698.6910652493954,13152.784957121401,0,0,1,1,0,Benign,True
2026-03-15 08:31:40.863779638,443,6,1462.9470501404992,14,28,5158,8292,443.1769950497632,973.9134454491725,12598.041891329078,0,0,0,1,0,Benign,True
2026-03-15 08:31:42.263283212,80,17,141566.76070075497,11,1,477,6318,323.47799293710136,801.1020505239517,5213.663481956503,0,0,1,1,0,Benign,True
2026-03-15 08:31:43.106784531,53,17,11485.362124575662,21,28,2287,5596,290.341638640945,786.0969974590247,8011.830286965767,1,0,0,1,0,Benign,True
2026-03-15 08:31:44.434201069,80,6,100839.19616963848,5,13,2134,8030,346.9125765213397,414.03512917998074,12827.972630769034,0,0,1,1,1,Benign,True
2026-03-15 08:31:45.477779778,53,6,195053.48652562514,12,23,3060,6365,371.0231384663448,550.686647079245,8373.945812656726,1,0,0,1,0,Benign,True
2026-03-15 08:31:46.601879984,53,6,142782.71858279043,20,28,3596,10392,592.8180871440189,340.8261104117338,3212.4623213419095,0,0,0,1,0,Benign,True
2026-03-15 08:31:47.817111317,443,6,129472.37878419022,9,2,7137,4723,346.1827590916841,160.7768181929498,3400.251809935644,0,0,1,1,0,Benign,True
2026-03-15 08:31:48.934767206,80,6,37852.360686422435,4,22,1977,10071,84.63817955816737,452.95266486004556,512.7202983369463,0,0,0,1,1,Benign,True
2026-03-15 08:31:50.669576113,53,6,147139.59403767792,15,28,7996,1656,332.55823859522724,802.3109305114788,13816.31736503836,1,0,1,1,0,Benign,True
2026-03-15 08:31:51.541727765,53,17,109674.02988797285,6,21,2401,2556,216.1264293398051,876.3779448450643,2364.8296988280895,1,0,1,1,0,Benign,True
2026-03-15 08:31:53.000472535,80,6,38420.7038659527,22,18,5355,5377,108.30174502817627,718.2970577265612,12771.76355906214,0,0,0,1,1,Benign,True
2026-03-15 08:31:54.108797683,8080,6,31610.44914413671,16,13,2775,9387,540.2134414417006,241.85983709430147,5077.016575255047,1,0,1,1,0,Benign,True
2026-03-15 08:31:55.015152696,80,6,189713.89213647932,5,26,4578,14292,106.04759663546183,791.3134358230719,12617.6395415337,1,0,0,1,0,Benign,True
2026-03-15 08:31:56.205277347,22,17,141404.3981411798,10,28,2969,9584,97.3311540505533,338.1561147148801,5745.228521616327,0,0,0,1,0,Benign,True
2026-03-15 08:31:57.787192920,8080,6,82358.72970612848,4,21,4196,9091,351.24139427837605,607.3869629069753,10059.40255303163,0,0,1,1,0,Benign,True
2026-03-15 08:31:58.658827026,80,17,57068.59034735921,17,4,1421,784,592.9341566827032,579.5663796877244,8051.891675984371,0,0,1,1,0,Benign,True
2026-03-15 08:32:00.247971110,22,6,27835.63651093445,2,17,5740,9939,75.71295364584725,403.0922752493912,1406.982189865108,1,0,1,1,0,Benign,True
2026-03-15 08:32:00.984033242,443,6,126502.2575361583,17,23,4804,7761,576.6731465147828,390.6384117168847,9102.35541900838,1,0,1,1,0,Benign,True
2026-03-15 08:32:02.506625168,443,6,130051.17186908715,8,19,1596,7604,555.3327623818732,984.4332015508411,7497.941618073155,0,0,0,1,0,Benign,True
2026-03-15 08:32:03.788684325,53,6,98540.57867178308,9,3,1022,10806,81.5416406266249,511.62857554377433,3531.3290879067936,0,0,1,1,0,Benign,True
2026-03-15 08:32:04.641153833,22,6,161532.63035440998,23,22,7658,5223,506.2094297286847,393.6011646876168,2697.547764531958,1,0,1,1,0,Benign,True
2026-03-15 08:32:05.865724418,22,6,141579.6557858504,5,20,1731,889,297.86573564749983,98.58456949206197,1476.313714451424,0,0,1,1,0,Benign,True
2026-03-15 08:32:07.478711331,80,6,169595.2523959399,5,28,3902,8037,403.151140723954,675.4840082796451,8491.488121597195,1,0,0,1,1,Benign,True
2026-03-15 08:32:08.258758563,53,6,54828.95843646929,2,10,942,5506,217.48113925337523,1021.8752016486668,8461.174939717934,1,0,1,1,0,Benign,True
2026-03-15 08:32:09.557974229,22,6,136314.59556483748,10,1,6001,309,148.48029722426605,538.2418930810625,3705.610777492824,0,0,1,1,1,Benign,True
2026-03-15 08:32:10.759509355,443,6,182443.34513642464,23,23,3946,2407,508.1198520275228,608.918336025119,10666.496980882868,1,0,1,1,1,Benign,True
2026-03-15 08:32:11.851820849,53,6,132487.6363243434,24,7,6223,6468,109.31860287010349,443.50839691791685,12555.445975150027,1,0,0,1,0,Benign,True
2026-03-15 08:32:13.365474651,22,6,79761.39483794171,11,26,3501,8595,259.557157039271,628.2671093763398,14010.156401476903,0,0,1,1,0,Benign,True
2026-03-15 08:32:14.563109605,80,6,54023.24641543316,18,2,4016,1898,301.44309365763814,706.1241355201016,10281.129264258208,0,0,1,1,1,Benign,True
2026-03-15 08:32:15.526990808,53,17,15136.432232660121,9,28,7919,2389,588.4019131007806,1004.1732302450833,1898.495954070071,0,1,0,1,0,Benign,True
2026-03-15 08:32:17.001075474,53,17,168085.69451024852,15,1,5306,9317,373.3060324348999,813.5589634439617,3093.3802190890883,1,0,0,1,1,Benign,True
2026-03-15 08:32:17.827844960,80,6,46859.60212421967,14,3,2219,5741,212.35070218888032,399.6665813040501,11918.69700574377,0,0,1,1,0,Benign,True
2026-03-15 08:32:18.902583465,443,6,57054.114989056805,24,20,608,7788,219.5069124306533,627.6264881753636,1265.64278046904,0,0,1,1,0,Benign,True
2026-03-15 08:32:20.442700417,80,6,146194.96288364782,24,15,1924,6146,211.72708174398986,173.564935869365,8476.221920766822,0,0,0,1,0,Benign,True
2026-03-15 08:32:21.896446663,8080,17,32680.87734358754,11,25,1483,789,77.33755264131719,384.92980407927547,14714.582900876392,0,0,1,1,0,Benign,True
2026-03-15 08:32:22.523186585,8080,6,80440.97423358753,15,7,728,3662,380.40681164107826,183.66217375323967,2024.2671528387832,0,0,1,1,0,Benign,True
2026-03-15 08:32:23.824798844,22,6,105065.98959691693,21,24,6750,13616,84.19758493699828,490.40035439181696,6750.888985992018,1,0,0,1,1,Benign,True
2026-03-15 08:32:25.211348785,443,17,128668.08385239303,19,10,6288,14281,146.1899586235041,885.2896436171361,8295.955228062106,1,1,1,1,0,Benign,True
2026-03-15 08:32:26.585964441,53,6,127877.41657270814,21,6,7049,6979,215.25786915575563,282.374532483644,4906.202100255464,0,0,0,1,0,Benign,True
2026-03-15 08:32:27.353425203,8080,17,82156.20019875494,8,14,3249,7644,117.8908974146305,912.4808066916256,12755.646231789708,0,1,0,1,0,Benign,True
2026-03-15 08:32:28.737140792,80,17,32840.400470803586,18,29,7514,3592,490.3159731264563,555.556190881,11049.203371692085,0,0,1,1,0,Benign,True
2026-03-15 08:32:30.148245480,53,6,143401.6163794378,7,22,7248,3724,90.47133467347035,143.05635443150175,9740.546741491911,0,1,1,1,0,Benign,True
2026-03-15 08:32:31.122925925,53,6,68509.50708965088,7,29,2036,1510,540.5013024225594,106.05777470097391,4123.567886338071,0,0,0,1,1,Benign,True
2026-03-15 08:32:32.213301852,22,6,80871.58405183669,16,25,2604,10210,371.37642220511157,993.7171709313267,7148.141294678659,0,0,1,1,0,Benign,True
2026-03-15 08:32:33.417297496,80,17,77369.84092468783,13,28,2030,12171,522.1024190128244,733.5791430238397,5723.150619279541,1,0,0,1,0,Benign,True
2026-03-15 08:32:34.746029272,80,6,108396.55750084479,6,21,5385,325,327.59780592238906,392.57486766810985,8056.762412356382,0,0,1,1,0,Benign,True
2026-03-15 08:32:35.987650244,22,6,118768.2662282827,2,21,4088,14873,179.83506500803617,147.9401026042146,11012.565294313561,1,0,0,1,1,Benign,True
2026-03-15 08:32:37.417088650,80,17,61080.383707925685,10,20,1155,1098,570.6876465846382,86.23026808844818,12752.223417859936,0,0,0,1,1,Benign,True
2026-03-15 08:32:38.485351451,53,6,188337.60218134054,3,4,1276,2646,65.43850856264235,1002.0217834088038,2379.986219929956,0,0,1,1,0,Benign,True
2026-03-15 08:32:39.714241172,80,6,48996.957442618754,16,15,6391,5152,388.67086077044655,925.0418845622411,5292.76202789198,0,0,1,1,0,Benign,True
2026-03-15 08:32:41.089792302,53,6,165044.17166948563,24,6,7753,4687,168.43508639330958,753.3437754389647,3047.7274293930745,0,0,0,1,0,Benign,True
2026-03-15 08:32:41.947106064,8080,6,1128.1060386017375,18,27,418,8923,158.0245222249632,347.607893101962,1949.6895253021853,1,0,1,1,0,Benign,True
2026-03-15 08:32:43.142012641,22,6,96913.082245834,2,14,3048,5059,595.6075244665558,881.7880509624906,3911.090994590121,1,0,1,1,0,Benign,True
2026-03-15 08:32:44.654008180,443,17,54927.68658803644,10,5,428,13972,211.30042301757823,222.8500113777166,12212.22154544869,0,0,1,1,0,Benign,True
2026-03-15 08:32:45.447525352,22,6,49740.27510515908,14,26,3867,10437,338.3999880256189,711.6742981727327,11598.064182964019,0,0,0,1,1,Benign,True
2026-03-15 08:32:46.937889147,443,17,167397.17925148222,17,15,7430,1749,241.48934824978096,1106.8969005407162,12537.237935456502,1,0,1,1,0,Benign,True
2026-03-15 08:32:48.152743882,8080,6,165886.86049560877,8,18,5680,8072,409.3098817907648,430.65521520280913,2419.2289454533625,0,0,0,1,0,Benign,True
2026-03-15 08:32:48.958672798,443,6,91699.27113333507,9,29,5907,13387,88.74810360703032,584.9137481912813,13636.302957099266,0,0,1,1,0,Benign,True
2026-03-15 08:32:50.380938843,443,6,34649.54664637275,22,10,5639,3664,166.82851908268356,109.43023751126141,2757.501632771747,1,0,1,1,0,Benign,True
2026-03-15 08:32:51.420337482,22,6,5845.284360963438,24,28,3970,8406,459.0957947110712,383.5501862332646,1321.1201594620977,0,0,0,1,1,Benign,True
2026-03-15 08:32:52.611225163,8080,17,52752.36027107791,14,16,543,13115,245.58742995576537,556.0253804134506,9063.227669236321,0,0,1,1,0,Benign,True
2026-03-15 08:32:53.978296866,53,6,18444.485985537278,6,1,3583,958,371.640281952388,156.10800844566705,13040.673713570332,1,0,1,1,0,Benign,True
2026-03-15 08:32:55.073657824,22,17,91676.12726210215,24,12,363,10065,553.7131050094775,685.1571213795545,10618.537323228802,1,0,0,1,1,Benign,True
2026-03-15 08:32:56.577636268,22,6,52270.90180367908,8,1,2601,5507,86.2479760063263,132.13511724416034,7091.44104940613,1,0,0,1,1,Benign,True
2026-03-15 08:32:57.844562934,8080,6,108695.69898514936,19,21,4890,3824,237.27803530238802,768.8012018684577,498.84612887460264,0,0,1,1,0,Benign,True
2026-03-15 08:32:58.981632363,80,6,145508.9780515669,20,1,3030,13545,501.5604851999934,369.01788404819507,7319.421310959921,0,0,0,1,0,Benign,True
2026-03-15 08:32:59.859618523,53,6,28004.988440067613,15,8,5064,2850,229.19105348856417,660.7863250757041,9439.939156636483,0,1,1,1,0,Benign,True
2026-03-15 08:33:01.064480636,8080,6,27748.345301117133,8,2,5661,14600,450.06512386082335,508.341452097521,363.26505659288756,0,0,0,1,0,Benign,True
2026-03-15 08:33:02.252837010,443,17,190871.12987895965,16,16,7925,6344,288.5749886430081,684.0466910031114,7599.273947446551,0,0,1,1,0,Benign,True
2026-03-15 08:33:03.381022857,22,17,31055.280104224825,11,26,6262,2855,81.28234200006167,773.189929287846,10594.714533911909,0,0,1,1,1,Benign,True
2026-03-15 08:33:05.066279020,8080,6,64220.32351687647,20,26,5670,13184,512.1981116039558,944.5272492704083,4333.624638607729,0,0,0,1,0,Benign,True
2026-03-15 08:33:05.941228678,53,6,15522.211472551027,14,20,7106,7346,521.6567449368339,297.84039918620283,134.26362033903624,0,0,1,1,0,Benign,True
2026-03-15 08:33:07.034813684,22,17,22091.375319693754,24,14,2937,2662,405.4646092076825,424.56961950005393,14558.16701669125,0,0,0,1,1,Benign,True
2026-03-15 08:33:08.608002630,22,17,162506.96072419558,11,2,4748,2374,519.796525510329,1193.2641011982066,873.6516792050238,0,0,1,1,0,Benign,True
2026-03-15 08:33:09.539517181,8080,17,34867.57621712028,23,12,2232,9597,117.60658999462842,671.3056841069711,5185.743628330199,0,0,0,1,1,Benign,True
2026-03-15 08:33:10.521070086,443,6,64709.17275174239,21,1,3860,9048,478.20242478835047,801.0698252475254,11837.017791005126,0,1,0,1,0,Benign,True
2026-03-15 08:33:11.797164942,53,6,88768.47337964448,2,2,1686,10951,464.34189514175995,761.9377228901124,6383.109112271528,0,0,1,1,0,Benign,True
2026-03-15 08:33:13.283550204,8080,17,44067.418047255196,9,11,3864,10543,513.3517550699889,1191.860715586154,6468.738311643762,0,0,0,1,0,Benign,True
2026-03-15 08:33:14.569743164,80,6,56278.194902377545,7,26,2946,12729,191.43265395788592,297.31127205911287,2327.6724150149244,1,0,1,1,1,Benign,True
2026-03-15 08:33:15.426560633,53,17,20001.512290296443,9,15,5161,7917,450.3809877776389,314.08405916807834,13971.150080882593,0,0,1,1,0,Benign,True
2026-03-15 08:33:17.050437353,53,6,158109.2386787321,19,25,6516,9455,243.59149587068177,975.9878341882553,8737.684853204968,0,0,0,1,0,Benign,True
2026-03-15 08:33:18.210598272,443,6,58527.942409971336,23,8,3438,2135,309.4610469655033,388.9246513193391,10338.143591847094,0,0,0,1,0,Benign,True
2026-03-15 08:33:19.409028452,53,6,152895.82265607335,22,10,6941,9540,542.9551974605487,591.2854135766911,11552.792961669651,0,0,0,1,0,Benign,True
2026-03-15 08:33:20.236596688,80,6,99073.49186784406,24,29,2380,751,370.48353084268086,658.4940969983421,441.15323562579243,0,0,0,1,0,Benign,True
2026-03-15 08:33:21.330321593,22,17,167354.18756550082,8,14,6491,3327,401.92809276828893,1112.958007241986,2664.4045951328844,0,0,0,1,1,Benign,True
2026-03-15 08:33:23.020454123,80,6,108320.18936728744,14,10,5383,12140,149.20853633512124,219.4335487117666,1429.2322471981367,1,0,1,1,0,Benign,True
2026-03-15 08:33:23.883480137,8080,17,162915.9882681205,10,10,7346,6369,108.35440980646804,1175.5097589504776,5985.925266722323,0,0,0,1,0,Benign,True
2026-03-15 08:33:25.271349828,53,6,47231.10677605106,2,5,1273,8014,283.82783883282644,406.1656033532867,3351.6696434158994,1,1,0,1,0,Benign,True
2026-03-15 08:33:26.555980130,8080,6,181658.94365898884,2,7,4068,7603,342.32905900259965,336.93700048620144,11755.39747076161,1,0,1,1,1,Benign,True
2026-03-15 08:33:27.376975955,53,6,125367.92208407455,10,6,7053,5338,124.20051889817259,997.0009010881422,11702.195385960438,1,0,1,1,1,Benign,True
2026-03-15 08:33:28.968503012,53,6,87968.355699937,22,8,2610,1306,57.684503152262124,107.87698210620022,10404.343943301032,0,0,0,1,0,Benign,True
2026-03-15 08:33:30.263106875,80,6,81891.64936742302,22,23,3450,14609,436.64760738079923,884.2273340014254,9276.921833307628,1,0,1,1,0,Benign,True
2026-03-15 08:33:31.337024979,80,17,165965.6819848744,19,26,6929,10346,457.1504922097352,661.4851528603995,14086.561853352629,0,0,0,1,0,Benign,True
2026-03-15 08:33:32.364733649,22,6,163176.6827115799,2,1,4213,12070,376.07206050968244,1146.3603784990296,5283.671602258951,0,0,1,1,0,Benign,True
2026-03-15 08:33:33.826006883,443,17,99233.46417838162,4,13,5170,5521,439.2330394317341,104.45389367489025,2131.476750783554,1,0,1,1,0,Benign,True
2026-03-15 08:33:34.816474578,53,6,188871.62541372963,12,19,1404,4926,47.9015388905209,780.0332578361262,6526.427317872311,0,0,1,1,0,Benign,True
2026-03-15 08:33:36.146862556,8080,6,137825.3311733176,22,10,631,10943,405.8418069941107,375.81750528395236,9481.865204554602,0,0,1,1,0,Benign,True
2026-03-15 08:33:37.392303566,22,6,87899.9460801754,16,25,6391,11649,89.52052803223765,1100.4239388433396,13665.372042240038,0,0,0,1,0,Benign,True
2026-03-15 08:33:38.549611717,8080,17,12024.61694499646,13,19,1406,6856,316.55091025333036,998.3346039508691,3178.6789637145903,0,0,0,1,0,Benign,True
2026-03-15 08:33:39.472712925,22,6,63647.84989688248,4,14,6885,9595,89.87851720773922,876.7325974366487,6830.792202098031,0,0,0,1,0,Benign,True
2026-03-15 08:33:40.570706340,53,6,76798.78306186578,19,7,7761,11831,55.65301140066809,192.9085118689081,3348.3663144672764,0,0,0,1,1,Benign,True
2026-03-15 08:33:41.843003117,8080,6,42824.894605058944,7,29,1533,7805,80.91347194852972,152.1970679611178,10161.860960956332,0,0,1,1,0,Benign,True
2026-03-15 08:33:43.201724962,53,6,135042.75072228428,19,28,1207,13573,282.5319078936175,676.3926970641305,5928.028616457645,0,0,1,1,0,Benign,True
2026-03-15 08:33:44.403166153,53,6,74996.4282996134,8,22,1294,9283,255.89317564742703,980.699418030187,13920.750824189206,1,0,0,1,1,Benign,True
2026-03-15 08:33:45.649586609,443,6,167122.538683189,19,25,5881,14882,349.3547246394865,536.1629265370175,9997.961058487099,0,0,1,1,0,Benign,True
2026-03-15 08:33:46.737061102,53,17,51477.41884507287,17,19,6485,5673,58.57471066741976,435.9013538717046,5558.729714793968,0,0,1,1,0,Benign,True
2026-03-15 08:33:48.172134828,443,6,62689.138371571375,4,13,754,9413,49.177444250131224,294.1062291315119,8846.00266619318,0,0,1,1,1,Benign,True
2026-03-15 08:33:49.447892250,8080,6,56139.93447040469,10,16,4892,1231,63.47196474655385,575.5504479112843,3349.373375495085,0,0,1,1,0,Benign,True
2026-03-15 08:33:50.248035032,80,6,54116.7588380487,24,26,5886,6816,561.9720696866085,60.49428711172651,4491.479685418204,1,0,0,1,0,Benign,True
2026-03-15 08:33:51.741913930,80,6,97710.59856209248,23,5,3790,4027,568.1439056856146,243.6571886320606,4747.411870583782,0,0,1,1,0,Benign,True
2026-03-15 08:33:52.906783111,80,17,8012.846727698335,5,15,343,3391,456.4436037163965,76.8377637583834,4636.713630416365,0,0,1,1,1,Benign,True
2026-03-15 08:33:54.013854299,80,17,527.6762365176274,24,2,166,1643,586.1331056070421,709.8550555039926,12010.591155451628,1,0,0,1,1,Benign,True
2026-03-15 08:33:55.013118140,22,6,109852.20451964665,4,3,7338,5642,265.07921427473536,1034.5475639545411,7016.3191724303815,0,0,0,1,0,Benign,True
2026-03-15 08:33:56.577139355,8080,6,197959.31146486715,16,8,1729,2647,79.80632825377886,919.3542941123006,7967.203806383501,0,0,0,1,1,Benign,True
2026-03-15 08:33:57.876375771,22,6,41888.52865735714,7,1,2041,7636,67.86742091087946,880.7832985737825,4029.976535278233,0,0,0,1,0,Benign,True
2026-03-15 08:33:58.933101799,80,6,49197.846550243805,18,23,7214,4106,144.69066038906385,142.83097431687503,10294.602666491897,0,0,0,1,0,Benign,True
2026-03-15 08:34:00.250715997,80,17,122124.61699779058,7,8,589,11391,354.53117921493543,889.4486829173741,10614.275219029323,0,0,0,1,0,Benign,True
2026-03-15 08:34:01.490511158,443,6,68825.68744827506,3,12,1116,7875,45.210090887441304,399.72269547184175,4039.0703840566453,0,0,0,1,0,Benign,True
2026-03-15 08:34:02.311230404,53,6,37214.78243511292,10,17,6046,8457,569.3678695304409,1060.6869607087565,10445.298892992369,0,0,0,1,0,Benign,True
2026-03-15 08:34:03.682934131,8080,6,1262.6779378947638,19,26,805,8181,124.69973113924742,1035.6869455135302,8099.755579614155,0,0,0,1,0,Benign,True
2026-03-15 08:34:04.784359642,53,6,139044.51286648962,22,22,6750,3635,57.9427213244726,938.888584865957,11604.179300829925,0,0,1,1,1,Benign,True
2026-03-15 08:34:06.291977248,22,6,95031.65085180006,19,23,6223,7097,524.9371231070071,800.6895335611996,14055.941824774703,1,0,1,1,0,Benign,True
2026-03-15 08:34:06.956284694,80,17,136925.77922455713,2,9,1895,5952,349.21411631712334,95.25555073063069,6303.901902334049,1,0,1,1,0,Benign,True
2026-03-15 08:34:08.347424948,443,6,78442.04231576376,13,24,1273,10912,531.5876705364763,649.2202801675053,7343.083777154733,0,0,1,1,0,Benign,True
2026-03-15 08:34:09.825323426,80,17,91079.44479564272,14,18,4828,2692,242.39710894573122,634.6204934350754,5986.95750757846,1,0,0,1,0,Benign,True
2026-03-15 08:34:10.670430786,8080,6,154916.2329608053,24,1,4521,6526,212.32929191152053,933.8333174751856,2238.756796850437,1,0,1,1,1,Benign,True
2026-03-15 08:34:12.172675710,443,6,142137.2072228884,18,2,6779,5024,100.28273471810186,1176.473768802017,946.8764341506914,1,0,0,1,1,Benign,True
2026-03-15 08:34:13.129669897,53,6,117319.4883684314,22,10,6543,4527,58.35549189184852,728.4187387245051,6508.508857161298,0,0,1,1,1,Benign,True
2026-03-15 08:34:14.687987123,8080,6,92692.49570668816,24,18,2890,6952,529.7853444460025,365.2404156737188,3409.3311680649167,1,0,1,1,0,Benign,True
2026-03-15 08:34:15.830117901,443,6,18703.969531091385,13,22,2834,3884,114.1469479568206,1180.6234106700226,515.1703727931335,0,0,1,1,1,Benign,True
2026-03-15 08:34:16.680792214,22,17,146993.21478969406,11,28,5217,8972,224.35532644307298,737.587103120293,627.557701003718,1,0,1,1,0,Benign,True
2026-03-15 08:34:18.162115868,443,6,153588.5436283546,5,3,2863,4047,332.17298187880726,945.9582203642883,12750.93071460738,0,0,0,1,0,Benign,True
2026-03-15 08:34:19.102113926,80,17,109035.2659074163,22,24,3928,4534,45.65204163723159,194.86555531477447,1584.080613844439,0,0,0,1,0,Benign,True
2026-03-15 08:34:20.463817704,8080,6,185025.39976906023,14,6,1710,7642,67.270778719805,333.4952626529956,9264.652820834064,0,0,1,1,0,Benign,True
2026-03-15 08:34:21.695088461,22,6,196342.91014981878,2,5,5155,11374,260.4321381783816,354.357641227838,11998.727979495618,0,0,0,1,1,Benign,True
2026-03-15 08:34:22.997757245,80,17,137149.68024343345,23,24,7649,3403,82.42321719281773,688.4221289890944,10188.478039302709,1,0,1,1,1,Benign,True
2026-03-15 08:34:23.714670504,53,6,17899.67138515518,2,19,7982,579,391.0033166609192,1087.5526892455714,690.6578320964084,1,0,1,1,0,Benign,True
2026-03-15 08:34:25.032094734,8080,6,14658.206352614246,8,27,4844,11499,239.58179625719265,1181.6782018473461,4735.512481018712,0,1,1,1,1,Benign,True
2026-03-15 08:34:26.527150686,8080,6,53759.8805059618,14,13,6802,13485,356.03658057060136,677.1594782564937,242.8621001002845,0,0,1,1,0,Benign,True
2026-03-15 08:34:27.638113942,53,17,81623.76353706223,12,23,6917,1807,353.7113764894708,860.5225878972878,6295.910831751331,0,0,0,1,0,Benign,True
2026-03-15 08:34:28.797363046,443,17,180155.901071889,18,11,5569,642,436.5420122316259,388.88403756329205,3908.281745111193,0,0,1,1,0,Benign,True
2026-03-15 08:34:29.733125974,22,6,70309.24534567054,18,19,5595,11263,495.507210819577,410.93397461679706,12880.240120646966,0,0,1,1,1,Benign,True
2026-03-15 08:34:31.108965530,80,6,58051.08456428609,4,27,6115,11348,322.3892562664419,78.35716696618604,7577.52884243085,0,0,1,1,0,Benign,True
2026-03-15 08:34:32.619060139,22,6,124466.55415428145,5,13,3484,5707,552.2131840956673,690.6145545765693,13344.603191832046,0,0,1,1,0,Benign,True
2026-03-15 08:34:33.318535702,443,17,84689.88023616189,23,11,2285,3107,97.23721253471393,757.1590320921165,11842.310587887661,1,0,0,1,1,Benign,True
2026-03-15 08:34:34.737861741,22,6,47857.46009404266,5,10,2659,7786,103.92047629153757,995.4435608934128,13839.289569497918,0,0,1,1,0,Benign,True
2026-03-15 08:34:36.267088972,80,6,183170.73803820182,9,16,922,9513,349.1263053458971,200.00410345467,11086.574690369029,0,0,1,1,0,Benign,True
2026-03-15 08:34:36.930528440,53,17,36546.54315102334,3,28,2441,11643,336.35030618453396,811.7788497651011,9784.673781489859,0,0,1,1,0,Benign,True
2026-03-15 08:34:38.549823450,22,6,114785.86430146094,7,28,3447,13582,572.4178816618652,529.1910193959231,760.8824597774126,0,0,0,1,0,Benign,True
2026-03-15 08:34:39.454567569,8080,17,26191.037785606553,2,13,4095,6894,551.6800113227322,374.7930028146746,6073.933105115937,1,0,0,1,0,Benign,True
2026-03-15 08:34:41.019965299,53,6,24164.928381610596,8,10,5507,10444,218.23812319689733,712.4848980575209,2496.053195294841,0,0,1,1,0,Benign,True
2026-03-15 08:34:42.147640787,443,6,60762.742901125544,9,29,7298,9870,423.89905816225973,122.84173094164623,1664.0907526112878,0,0,1,1,0,Benign,True
2026-03-15 08:34:43.431423102,22,6,175840.7304439397,22,7,3751,282,575.5190117888044,375.30477783579374,3865.1564103488818,0,0,0,1,0,Benign,True
2026-03-15 08:34:44.229554874,443,6,101241.3588087078,4,28,5029,13604,483.6889333360754,753.1852640907889,13222.100230841233,0,0,1,1,0,Benign,True
2026-03-15 08:34:45.618775652,443,6,67477.0009671435,11,29,6163,6540,286.2459635874585,1061.5915445834164,7796.991541113786,0,0,0,1,0,Benign,True
2026-03-15 08:34:46.967561966,8080,17,48775.70795007924,16,29,7338,1879,464.3160347036501,786.6874446687899,3006.136204400772,1,0,1,1,0,Benign,True
2026-03-15 08:34:47.847419845,8080,6,167934.8370972146,9,17,7702,10279,405.2965678000325,475.54604839974286,5375.834182455649,0,0,1,1,0,Benign,True
2026-03-15 08:34:49.038447783,53,17,88175.48270608184,24,3,4300,8524,331.4066700406906,216.48141353926394,3765.353631465044,0,0,0,1,0,Benign,True
2026-03-15 08:34:50.116309280,8080,6,4833.773318925138,10,28,2663,12131,226.31484152722356,1146.9255192699836,2551.9384892961484,0,0,1,1,0,Benign,True
2026-03-15 08:34:51.875109176,443,6,11045.247521455678,21,24,7961,8999,308.24563324825806,404.9361635760904,6712.187677499822,1,0,1,1,0,Benign,True
2026-03-15 08:34:52.926010128,22,6,180725.84351730873,6,10,3887,10257,241.79709337445667,648.6514268119532,5136.6158075143185,0,0,0,1,1,Benign,True
2026-03-15 08:34:54.081336212,53,17,164342.9889021951,8,25,4998,10061,57.182997888657496,699.5781975285992,12513.918651541595,0,0,0,1,0,Benign,True
2026-03-15 08:34:55.346396833,443,17,129563.54278518894,7,7,3859,14859,561.2923282266237,396.91831921866185,2026.8363056058192,0,0,1,1,0,Benign,True
2026-03-15 08:34:56.418967751,443,6,175556.59055066176,14,10,2861,11674,375.82793013498576,1023.8061688483374,4226.797869282686,0,0,0,1,1,Benign,True
2026-03-15 08:34:57.585680292,8080,17,46739.98713038461,12,14,7032,3009,140.3065024696508,753.1118897285339,3161.4035586398313,0,0,1,1,0,Benign,True
2026-03-15 08:34:58.769719344,443,17,62855.163710746216,11,24,4263,4272,454.43894999574104,597.8433834269925,13277.68705916522,0,0,0,1,0,Benign,True
2026-03-15 08:35:00.084263527,80,17,62371.93536917287,14,20,249,14843,136.59799028357858,1152.7871813590723,12147.972647222148,1,0,0,1,0,Benign,True
2026-03-15 08:35:01.020920985,53,17,110601.78779751647,5,24,6204,2973,42.54657174001045,203.1914290119755,6967.889024913249,0,0,0,1,0,Benign,True
2026-03-15 08:35:02.632835217,8080,6,39299.08293300918,24,20,1952,5838,479.66123140712364,636.7188915374246,8603.08749048675,0,0,0,1,0,Benign,True
2026-03-15 08:35:03.787051422,443,6,97862.17840742943,18,4,5343,13418,419.60099019169365,1122.7574279599767,14117.938475346662,0,0,1,1,0,Benign,True
2026-03-15 08:35:04.709738166,8080,6,152919.80299815274,23,2,5718,2501,505.43195490481645,504.2178183761879,9398.760976103214,0,0,0,1,0,Benign,True
2026-03-15 08:35:06.047165578,443,17,53440.23061298572,9,4,516,9375,105.74721514903514,453.5471802772378,13353.88075338055,0,0,0,1,0,Benign,True
2026-03-15 08:35:06.984616379,8080,6,193298.91569546345,10,19,2207,7697,316.56179632150486,1020.0307832814808,2827.239839411153,0,0,1,1,0,Benign,True
2026-03-15 08:35:08.683407748,22,6,131367.10355021514,19,14,5580,11727,425.3754853902392,208.66255892125037,11624.59588398026,0,0,0,1,0,Benign,True
2026-03-15 08:35:09.841735612,53,6,187769.82055890196,23,20,5645,4459,287.8746518608184,280.1011548715778,10494.45701199321,0,1,0,1,0,Benign,True
2026-03-15 08:35:11.053138503,80,6,40853.122099448636,12,1,6553,8311,582.7709121079182,364.9473179818705,6189.972403818074,0,0,0,1,0,Benign,True
2026-03-15 08:35:11.899297828,80,6,134168.49062302362,23,8,5508,3676,209.76124567683308,417.91808290414235,7609.473394294962,0,0,0,1,0,Benign,True
2026-03-15 08:35:13.001480824,53,17,107237.24435332441,5,23,2391,3526,483.33211068921446,77.7174412824873,14955.63870537592,0,0,1,1,0,Benign,True
2026-03-15 08:35:14.227063298,80,6,195577.68562581585,10,24,6912,11789,508.41346734713954,229.96189265374787,7988.729997786877,0,0,1,1,1,Benign,True
2026-03-15 08:35:15.354000834,53,6,127225.77772580142,18,11,4469,11400,100.79750610759672,1032.5107210699507,528.8118067855876,1,0,0,1,0,Benign,True
2026-03-15 08:35:16.572066378,22,6,173524.8850840126,8,18,1663,10475,185.86377610129148,204.98766635896146,3970.1471303196186,1,0,1,1,0,Benign,True
2026-03-15 08:35:17.742782720,53,17,5750.348468486823,10,15,3819,787,42.3939928307155,749.367279945051,2555.90693678939,0,0,1,1,0,Benign,True
2026-03-15 08:35:19.493893841,22,6,20008.52588725354,10,18,2583,350,298.97832332829194,903.9547309980688,11792.738590964133,0,0,0,1,1,Benign,True
2026-03-15 08:35:20.144434610,80,6,86142.24879258923,13,3,1700,11882,291.15459629090356,159.6335990022706,7146.8346448360335,1,0,1,1,1,Benign,True
2026-03-15 08:35:21.379525248,8080,6,162371.86562514587,23,20,3040,6500,323.2773070406203,674.58736622317,7857.253201253031,1,0,0,1,0,Benign,True
2026-03-15 08:35:22.996352757,8080,6,177555.7028810489,14,13,5045,3014,153.72809226429462,118.45519658807628,1600.8545729530467,0,0,1,1,0,Benign,True
2026-03-15 08:35:24.048144130,8080,6,60616.85626704484,19,18,5764,4801,241.69970152178112,604.7056072464047,4901.211409099713,0,0,0,1,0,Benign,True
2026-03-15 08:35:25.364650322,22,6,5388.50618960186,13,5,6386,8212,41.4843721153062,862.7807519144701,13591.42833955559,1,0,0,1,0,Benign,True
2026-03-15 08:35:26.478547204,53,6,98849.6794253551,24,16,2108,10151,556.5680560533831,781.2889171888,12977.345937000928,1,1,1,1,1,Benign,True
2026-03-15 08:35:27.829305042,443,6,168697.3460339342,3,28,1954,7977,455.98430665236623,693.0827774717288,11666.288276832705,1,0,0,1,0,Benign,True
2026-03-15 08:35:28.883080516,53,6,91203.26049551216,16,8,6847,2012,302.97605288881493,721.0507209696198,10318.79627068256,0,0,0,1,1,Benign,True
2026-03-15 08:35:30.013275055,8080,6,80711.9928102271,20,27,6967,7166,133.63333270916155,895.4837093370032,783.6878263768108,0,0,1,1,0,Benign,True
2026-03-15 08:35:31.327649816,8080,6,127963.6405329933,15,2,2883,13194,347.8674118734175,774.3975859704983,13828.211228885035,0,0,1,1,0,Benign,True
2026-03-15 08:35:32.368435651,443,17,121072.05880868722,4,27,4419,990,150.40391230750097,830.8114901061867,12163.828078861046,0,0,0,1,1,Benign,True
2026-03-15 08:35:33.507638293,53,6,172539.28173894028,12,13,4370,13699,173.7326949016998,91.16577368529568,6488.203336588875,0,0,1,1,0,Benign,True
2026-03-15 08:35:34.780591471,22,6,105613.63391513044,8,15,7185,2875,597.3205313445728,811.2806010466622,12836.87015366672,1,0,0,1,0,Benign,True
2026-03-15 08:35:35.801828463,8080,17,50228.36024349589,24,6,3033,534,321.4641011544994,806.8686538954703,11773.369525468725,1,0,0,1,0,Benign,True
2026-03-15 08:35:37.377943037,53,6,56825.05879131896,10,8,1614,335,453.54909297855875,843.847651678175,4223.1327597667205,0,0,0,1,0,Benign,True
2026-03-15 08:35:38.256422268,443,6,155483.4567490604,23,4,6835,7300,454.8538508807181,706.7489806817039,12169.16732178001,0,0,0,1,0,Benign,True
2026-03-15 08:35:39.392118927,22,6,138783.7206742116,23,12,2937,9330,495.255457111069,931.2337535472543,7418.558845278201,0,0,1,1,0,Benign,True
2026-03-15 08:35:40.647811345,53,6,196187.50509197178,6,15,3669,6711,448.449684444569,940.6854004749675,11861.998288435138,0,0,0,1,0,Benign,True
2026-03-15 08:35:42.205242091,8080,6,59758.180092636256,24,24,6142,4811,232.04372347589384,514.6899801137408,11194.38666936056,0,0,1,1,0,Benign,True
2026-03-15 08:35:43.098120777,443,17,174621.23529374955,20,6,4087,8017,253.1098849707372,534.5261543708211,4658.139175601762,1,0,1,1,0,Benign,True
2026-03-15 08:35:44.511629921,443,6,189616.48748241644,15,13,5974,2721,347.9564991421369,626.210099987111,11760.491180269184,1,0,1,1,0,Benign,True
2026-03-15 08:35:45.813845778,8080,17,134346.00421966848,8,24,1975,14746,587.5244228113517,418.65626982021695,3413.680672041413,0,0,0,1,0,Benign,True
2026-03-15 08:35:46.546646800,80,6,162297.73946881745,5,13,4562,11103,451.99906125210293,959.450969446285,13785.782377671017,0,0,0,1,0,Benign,True
2026-03-15 08:35:48.159014643,22,6,28453.589740960902,15,7,1191,10847,331.2170014439698,255.96332952625414,13461.53946154106,1,0,0,1,0,Benign,True
2026-03-15 08:35:49.084599279,22,6,199982.07765691928,11,23,4228,9686,424.97336667544135,1195.5356164387892,260.64650271436403,0,0,0,1,0,Benign,True
2026-03-15 08:35:50.229973418,53,6,46652.33300429474,9,25,6247,299,128.88376630593004,563.8031753645906,1877.224266801235,0,1,1,1,0,Benign,True
2026-03-15 08:35:51.713340871,80,6,197603.9368222319,21,26,4609,12344,168.80374061872655,200.8819907663636,2751.321969184354,0,0,1,1,0,Benign,True
2026-03-15 08:35:53.045877973,8080,17,191649.56858554005,22,20,1890,6092,488.05762245217846,1166.1008318231932,9780.173849578616,0,0,1,1,0,Benign,True
2026-03-15 08:35:53.877011525,443,6,171531.76168203983,4,21,1514,2475,462.91938766296977,820.8828700813913,4043.2666532418657,0,0,1,1,0,Benign,True
2026-03-15 08:35:55.241300283,53,6,176164.07611918863,14,3,7857,13419,518.3817081616795,531.4723235399628,4141.951896484346,0,0,0,1,0,Benign,True
2026-03-15 08:35:56.273900468,22,17,154316.8187167559,4,4,1605,5187,370.64302444717345,665.5393302247801,13407.645380103488,0,0,0,1,0,Benign,True
2026-03-15 08:35:57.632571351,22,6,166916.1576425574,5,3,7552,469,466.1628208538021,558.5656831382748,4555.060451534612,0,0,1,1,0,Benign,True
2026-03-15 08:35:58.873117218,443,6,67306.58558056466,23,8,769,9551,466.3213094988673,877.820076160156,14144.526611039997,0,0,0,1,1,Benign,True
2026-03-15 08:36:00.066201233,8080,17,154519.6980685514,6,6,2933,13925,599.1631795156773,584.2279774971313,8041.465181485131,1,0,0,1,1,Benign,True
2026-03-15 08:36:01.274127821,8080,6,157580.19786634532,8,18,2899,3564,496.0861644734174,62.31024845230739,13331.650283366655,1,1,0,1,0,Benign,True
2026-03-15 08:36:02.181047875,443,17,72278.38626107559,10,8,4840,8822,580.7209995904984,376.6620987775777,6339.381849978665,1,0,1,1,0,Benign,True
2026-03-15 08:36:03.716124281,53,6,135177.746930377,19,24,4610,14924,70.98841494900796,626.7471717383446,12214.905857291775,0,0,1,1,0,Benign,True
2026-03-15 08:36:04.904850213,80,6,13803.20284713956,20,4,1208,8547,493.15508243809774,733.0598346567144,6301.181118053017,0,0,0,1,1,Benign,True
2026-03-15 08:36:06.109552873,22,6,16646.699649244038,17,19,6986,13825,532.3341930305924,759.2222823060346,2662.189305807704,0,0,1,1,0,Benign,True
2026-03-15 08:36:06.944442331,53,6,59774.48731287573,13,24,2153,4017,298.212721056648,323.17070591804645,7809.477020607628,0,0,0,1,0,Benign,True
2026-03-15 08:36:08.368103305,443,6,81041.66054886869,22,22,3924,7353,428.08297154199903,97.77971453626657,6605.170859710115,0,0,1,1,0,Benign,True
2026-03-15 08:36:09.545421079,22,6,53260.2558274644,10,19,7665,8485,63.75316080865944,203.50250728609666,14962.825979384337,1,0,0,1,0,Benign,True
2026-03-15 08:36:10.552026890,80,6,4918.791986728199,3,14,4316,6477,242.58480721931096,804.8388334831761,10917.613805495546,0,0,0,1,1,Benign,True
2026-03-15 08:36:11.833420756,53,17,21153.694178483183,11,25,1950,4787,171.9060783056153,811.3542223889596,5572.895195121825,1,0,0,1,1,Benign,True
2026-03-15 08:36:13.164577579,53,6,24448.83765371138,19,20,5234,9535,415.0391314045676,95.55175556613727,519.0753347583467,0,0,0,1,1,Benign,True
2026-03-15 08:36:14.545743785,53,6,53870.645827810265,11,4,3459,1436,505.29914727891605,540.0072220753773,6013.222373231756,0,1,0,1,0,Benign,True
2026-03-15 08:36:15.442237246,8080,6,16546.48528362305,18,10,3470,13972,81.68179492234597,334.1531920439024,3344.4899131948305,0,1,1,1,1,Benign,True
2026-03-15 08:36:16.997849946,443,6,112181.8258166801,16,4,4146,3399,433.0218876529014,743.3815531078853,6789.227070641719,0,0,1,1,0,Benign,True
2026-03-15 08:36:18.027478971,8080,6,102408.33607803793,2,22,4970,11410,224.56634246794403,459.8582169110509,345.6419953502867,0,0,1,1,0,Benign,True
2026-03-15 08:36:19.356253011,8080,17,75451.74482832743,22,16,6414,2379,439.0563126783183,466.19689912437127,1152.0377275676235,0,0,1,1,0,Benign,True
2026-03-15 08:36:20.383533590,53,6,3317.6201245641346,21,23,2743,12565,271.084701565524,623.0361321712624,880.3589551518297,0,0,1,1,0,Benign,True
2026-03-15 08:36:21.599516535,22,17,167985.568943121,23,24,4673,7240,534.1818793254705,313.8116330178825,14315.13173542525,0,0,0,1,0,Benign,True
2026-03-15 08:36:22.871831633,22,6,89331.70303796204,14,17,1650,4643,513.4562100435912,191.2777902285473,8775.485561552465,0,0,1,1,1,Benign,True
2026-03-15 08:36:24.256782364,80,6,169818.03236512237,18,4,1066,7145,426.0134991501346,697.8212359723309,10222.96576047123,0,0,0,1,0,Benign,True
2026-03-15 08:36:25.195087548,80,17,83595.75969002729,14,23,5847,12504,264.7260987143503,746.3367488488828,4498.158166917645,0,0,0,1,0,Benign,True
2026-03-15 08:36:26.417194522,8080,17,131926.86389005816,9,23,6241,4259,526.7643955584772,995.6958415071244,9300.825000358795,0,0,1,1,0,Benign,True
2026-03-15 08:36:27.661198178,53,6,79804.7199865901,10,6,7724,204,298.4352528707885,1007.1590265356726,11521.464645342943,1,0,0,1,0,Benign,True
2026-03-15 08:36:28.942509082,443,6,96603.9820112716,16,12,5005,1161,188.46300401205917,239.8205163508507,6259.889988454433,1,0,0,1,0,Benign,True
2026-03-15 08:36:29.743110201,80,6,106513.26639693271,18,11,7581,6571,409.03535970349503,1007.6266900876387,2922.662398814769,1,0,1,1,0,Benign,True
2026-03-15 08:36:31.209412463,53,6,72740.36878426214,14,8,3281,1285,131.26455884342948,99.51112601783345,4039.6816594139514,0,0,1,1,0,Benign,True
2026-03-15 08:36:32.388954953,443,17,86593.94012199428,15,20,1617,11199,221.7238238628828,1118.4231372547242,11951.184846352884,1,0,0,1,1,Benign,True
2026-03-15 08:36:33.853010990,443,6,178279.8621646393,21,13,7345,6530,152.18826683560076,673.9438902550054,9278.310134972624,1,0,1,1,1,Benign,True
2026-03-15 08:36:34.796103948,8080,6,26436.963059250917,3,21,2509,5565,179.18181029978294,776.4466426080858,14320.07831510868,0,0,0,1,0,Benign,True
2026-03-15 08:36:35.980992320,22,6,140330.62686682522,11,4,7883,10313,367.783386457192,965.620774936081,3260.706303973053,1,0,0,1,0,Benign,True
2026-03-15 08:36:37.477319993,443,17,159629.655108209,12,20,2770,11943,461.65077762653846,494.31188416794424,14001.976334014056,1,0,1,1,1,Benign,True
2026-03-15 08:36:38.370345878,53,6,67144.33554793536,4,15,7912,13132,473.83809221422854,1099.593715164792,3121.166847740866,1,0,1,1,0,Benign,True
2026-03-15 08:36:39.408530658,8080,6,72240.14584307274,16,11,5962,1125,213.36161662635027,798.014022163493,13539.39686688463,0,0,1,1,0,Benign,True
2026-03-15 08:36:40.630149673,53,6,46159.21958213273,24,20,3927,551,385.7984745608743,717.9190401516875,13999.340658707602,0,0,0,1,1,Benign,True
2026-03-15 08:36:41.757112523,22,6,47158.72934534664,6,14,893,8855,117.85909559979447,1027.644106037486,6341.286008791017,1,0,0,1,0,Benign,True
2026-03-15 08:36:42.900340877,443,6,51120.250219303816,9,5,6613,10228,454.16101010891526,416.88298890959294,10860.690953022935,1,0,0,1,0,Benign,True
2026-03-15 08:36:44.359167396,8080,6,39120.70162788704,2,26,2457,3978,510.1948723567206,237.62289759747574,11117.66636364927,0,0,1,1,0,Benign,True
2026-03-15 08:36:45.761545548,53,17,104167.57338986381,3,27,6452,3407,476.4677422153372,553.6836386982117,14127.286929374231,0,1,1,1,1,Benign,True
2026-03-15 08:36:46.940079865,80,6,69593.98892617604,17,24,6052,7407,212.93247868668306,605.302360543277,13091.497648807312,1,0,1,1,0,Benign,True
2026-03-15 08:36:47.719289452,80,17,13699.663532767516,5,2,5461,11075,93.95544152403139,476.86340750818346,13017.79534829819,0,0,1,1,0,Benign,True
2026-03-15 08:36:49.241989742,443,6,35958.370167823305,13,1,4344,5562,72.73050894065585,250.46983978278865,11111.079472859348,0,0,1,1,0,Benign,True
2026-03-15 08:36:50.192569875,80,6,171504.5646693895,5,1,5713,14593,186.59119071099175,581.9407155824941,3054.231019073131,1,0,0,1,0,Benign,True
2026-03-15 08:36:51.864645770,53,6,94601.12957142107,22,16,3838,14387,155.9333342378149,774.9284489169769,11632.822830090046,0,0,1,1,0,Benign,True
2026-03-15 08:36:52.600418999,80,17,159778.99788186475,11,11,3721,1096,275.36522020941015,567.8249038606725,10932.675623897952,1,0,1,1,0,Benign,True
2026-03-15 08:36:54.075983530,443,6,115264.49710653158,14,1,4268,9906,382.8866434811879,757.1321800891294,4291.348830663291,0,0,0,1,0,Benign,True
2026-03-15 08:36:55.095743017,443,17,54230.50139826182,3,19,7983,7380,232.87680187846087,881.3554339997515,7094.960792195151,0,0,0,1,0,Benign,True
2026-03-15 08:36:56.484936795,53,17,96768.69650011617,3,6,5145,4622,424.8122566421198,319.52414563891665,6315.346893512561,0,0,1,1,1,Benign,True
2026-03-15 08:36:57.547355157,53,6,48605.80969462893,24,14,5975,7927,250.54012986381574,893.9434306959479,14337.799863512733,1,0,1,1,0,Benign,True
2026-03-15 08:36:58.955785831,53,6,80816.12655623518,7,7,5856,512,558.1816130100904,149.85574908933077,5006.710246908609,0,0,0,1,0,Benign,True
2026-03-15 08:36:59.838407475,53,17,43768.60094973815,6,29,2485,7212,157.39189379452256,854.4093288032742,6509.546177742278,0,0,1,1,0,Benign,True
2026-03-15 08:37:01.443475111,8080,6,162609.6280355504,20,2,3997,6025,272.64796181668737,346.04556188019524,6684.0001230599555,0,0,1,1,0,Benign,True
2026-03-15 08:37:02.400125789,53,6,91281.541694364,19,18,5303,8237,300.24259479993054,149.97854157754483,9535.052385375242,0,0,0,1,0,Benign,True
2026-03-15 08:37:03.753655888,53,6,3522.016248244979,10,25,1587,14222,586.3242373982798,318.3062850427198,7477.598745753803,1,0,0,1,1,Benign,True
2026-03-15 08:37:05.009838114,80,6,193897.180617323,18,17,7980,12015,127.70301071186907,766.2974908506352,9693.417127721155,0,0,1,1,0,Benign,True
2026-03-15 08:37:06.299297166,53,6,167601.28632237884,10,12,2414,8648,356.98962325814824,642.2187289861348,965.1766587359643,1,0,0,1,1,Benign,True
2026-03-15 08:37:07.034367399,80,6,185608.6810749967,20,16,3976,8838,563.6150096928201,770.8664970809428,2345.744767938656,0,0,1,1,0,Benign,True
2026-03-15 08:37:08.272135448,22,6,154072.79202781865,4,6,1477,2164,435.26733720692675,425.23371376601335,13977.813722868304,1,0,1,1,1,Benign,True
2026-03-15 08:37:09.450259852,53,6,194396.67407231053,14,11,4239,5001,355.1092932580316,945.7878660281548,14775.53377971018,0,0,1,1,1,Benign,True
2026-03-15 08:37:10.657722799,80,6,46633.63029041479,10,25,3008,10030,541.2878732865252,1011.1862177385605,2026.0109891331806,1,0,1,1,0,Benign,True
2026-03-15 08:37:12.049466844,80,6,9438.658017339481,9,6,7953,6976,85.09078266263997,1040.9667923304164,6537.102445871191,0,1,0,1,0,Benign,True
2026-03-15 08:37:13.496113513,443,6,142264.5989645063,11,6,1298,8272,246.76372443055195,116.91060546151016,4742.8761487743295,1,0,0,1,1,Benign,True
2026-03-15 08:37:14.694166852,22,6,176106.75611748124,23,28,3843,4981,117.12205366872868,277.3027782537939,3563.4034109262316,0,0,1,1,0,Benign,True
2026-03-15 08:37:15.616063938,443,6,24980.130995739262,10,8,1083,11788,435.97623292752496,518.5312178363711,8704.350725659815,0,0,0,1,0,Benign,True
2026-03-15 08:37:16.883416326,53,17,106101.61867986793,11,29,971,7505,361.8123940242117,240.97829689470106,14979.877727530435,0,0,0,1,0,Benign,True
2026-03-15 08:37:18.215982326,53,17,140034.31254559997,24,22,5369,10166,275.1276884303162,256.734016898562,11864.114753598838,1,0,1,1,0,Benign,True
2026-03-15 08:37:19.459760075,53,6,21996.30863621545,16,2,1134,3422,583.1703701221267,638.8967211961002,904.6105002671336,0,0,1,1,0,Benign,True
2026-03-15 08:37:20.222316376,8080,17,146029.1219760925,10,5,778,6685,451.1162474093803,202.8362800888712,6697.022156408894,0,0,1,1,0,Benign,True
2026-03-15 08:37:21.617125037,443,17,59117.20338937732,5,6,7180,3712,385.79605529756,233.95807018322714,13940.232838672315,1,0,0,1,0,Benign,True
2026-03-15 08:37:22.999702232,8080,6,75274.67308929854,21,7,3415,10071,419.4308226629352,564.3195117007273,7351.12193973886,0,0,1,1,0,Benign,True
2026-03-15 08:37:23.881921245,8080,6,155638.5912277432,18,29,3748,6312,550.8236483830086,811.4839928981716,13651.171726163062,0,0,0,1,0,Benign,True
2026-03-15 08:37:25.163885425,80,6,186187.47159075973,16,25,7403,7794,290.87490814281716,97.93165074727852,5332.707313377461,1,0,1,1,1,Benign,True
2026-03-15 08:37:26.691372660,80,17,140083.91168872733,24,3,254,9823,86.55159564670831,789.1408870644391,4583.196031064921,0,0,0,1,0,Benign,True
2026-03-15 08:37:27.891028018,8080,6,53591.48597745623,9,18,4854,9218,71.45024774973493,1196.9408672695097,6770.142089006189,0,0,1,1,0,Benign,True
2026-03-15 08:37:29.043664086,8080,6,139048.15751484127,14,2,2609,10353,163.88792035532094,394.0659716040941,10341.625666874077,0,0,0,1,0,Benign,True
2026-03-15 08:37:30.179069006,53,6,81676.82759326081,18,19,7842,9713,47.34135568692584,446.5278448389226,3739.9042896185965,1,0,0,1,0,Benign,True
2026-03-15 08:37:31.061478300,80,6,77891.69193553863,20,22,2357,6535,447.8373829862597,1191.561158623955,9312.65241297923,0,0,1,1,0,Benign,True
2026-03-15 08:37:32.292510044,8080,17,92205.61947221273,7,17,7255,3409,450.18960247434103,801.3848141703681,3582.835580737652,1,0,0,1,0,Benign,True
2026-03-15 08:37:33.628369704,443,6,190986.6931231402,11,18,1723,5471,375.7233975858365,454.6508276455238,10795.109046956,0,0,0,1,0,Benign,True
2026-03-15 08:37:34.836466424,8080,17,70913.0276424698,6,7,452,2166,128.094016848961,1001.943774615344,1514.0527856390686,1,0,0,1,0,Benign,True
2026-03-15 08:37:36.003301691,53,6,140677.2936992666,14,20,2582,7352,500.38541424537937,248.4499076179828,11996.945787437442,0,0,0,1,0,Benign,True
2026-03-15 08:37:37.282002167,80,6,195935.54276643766,22,10,7517,14139,154.88223728769484,188.77225376349745,8028.495351523216,1,0,1,1,0,Benign,True
2026-03-15 08:37:38.344993813,80,6,137395.40371526187,20,6,4980,4171,575.7849868512621,695.4130193041403,5123.357119897622,1,0,1,1,0,Benign,True
2026-03-15 08:37:39.749504494,53,6,84460.17136033134,8,6,4076,12854,412.7315612737492,999.6583783372406,4829.119477887814,1,0,0,1,1,Benign,True
2026-03-15 08:37:40.700129955,80,6,124816.80631682697,23,18,2084,9126,520.9909295560263,617.9865993333693,10663.796381672242,0,0,1,1,1,Benign,True
2026-03-15 08:37:41.898406198,443,6,34928.27726396498,10,1,3259,2085,507.97402117015776,579.4797049062981,4445.160007442661,1,0,0,1,1,Benign,True
2026-03-15 08:37:42.976335577,8080,6,180001.30032512665,8,7,1350,14182,383.421246819381,1103.4961094189273,2764.6535304755075,0,0,1,1,1,Benign,True
2026-03-15 08:37:44.213227326,22,17,123714.79597031893,21,12,2192,4947,331.27145783225393,875.1603601059473,7825.915678854601,0,0,1,1,0,Benign,True
2026-03-15 08:37:45.810312527,80,6,52473.987494005625,21,14,5686,5437,454.31932714729993,94.22481048868366,9107.336555342576,1,0,0,1,0,Benign,True
2026-03-15 08:37:46.767769403,22,6,97866.6455101208,9,28,2558,6341,500.15662828341107,100.4614965469929,12631.11948056974,1,0,0,1,1,Benign,True
2026-03-15 08:37:47.836720671,8080,6,87550.81381149979,15,28,7309,3731,273.42810986842073,626.260951659607,1566.6316646627988,1,0,0,1,0,Benign,True
2026-03-15 08:37:49.355604660,8080,17,35105.01435128193,10,28,3477,11433,282.70708052465716,185.59438039796356,2177.612616562556,1,0,0,1,1,Benign,True
2026-03-15 08:37:50.432388675,53,6,21224.32705172949,20,3,2743,4706,493.8593271851091,884.7329817853665,8852.332541475358,0,0,0,1,0,Benign,True
2026-03-15 08:37:51.312693606,22,6,894.4775374642545,16,7,473,2453,233.4871572829905,1038.5226605549915,14216.544601886939,0,0,1,1,0,Benign,True
2026-03-15 08:37:52.689816874,53,6,129836.86760321265,3,27,2235,765,330.84900872630544,263.94032157234705,6093.212806403617,0,1,0,1,0,Benign,True
2026-03-15 08:37:53.806200846,8080,6,44432.407064039064,12,26,3415,12544,112.04238792388884,730.7478387192776,10477.957762702352,0,0,0,1,0,Benign,True
2026-03-15 08:37:55.293523716,443,6,142104.712748331,15,18,3701,9894,312.12391896493835,815.6107157544943,4020.3376825644377,0,0,0,1,0,Benign,True
2026-03-15 08:37:56.265018624,8080,6,2446.1347110158376,17,12,320,5685,394.9018211947056,1185.6689872005124,12884.217863090109,1,1,0,1,0,Benign,True
2026-03-15 08:37:57.338968067,80,17,169406.7900084204,3,1,7178,3457,538.954919088665,874.3808467979696,6664.253752870706,0,1,1,1,0,Benign,True
2026-03-15 08:37:58.532960993,8080,17,159894.46791911518,4,24,7082,8236,599.9759711168507,500.51914727176415,14136.767749862232,0,0,1,1,1,Benign,True
2026-03-15 08:38:00.049036378,22,17,108171.8945047054,21,15,501,8200,319.83068255574585,671.7511209173788,6231.727549187798,0,0,1,1,0,Benign,True
2026-03-15 08:38:00.913034073,8080,6,108601.12254544062,18,7,3629,4352,254.79786579646625,1063.4124889587215,14125.462135928594,0,0,1,1,0,Benign,True
2026-03-15 08:38:02.609275267,53,6,131087.42453165876,12,25,2539,7059,275.8996338480347,449.49401881715,13851.880286480891,0,0,0,1,0,Benign,True
2026-03-15 08:38:03.393238271,22,6,107156.11954898718,16,3,317,2628,261.88009768312804,570.7264827232163,5711.074276045573,0,0,1,1,0,Benign,True
2026-03-15 08:38:04.863939801,53,6,121124.97998019333,6,18,1393,12092,293.2810090794461,722.865101423969,12955.639398674655,0,0,1,1,0,Benign,True
2026-03-15 08:38:05.966812816,8080,6,59556.68246038974,3,13,4849,7910,512.2543217839007,880.9827256109396,7747.885582751641,1,0,0,1,0,Benign,True
2026-03-15 08:38:07.165710912,443,17,152602.04570000223,9,11,6361,13080,319.0132371402824,155.9167700066585,1989.0998963259967,0,0,1,1,0,Benign,True
2026-03-15 08:38:08.143078285,22,17,38199.22567351534,21,6,7873,11373,209.16919476917369,250.05101385949996,6527.498252871528,0,0,1,1,0,Benign,True
2026-03-15 08:38:09.781651350,80,17,7354.278151735643,7,7,7223,2940,299.4821568584076,699.3858972498899,3885.9556175805023,0,0,1,1,0,Benign,True
2026-03-15 08:38:11.035831490,8080,17,152568.44166830633,8,3,4822,3198,99.57240293001588,331.6008126794841,3470.2887369732,1,0,0,1,0,Benign,True
2026-03-15 08:38:11.706610000,53,17,27341.954635385326,7,17,2855,7909,139.77594254199172,798.1918183893828,14137.378392340193,0,0,1,1,0,Benign,True
2026-03-15 08:38:13.007162505,80,6,101985.54909116712,4,27,7919,2541,305.18881762848633,804.4637565283347,13639.611367893629,0,1,1,1,0,Benign,True
2026-03-15 08:38:14.642342513,22,6,104764.07089966725,18,2,6215,14366,562.3496826321476,998.3908455473703,9601.15150977079,0,0,0,1,0,Benign,True
2026-03-15 08:38:15.629696167,80,6,175289.60559154203,15,20,2969,5953,582.7723957763387,1043.3438864626487,10312.73429961354,0,0,0,1,0,Benign,True
2026-03-15 08:38:16.590023746,443,6,70186.09331145826,18,12,7445,5297,366.3974237311257,128.66876715180618,356.5159761314263,0,0,1,1,0,Benign,True
2026-03-15 08:38:17.821674271,22,17,42643.362710518675,6,19,6375,7393,97.2358038553603,631.9088211880927,13055.443068031125,0,0,1,1,1,Benign,True
2026-03-15 08:38:19.295991746,443,17,113585.12089127146,5,22,2818,14328,439.14778225888307,227.68009904618424,13073.703962019501,0,0,0,1,0,Benign,True
2026-03-15 08:38:20.534890093,22,6,8176.013330578715,6,11,430,14047,254.42928967245578,100.89214393146372,1611.517446507059,0,0,0,1,0,Benign,True
2026-03-15 08:38:21.659656085,443,6,31779.6540067003,17,20,3732,10033,67.83397904986855,315.08239973680924,13791.546489540282,1,0,1,1,0,Benign,True
2026-03-15 08:38:23.071889027,53,6,193260.67990332757,8,18,2301,7124,119.67724936567579,664.599797875634,6034.650271348864,0,0,1,1,1,Benign,True
2026-03-15 08:38:23.996438162,22,17,160486.71721640663,16,2,4502,8672,326.64528525009223,368.42402665243003,7126.842876906045,0,0,1,1,0,Benign,True
2026-03-15 08:38:25.080163147,22,6,84620.41748902097,7,11,2489,6828,335.7329538581648,437.25674826645843,12290.535938591194,1,0,1,1,1,Benign,True
2026-03-15 08:38:26.386339745,443,17,14985.900474291851,6,4,3620,4110,353.8990693768029,574.2183111294356,2933.8892263515613,0,0,1,1,0,Benign,True
2026-03-15 08:38:27.515799776,443,17,13638.444358065557,18,21,1745,3860,408.92630665699477,989.6797069678496,7549.787663291069,0,0,0,1,1,Benign,True
2026-03-15 08:38:28.634649535,22,6,54184.50377116042,11,19,5720,5373,121.25161096041622,925.4732636034691,5076.230061225264,1,0,0,1,0,Benign,True
2026-03-15 08:38:29.727577949,53,6,160994.3919038072,10,4,6390,4877,409.1004485932534,98.17923419519859,932.9123034429938,1,0,1,1,0,Benign,True
2026-03-15 08:38:31.111327496,8080,6,83047.39479614819,14,4,7720,11985,272.3597047837773,1037.5347848685824,3173.419652337473,1,0,0,1,0,Benign,True
2026-03-15 08:38:32.526845608,80,6,183984.925393288,15,28,376,8536,106.18657689744904,580.5154145533584,6324.619414395615,0,0,0,1,0,Benign,True
2026-03-15 08:38:33.311062681,22,6,3120.1844102533296,11,20,307,14590,410.0400303724961,242.8017182584837,13006.753352613865,0,0,0,1,1,Benign,True
2026-03-15 08:38:34.763507107,8080,6,47736.040055845435,17,16,2207,3242,483.36146283907055,965.5046041854301,12032.56345274945,0,0,0,1,1,Benign,True
2026-03-15 08:38:36.086405640,443,17,198541.04866454162,7,25,7689,11174,319.50033142453117,193.17523172282336,9928.785002596422,0,0,0,1,1,Benign,True
2026-03-15 08:38:37.266242465,53,6,194812.6103769292,23,24,1661,4491,65.39641224902694,545.2041383778378,4531.204389762777,0,0,1,1,0,Benign,True
2026-03-15 08:38:38.565989061,443,6,118210.36816890286,19,23,2154,1202,355.27647933212177,178.6277531699318,7062.231194471606,1,0,0,1,0,Benign,True
2026-03-15 08:38:39.786311829,8080,6,195035.03335776023,5,9,1586,12525,509.4456883511232,355.7338222655242,11611.839150845142,1,1,1,1,0,Benign,True
2026-03-15 08:38:40.927023492,22,17,120461.93734829014,8,14,3181,13568,481.15589853864617,265.68066787805276,13588.882238063126,0,0,1,1,0,Benign,True
2026-03-15 08:38:41.761678617,8080,17,195143.44425401176,16,27,4423,12228,137.3286075811955,350.85761480937657,3603.9988601258187,0,1,0,1,0,Benign,True
2026-03-15 08:38:43.185013466,80,17,14634.561346025637,14,26,634,7532,558.3379001350008,788.2663907124662,9805.882409905367,0,0,1,1,0,Benign,True
2026-03-15 08:38:44.462043574,443,6,173493.52021114522,4,28,1139,14949,313.4548080830221,97.33859057142163,3514.754449255229,0,0,0,1,0,Benign,True
2026-03-15 08:38:45.447339623,443,6,194381.98933411442,16,20,535,2753,412.68304699416933,682.7292921453981,7292.962529509342,1,0,1,1,1,Benign,True
2026-03-15 08:38:46.525531090,80,6,116193.18349844395,5,3,6590,5367,63.18305197539676,712.5090083940473,8898.064755696856,1,0,0,1,1,Benign,True
2026-03-15 08:38:47.834154192,80,6,53173.69095849279,18,20,6117,13601,84.41866953278311,680.5726254705019,8151.990073254115,0,0,1,1,0,Benign,True
2026-03-15 08:38:49.172936641,22,17,153952.6471443653,9,19,3998,3906,578.462955747644,1084.2079539875958,14469.200270249781,0,0,0,1,1,Benign,True
2026-03-15 08:38:50.348358191,80,6,102347.70913704812,19,17,3167,12372,45.33618788055564,657.6764756615645,10212.030512966241,1,0,1,1,0,Benign,True
2026-03-15 08:38:51.406000188,8080,17,29350.237511714997,15,10,4629,5294,249.40621147440544,591.040376346511,6601.372658606135,0,0,0,1,0,Benign,True
2026-03-15 08:38:52.994649325,443,17,121480.97918237526,2,11,7026,14497,265.0615049985041,299.25911672229563,2227.7150725645756,1,0,1,1,1,Benign,True
2026-03-15 08:38:54.255412001,443,6,36466.68806506016,13,21,5944,11267,271.8112007532359,763.1679903643762,7319.792524836457,0,0,0,1,0,Benign,True
2026-03-15 08:38:55.020808991,22,6,170514.71535422295,16,7,4977,8601,203.88808582655884,729.6531651882943,1647.3913645628993,0,0,0,1,1,Benign,True
2026-03-15 08:38:56.657743749,8080,6,134392.80219853905,21,14,1432,11037,367.20981519139275,199.73259599727447,13878.245628872224,0,0,1,1,0,Benign,True
2026-03-15 08:38:57.310716575,22,6,161104.28593395962,11,21,2301,4706,547.7473894876757,1178.135684234736,11672.978808679156,1,0,0,1,0,Benign,True
2026-03-15 08:38:59.054977483,8080,6,13414.405245892476,23,21,4938,2404,374.1026766855714,598.8018838456071,13138.308508566082,0,0,1,1,0,Benign,True
2026-03-15 08:39:00.271157274,53,17,181210.56302759238,16,29,5960,10602,173.5074460558664,695.6198050579914,10195.005383147554,1,0,1,1,1,Benign,True
2026-03-15 08:39:00.907231117,443,17,194527.4456703562,7,14,964,10817,278.1520330533465,1018.7902887728592,13636.916553848645,0,0,0,1,0,Benign,True
2026-03-15 08:39:02.557811578,80,6,73370.65685791633,15,25,2272,4387,174.23909339088013,208.45885978560597,3991.3741969301723,1,0,1,1,0,Benign,True
2026-03-15 08:39:03.882120943,80,6,33930.19516053405,23,1,2298,9457,229.1488512352503,453.3855945741674,6175.5066761301005,1,0,0,1,0,Benign,True
2026-03-15 08:39:05.043541331,53,6,29057.824242184837,24,19,2689,10782,569.0004308088693,183.60101600285049,11927.94708943462,1,0,1,1,0,Benign,True
2026-03-15 08:39:06.282426096,53,17,57505.0727940653,5,10,1660,4980,457.96461345934745,812.7361143699698,12315.841825345107,0,0,0,1,0,Benign,True
2026-03-15 08:39:07.230194103,80,17,133942.28820607526,8,5,6148,4811,380.26590300871317,216.33835826946626,11382.875469514236,1,0,0,1,0,Benign,True
2026-03-15 08:39:08.146893683,80,17,99413.6836812516,12,29,4416,1538,372.66913279473357,248.09946659545696,7699.758727434266,0,0,1,1,1,Benign,True
2026-03-15 08:39:09.809873518,8080,6,38295.86715042097,24,6,7946,12018,59.13277652362428,557.3091479266174,3768.3357267478877,1,0,1,1,0,Benign,True
2026-03-15 08:39:10.868296953,443,17,175189.91685868506,22,15,7908,5016,457.8260217958618,1032.6371574578757,6687.108806787883,0,1,0,1,0,Benign,True
2026-03-15 08:39:12.068842046,443,17,188637.0168162727,4,3,7581,13762,427.59575237071624,1009.21136009462,8406.073266941788,0,1,0,1,0,Benign,True
2026-03-15 08:39:13.150352165,53,6,140814.02027956693,11,6,450,4675,423.7428359278323,623.5764379203124,13412.779572973686,1,0,1,1,0,Benign,True
2026-03-15 08:39:14.443105185,443,17,88256.31301576522,11,26,7194,9098,72.2758632098543,1023.4926379148668,9214.068848987083,0,0,1,1,0,Benign,True
2026-03-15 08:39:15.392147867,22,6,113349.84968661849,22,18,922,7315,310.1114448198243,1089.0158077842843,6265.861073702931,0,0,1,1,0,Benign,True
2026-03-15 08:39:16.943862015,443,6,116760.85543079452,7,26,6934,6733,396.6187762390506,833.8398741885746,11121.225513873587,0,0,0,1,0,Benign,True
2026-03-15 08:39:17.745010384,53,6,81858.98544878323,7,1,5358,11181,367.22963273381924,216.84093136629343,3993.4888545573967,0,0,1,1,0,Benign,True
2026-03-15 08:39:19.337868460,53,6,122831.06851941493,3,2,3066,4986,568.4394480041487,1044.7405490332444,2837.3688341382385,0,0,0,1,1,Benign,True
2026-03-15 08:39:20.609387053,443,17,82624.94725655095,15,2,3830,8155,145.6921446671372,551.4266267533208,13799.145079395073,0,0,0,1,0,Benign,True
2026-03-15 08:39:21.583481206,53,17,154239.1994967696,17,15,7063,9189,175.1290665942738,207.05290479653948,822.9061065039144,1,0,1,1,1,Benign,True
2026-03-15 08:39:22.805898219,22,17,57024.49383122633,4,16,3830,6572,278.5273149080183,307.50037515590077,13349.303873568768,0,0,0,1,0,Benign,True
2026-03-15 08:39:23.887328563,53,17,106120.57848038555,22,8,7451,8349,540.832417321792,907.9521901038632,8691.592634305593,0,0,1,1,0,Benign,True
2026-03-15 08:39:25.481675150,8080,6,46835.14963975029,2,12,6622,2038,269.470993597586,592.302998844028,12880.80410575341,0,0,1,1,0,Benign,True
2026-03-15 08:39:26.539874684,22,6,170339.46104225758,8,5,4028,3473,160.40371259369016,828.2325120079523,1286.2648396607071,0,0,0,1,0,Benign,True
2026-03-15 08:39:27.521393131,80,6,64487.021779457435,17,4,3245,1715,582.7677069970971,831.6845685218432,5702.269164727611,1,0,0,1,0,Benign,True
2026-03-15 08:39:28.604884431,8080,6,128693.9710927213,11,16,1974,7310,488.93252819526504,531.1139970271208,3218.3040934754604,0,0,0,1,0,Benign,True
2026-03-15 08:39:29.831747755,8080,6,156799.71057764022,17,9,5922,3534,398.6928156287769,859.2085717053747,6259.116330701749,0,0,0,1,1,Benign,True
2026-03-15 08:39:31.178353371,80,17,4168.982799295391,15,17,2704,12682,357.61030841456034,152.4908545271554,6832.287566694407,0,0,1,1,0,Benign,True
2026-03-15 08:39:32.665541040,8080,6,100317.66430914134,19,25,772,1998,348.2343870050198,95.10058625005335,1490.722411693178,0,0,0,1,1,Benign,True
2026-03-15 08:39:33.740487807,8080,6,44764.20944293006,21,13,2801,10575,252.35042046422424,638.5362012528141,12157.858246031847,0,0,0,1,0,Benign,True
2026-03-15 08:39:34.629146248,8080,6,121616.15763182231,10,18,2825,10912,512.6603737619091,321.7416221285155,1658.000944772833,0,0,1,1,0,Benign,True
2026-03-15 08:39:36.215736680,22,6,180085.08786837134,22,25,4380,3982,191.4468012270859,584.2883301600968,6222.695538006613,0,0,0,1,0,Benign,True
2026-03-15 08:39:37.126920313,53,6,89809.83093050234,17,10,4889,3615,73.1193336425163,633.4451947382096,5694.119254249691,0,0,1,1,0,Benign,True
2026-03-15 08:39:38.611033309,53,6,34196.10213729203,13,16,4213,8709,293.3241807406438,1166.563682859233,5397.409982718804,0,0,1,1,0,Benign,True
2026-03-15 08:39:39.445019758,443,6,12823.518828892993,10,22,7840,4546,179.94814820553825,265.12634817051014,2104.2759788813473,0,0,1,1,0,Benign,True
2026-03-15 08:39:40.871196367,22,17,154040.99022016372,17,7,7844,13807,249.76987608573623,1169.4193402405708,14138.072950579795,1,0,1,1,1,Benign,True
2026-03-15 08:39:42.256002292,53,6,43088.32083482571,17,29,2247,12662,71.39012308177749,188.21013024701838,13243.55086338883,0,0,0,1,0,Benign,True
2026-03-15 08:39:43.054736405,22,6,100688.66068113552,24,5,486,1555,159.1125370595778,1126.2103136362864,6345.334869271688,1,0,0,1,0,Benign,True
2026-03-15 08:39:44.515755954,443,6,2509.2507829987917,3,25,2064,6315,208.7330035372176,525.462695473938,5417.950609133698,0,0,0,1,0,Benign,True
2026-03-15 08:39:45.892387571,443,6,178529.41833782045,23,27,4996,1557,250.07114694170536,160.28611463296028,810.0193275364788,1,0,1,1,0,Benign,True
2026-03-15 08:39:46.590358972,22,17,105965.35705069352,19,18,2103,6882,509.29919607490865,794.1693009567932,5534.614621384345,1,0,1,1,0,Benign,True
2026-03-15 08:39:47.753041374,443,6,20686.063551339885,11,13,5093,6894,395.18750288496324,675.4900810993236,719.767360917311,0,0,0,1,0,Benign,True
2026-03-15 08:39:49.304517115,443,17,60908.24036014041,19,20,1681,13327,361.4439564227353,676.3356514402902,7107.6899813505,0,0,0,1,0,Benign,True
2026-03-15 08:39:50.303841568,53,17,15398.63609810641,2,24,515,8378,111.21704843446355,157.1326124010987,2299.0491431003716,0,0,1,1,0,Benign,True
2026-03-15 08:39:51.342746686,443,17,75297.19440108817,21,13,6957,2751,248.88665161617735,443.9007366894348,7457.744439387604,0,0,0,1,0,Benign,True
2026-03-15 08:39:52.785183370,8080,6,131607.26181093763,17,6,7318,1532,81.28505517550957,874.3985823990511,2517.856843461512,0,0,0,1,0,Benign,True
2026-03-15 08:39:54.152262407,53,6,119111.3542866333,18,5,5056,1779,250.68903636559506,976.7660305241873,11781.682223366033,0,0,0,1,0,Benign,True
2026-03-15 08:39:55.071073440,53,17,172099.93321023253,2,11,4045,12870,336.33710670647133,354.48924893774,6467.703427102527,0,0,1,1,1,Benign,True
2026-03-15 08:39:56.301028126,80,17,132446.3366394641,11,26,1373,4765,487.6928987704755,1131.8457497301663,9693.765523015874,0,0,1,1,1,Benign,True
2026-03-15 08:39:57.807419640,443,17,47097.202705308,9,29,3463,10694,321.5710817126193,650.8514298264076,9174.486511932319,0,0,0,1,0,Benign,True
2026-03-15 08:39:58.812043147,8080,6,96042.126830588,3,9,1119,6923,404.05128051528163,198.74129580867893,7901.811367661266,0,0,1,1,1,Benign,True
2026-03-15 08:40:00.205639181,443,6,68690.57692714372,20,8,1244,8146,535.3981570179955,1066.9310510338091,14840.149098935324,0,0,1,1,0,Benign,True
2026-03-15 08:40:01.167833695,22,6,162539.05225815772,20,17,7593,5941,407.48715642716536,1103.1201604416722,2453.66879432511,0,0,1,1,0,Benign,True
2026-03-15 08:40:02.671785096,443,6,87026.45760811213,3,29,7137,1301,253.36313349957055,467.6155329552955,5504.953194590692,0,0,0,1,0,Benign,True
2026-03-15 08:40:03.690476753,443,6,174829.90389534488,18,6,407,2018,268.32660036975744,1170.687953000771,10526.965894729323,0,0,0,1,1,Benign,True
2026-03-15 08:40:04.569539319,80,6,162182.40976217308,18,4,5311,5556,201.2708700367804,86.20049322388094,14543.740551992301,1,0,1,1,0,Benign,True
2026-03-15 08:40:06.231055792,443,17,27491.011255094618,19,26,7610,2575,78.1507141357558,271.52344116876134,6284.431611122739,0,0,1,1,1,Benign,True
2026-03-15 08:40:07.193559114,53,17,163674.93595565128,23,7,7105,10650,507.06348061542354,727.9546028857657,670.0528783684401,1,0,1,1,0,Benign,True
2026-03-15 08:40:08.184983380,80,6,5165.007334331005,5,26,3744,2383,504.6291158038048,844.5052718481817,1136.6336502430897,0,1,1,1,0,Benign,True
2026-03-15 08:40:09.391614080,8080,17,151356.8075412819,5,27,1411,2961,258.5859898251572,1162.2539424008103,4693.072098125808,1,0,1,1,0,Benign,True
2026-03-15 08:40:10.912520361,80,6,143453.1607578025,21,4,5277,6191,40.31156482998705,334.7364318263807,14572.75882167777,0,0,0,1,1,Benign,True
2026-03-15 08:40:11.728423504,22,6,23692.055571050318,17,19,7026,12232,152.5861497445106,1131.7865814963413,13227.518532504166,0,0,0,1,0,Benign,True
2026-03-15 08:40:13.071956258,22,6,174932.29759836805,6,6,3432,8356,339.05914156712305,573.4540451377999,10749.175981110084,0,0,0,1,1,Benign,True
2026-03-15 08:40:14.183872554,80,6,194592.88406742905,12,23,6879,14811,210.25272388012243,776.7749897426069,9666.101396578997,0,0,0,1,0,Benign,True
2026-03-15 08:40:15.564646457,8080,6,145635.4510007611,7,4,4005,4661,332.14297401003074,574.2714141063743,176.32813783982712,1,0,1,1,0,Benign,True
2026-03-15 08:40:16.748612263,443,6,102593.11606824426,18,7,755,6783,173.41053995319936,1081.3381802801857,10013.986762953165,1,0,0,1,0,Benign,True
2026-03-15 08:40:18.013125860,80,17,180321.97331463223,4,9,3229,3119,326.51369879889353,980.0789805091704,7704.185663889712,0,0,0,1,0,Benign,True
2026-03-15 08:40:19.067781797,80,6,89591.77952312048,6,26,198,6802,386.8366897583495,383.9530856611826,809.7015680172082,0,0,1,1,1,Benign,True
2026-03-15 08:40:20.119226153,443,6,81768.1370930412,17,17,737,11931,306.1860190426706,1194.4901353416778,9598.982633791255,0,0,0,1,1,Benign,True
2026-03-15 08:40:21.668631663,80,6,125248.98369847724,17,21,902,10255,214.6184581134303,494.5462138519866,1538.2144851072535,1,0,0,1,1,Benign,True
2026-03-15 08:40:22.724230801,8080,6,19910.206655619695,8,29,4206,267,511.74718421333813,696.4514040945835,14363.525566272107,0,0,1,1,0,Benign,True
2026-03-15 08:40:24.090800999,53,6,136686.3046147658,16,3,525,7228,141.50381889408817,261.5371049217514,12659.309562327242,0,0,0,1,1,Benign,True
2026-03-15 08:40:24.965200182,80,17,17117.572570106237,8,24,7150,2132,484.2803337700389,459.47602324330796,11663.858715373548,0,0,0,1,0,Benign,True
2026-03-15 08:40:26.108266413,443,6,131948.24398195383,7,2,1341,919,562.6038749589247,113.8985891393706,1289.885338357993,1,0,1,1,0,Benign,True
2026-03-15 08:40:27.448976548,8080,6,60292.00785938111,20,29,1671,12750,536.7944885903659,1034.5662990947567,14000.002143973701,0,0,0,1,0,Benign,True
2026-03-15 08:40:28.773928393,443,6,87965.95661917477,7,1,4118,11860,241.33054768124686,456.88696387152197,10152.588787438042,0,0,1,1,0,Benign,True
2026-03-15 08:40:29.936443184,80,17,100672.85563867028,19,14,606,1295,540.9096987108135,164.23630656118848,14648.994572611495,0,0,0,1,1,Benign,True
2026-03-15 08:40:31.386181533,443,6,4879.159158083887,2,17,4885,5258,47.92883550139146,1163.2487468782392,9529.651664737914,0,0,0,1,1,Benign,True
2026-03-15 08:40:32.326702586,80,17,74497.74561858272,19,7,291,14716,83.74250327588874,880.6736102600161,7222.615689855086,1,0,1,1,1,Benign,True
2026-03-15 08:40:33.618264707,443,17,192751.68142698682,7,21,3557,11115,511.76053443597186,414.3719159953604,2763.897510066377,0,0,0,1,0,Benign,True
2026-03-15 08:40:34.856109355,22,6,161200.203221048,20,4,825,6698,48.99514353645377,197.72010554772348,5039.458573785387,1,0,0,1,0,Benign,True
2026-03-15 08:40:35.713098834,80,6,58059.49042887959,13,14,2519,11421,243.05003583899895,251.80898670589022,9679.549227607533,1,0,0,1,1,Benign,True
2026-03-15 08:40:37.209080026,80,6,146090.15941584433,12,26,4539,10041,455.7769596903682,501.1195474036334,14078.707027407965,1,0,1,1,0,Benign,True
2026-03-15 08:40:38.306898755,8080,6,125634.59623231755,4,13,3732,14289,403.4123123821151,345.396796892459,4860.864306286001,0,0,1,1,0,Benign,True
2026-03-15 08:40:39.552768076,53,6,184547.76543328995,4,21,6468,5059,272.2354426574735,1061.8139046909864,6621.529987631191,0,0,0,1,0,Benign,True
2026-03-15 08:40:40.560172439,8080,6,122952.99240868473,24,11,7107,9562,572.3746365976359,1055.3296399091519,13507.502470303174,0,0,0,1,0,Benign,True
2026-03-15 08:40:42.169692339,22,6,198773.07187257794,15,25,6230,12498,330.574365125498,575.2322765351123,9640.715728638294,0,0,1,1,0,Benign,True
2026-03-15 08:40:43.465442550,80,6,157705.98967827566,15,1,6724,3511,496.1074536010785,267.5892434789929,5973.770381564516,0,0,1,1,0,Benign,True
2026-03-15 08:40:44.113361292,443,6,175565.46424850536,22,28,7313,4164,136.8578167055412,628.7971391987842,13524.949301104429,0,0,1,1,0,Benign,True
2026-03-15 08:40:45.660823657,22,6,73768.08202521387,24,21,2292,2279,385.52743999686254,245.48234707643704,2551.3492367859258,0,0,1,1,0,Benign,True
2026-03-15 08:40:46.958306440,443,6,191532.64110834475,20,22,4032,9713,44.588867806900694,571.1889555468385,4093.937352754247,0,1,0,1,0,Benign,True
2026-03-15 08:40:47.870884553,443,6,156124.1688602934,24,9,1236,7788,266.906540921854,782.113325759069,10062.319512701515,1,0,1,1,0,Benign,True
2026-03-15 08:40:49.372533350,53,17,165859.81314359794,20,14,1452,7455,218.49185965159646,112.91108443650468,2984.6561560168398,1,0,1,1,0,Benign,True
2026-03-15 08:40:50.479413030,80,6,143921.44200501827,22,7,3809,13578,278.8549940811034,169.2337500515735,8986.999167726843,0,0,1,1,0,Benign,True
2026-03-15 08:40:51.857497579,22,17,28002.972691610055,4,11,2202,2357,359.02824979951987,952.7322257558526,9906.261364972383,0,0,0,1,0,Benign,True
2026-03-15 08:40:53.088602886,80,6,132027.61127680552,9,9,3121,4067,310.76760069806147,389.6683253793017,11028.982044920069,0,0,0,1,0,Benign,True
2026-03-15 08:40:53.725407668,80,17,189115.3771996974,5,16,4799,11574,534.3552398015086,425.14812192270267,8249.063605643822,0,0,0,1,1,Benign,True
2026-03-15 08:40:55.166962656,22,6,17129.92771746637,22,18,3787,5613,550.6545520949392,327.88554406288523,10723.403992345171,0,0,0,1,0,Benign,True
2026-03-15 08:40:56.428192672,80,17,163468.43639516394,23,23,4492,14884,419.1986741887352,786.6788931409758,9062.885192453614,0,0,1,1,0,Benign,True
2026-03-15 08:40:57.388045939,53,17,169479.66283203178,15,10,2562,8902,229.014908480321,590.6225504367976,14300.156940308201,0,0,1,1,0,Benign,True
2026-03-15 08:40:58.701771498,22,17,191626.95943149747,22,17,2729,14494,525.3769889046905,737.8742166189288,7122.976040057708,0,0,0,1,1,Benign,True
2026-03-15 08:41:00.292588468,443,6,192454.62880440045,24,8,299,12416,152.07342473585476,761.4240181711116,14192.969935909172,1,0,0,1,0,Benign,True
2026-03-15 08:41:00.909738273,53,17,110993.93901251098,2,9,1269,12169,300.07482146590826,858.4546198414603,13102.741379570616,0,0,1,1,1,Benign,True
2026-03-15 08:41:02.371504758,80,17,87326.1526494221,17,5,2391,2099,367.81315535894527,440.8601197425878,10052.360944307535,0,0,1,1,0,Benign,True
2026-03-15 08:41:03.805592773,80,17,47453.16425464557,23,10,5964,7383,494.97323367838504,801.2507686229154,2275.3746217019952,0,0,0,1,0,Benign,True
2026-03-15 08:41:04.694340757,22,17,147821.13914129604,19,16,2878,7679,479.9221892312713,173.27634201958114,6960.972241011736,1,0,0,1,0,Benign,True
2026-03-15 08:41:05.987879101,80,6,92809.92219128791,18,13,5617,6408,312.1783149085946,455.17531997388164,3920.575322859793,0,0,0,1,0,Benign,True
2026-03-15 08:41:07.486827447,53,6,123226.30867681162,24,13,5916,8468,465.851334055989,640.1499727691487,13011.71551455351,1,0,1,1,0,Benign,True
2026-03-15 08:41:08.384926101,80,6,94736.03276953811,18,11,4650,12040,52.30420422197117,676.2791301526868,1200.0636382502291,0,0,1,1,1,Benign,True
2026-03-15 08:41:09.378552787,53,6,189050.90082988652,17,9,4368,10372,526.1151983380738,930.6124666485347,11571.890679665134,0,0,1,1,0,Benign,True
2026-03-15 08:41:10.531032894,8080,6,37500.654971899814,19,8,881,7497,154.27632352303527,542.7756145253063,2292.4012157743005,0,0,1,1,0,Benign,True
2026-03-15 08:41:12.267249943,443,17,4027.2873205251267,8,4,176,14303,332.05358436067706,163.53714306315564,11995.772438462094,0,0,1,1,0,Benign,True
2026-03-15 08:41:13.059485647,80,6,113806.154045663,20,20,7400,8470,562.3597598062994,463.5300516072807,6208.246216377227,1,0,1,1,0,Benign,True
2026-03-15 08:41:14.402438343,443,6,81513.83963867373,16,4,1152,2818,197.6320370105817,833.0110417055927,10071.038589083506,1,0,0,1,0,Benign,True
2026-03-15 08:41:15.354421059,53,6,24352.834395190388,23,15,7909,9923,215.72033012587397,801.5040639124657,4058.5081280213217,0,0,0,1,0,Benign,True
2026-03-15 08:41:16.754193072,53,6,79782.85890715617,5,6,3714,9061,382.59304267495304,774.5090718808553,14112.12019544988,0,0,1,1,0,Benign,True
2026-03-15 08:41:18.258063311,8080,6,189681.94217466703,24,28,7717,1192,363.43714563579573,1015.5159078242309,4774.152601291948,0,0,0,1,1,Benign,True
2026-03-15 08:41:19.201447796,22,6,24703.518175066794,3,10,4770,2327,393.4526025226376,880.2137478807674,6277.978592975496,1,0,0,1,1,Benign,True
2026-03-15 08:41:20.682681091,80,17,57374.5579084501,24,19,7639,3861,309.29060219737437,1014.3983460523863,4118.029088163389,0,0,1,1,0,Benign,True
2026-03-15 08:41:21.455301382,8080,6,156554.9551091631,4,11,6538,7709,451.25250216004247,331.0798010956257,6309.314098056373,0,0,0,1,0,Benign,True
2026-03-15 08:41:22.802727143,8080,6,194905.6457960978,12,21,558,6751,266.2162219004971,725.3115518993517,6533.283651625124,0,0,1,1,0,Benign,True
2026-03-15 08:41:24.215718475,8080,17,72882.94841469207,7,23,2068,3176,397.6799740437159,387.10274373303486,14878.286025136447,0,0,1,1,0,Benign,True
2026-03-15 08:41:25.168951412,8080,6,47075.97311079966,3,24,2956,2042,274.0997466031556,991.7477577847112,12041.467877063333,0,0,0,1,1,Benign,True
2026-03-15 08:41:26.267692424,8080,6,13064.759598123264,20,7,7535,9558,226.0840852553593,1018.2646469979068,6152.665531708053,0,0,1,1,0,Benign,True
2026-03-15 08:41:27.813285218,443,17,126654.57281539628,20,25,2753,13861,263.9583594310651,897.7365253523677,5922.71885399737,0,0,0,1,0,Benign,True
2026-03-15 08:41:28.733933681,80,17,171852.43945219493,8,23,1746,9817,521.231734818753,588.704925209564,10895.281940052228,0,0,1,1,0,Benign,True
2026-03-15 08:41:30.018433974,22,6,179788.66076514788,18,22,6363,6498,69.89215105256098,1058.7377379437953,14771.177821442261,0,0,1,1,0,Benign,True
2026-03-15 08:41:31.485916239,8080,6,109938.33051224888,17,11,5504,1025,72.695316719056,812.9029041701631,177.73158865978974,0,0,0,1,1,Benign,True
2026-03-15 08:41:32.211889976,53,17,71802.54775536482,20,23,5004,12973,452.23231673754384,1160.3412596334338,10469.16964158823,1,0,0,1,0,Benign,True
2026-03-15 08:41:33.480840382,8080,6,154493.84650012717,16,20,5076,2902,127.17468100430463,428.970727931716,8461.757328818743,0,0,0,1,0,Benign,True
2026-03-15 08:41:34.518641760,8080,6,39150.93989549678,17,17,6029,3884,132.92724996732647,897.8955356830993,5886.754660707816,0,0,1,1,0,Benign,True
2026-03-15 08:41:35.935102625,443,17,110696.68511050864,18,7,7429,13547,359.8267587299073,109.08794565345485,11303.587220447931,0,0,1,1,0,Benign,True
2026-03-15 08:41:37.020110058,22,6,159955.1334794803,7,3,902,10320,334.6163650287999,732.5054871211233,13351.363591496316,0,0,0,1,1,Benign,True
2026-03-15 08:41:38.508020961,53,17,158042.2941218718,17,8,6533,8466,45.265350273704,1187.4715214140147,7958.659323886597,0,0,1,1,1,Benign,True
2026-03-15 08:41:39.408792875,80,6,74656.95670005788,7,21,4908,531,543.3928307195115,351.9431711084906,2944.5404702612414,0,0,0,1,0,Benign,True
2026-03-15 08:41:40.904887651,80,6,43147.50530801894,17,6,3273,10446,360.632744160143,272.4919917169084,12134.270113689094,0,0,0,1,0,Benign,True
2026-03-15 08:41:41.858085256,53,17,2041.256624594992,23,14,1675,5330,127.7779359588946,807.7532126271113,9657.328078020792,0,0,0,1,1,Benign,True
2026-03-15 08:41:43.113130700,22,6,193104.84550607347,9,14,3721,10984,568.8000401070396,899.2400491459773,8262.879513533022,0,1,0,1,0,Benign,True
2026-03-15 08:41:44.309316391,443,6,196947.52689885115,6,3,3142,1852,283.80739113588174,252.9377663406127,10303.969393555351,0,0,1,1,0,Benign,True
2026-03-15 08:41:45.730051050,80,6,116429.25141674801,4,6,4900,562,67.78794283455609,670.1268172083296,7753.788038441778,0,0,0,1,1,Benign,True
2026-03-15 08:41:46.779905557,443,17,199882.0129112518,21,21,1626,9513,230.27875747214728,1049.295537289114,13659.91802312411,1,0,0,1,0,Benign,True
2026-03-15 08:41:47.916779339,8080,6,99331.7811774418,2,7,3032,14139,452.0370037328233,775.9766665162432,1213.604285073356,0,0,1,1,0,Benign,True
2026-03-15 08:41:49.411573631,8080,6,22986.07840239414,16,26,7728,8704,505.76636881771753,782.7987123848767,11555.673789866118,1,0,1,1,0,Benign,True
2026-03-15 08:41:50.443170375,443,17,106843.67593351039,9,12,7072,5660,209.14688375760048,844.8743959924515,124.68676812605658,0,0,0,1,0,Benign,True
2026-03-15 08:41:51.428298492,8080,17,5114.9788781562565,23,5,1546,1707,314.2484324899169,1086.0049773436047,1361.1614254023038,1,0,0,1,0,Benign,True
2026-03-15 08:41:53.040054766,53,17,145157.52107622664,20,3,2539,9948,134.49482558458192,778.0590519118501,1446.5548155358697,0,0,1,1,0,Benign,True
2026-03-15 08:41:53.905590177,80,6,92947.62607363325,22,25,6041,7137,267.80562582957907,200.74491191768863,10447.518831699967,0,0,1,1,1,Benign,True
2026-03-15 08:41:54.923387626,443,6,36891.20578784675,9,17,7422,3480,583.7473441203014,626.529502104847,14437.426013234353,0,0,0,1,0,Benign,True
2026-03-15 08:41:56.396760134,8080,17,31117.69416905525,7,2,2821,14232,580.6056234718485,1076.5949961316592,14834.324984961379,1,0,0,1,0,Benign,True
2026-03-15 08:41:57.374362832,53,6,143535.9992430472,13,10,4560,2129,199.50751476355205,912.9247458172724,8028.217184136423,0,0,0,1,0,Benign,True
2026-03-15 08:41:58.643079866,443,6,91864.05779314457,10,28,2787,7380,578.6207794925695,1026.3644963322895,13374.81769107832,1,0,1,1,0,Benign,True
2026-03-15 08:42:00.148266523,53,17,7315.284734827559,6,10,6002,8730,366.00351354306065,217.23233224047098,1091.5462986584052,0,0,0,1,1,Benign,True
2026-03-15 08:42:00.978451088,80,17,93414.93217042706,17,5,4425,4873,53.28976779184881,100.2961354102772,10720.923936463156,0,0,1,1,0,Benign,True
2026-03-15 08:42:02.584166534,8080,6,58864.88148783809,11,12,6670,5290,115.7722493109418,289.95367000427945,4519.028193476571,0,0,1,1,0,Benign,True
2026-03-15 08:42:03.862144372,53,6,5278.42409901643,24,11,5994,10191,579.3142783002799,903.816062892925,1858.1480386754336,1,0,0,1,1,Benign,True
2026-03-15 08:42:04.863919260,80,6,92098.36300143844,20,3,1725,7704,307.36793707380156,1162.870594538842,2384.6843342675647,0,0,1,1,0,Benign,True
2026-03-15 08:42:06.126215515,8080,6,146803.53684655862,14,17,2129,4922,386.50529421875933,681.576450594843,11985.07441790237,0,0,0,1,0,Benign,True
2026-03-15 08:42:07.328151965,53,6,158575.5710133622,15,5,7685,12867,448.15263741353476,768.4429736582036,6511.1380685294735,0,0,0,1,1,Benign,True
2026-03-15 08:42:08.695684774,53,6,20531.983310566506,21,16,4595,14308,96.02400622515049,1167.1535312588526,14815.841220932307,0,0,0,1,0,Benign,True
2026-03-15 08:42:09.504922957,443,6,188503.5177451462,20,19,1365,10126,320.9663554225977,493.5458479510963,8145.345387623817,1,0,0,1,0,Benign,True
2026-03-15 08:42:10.597713930,53,17,188052.99526608517,20,28,7662,1563,348.4966336706137,969.0250199903046,7022.219348215679,0,1,0,1,0,Benign,True
2026-03-15 08:42:12.011500340,53,17,170255.43328410352,8,4,5774,11226,103.77759637091384,1029.796346472201,4541.828528542613,0,0,1,1,0,Benign,True
2026-03-15 08:42:13.219949885,8080,6,101431.36856843838,18,12,6901,10522,344.5791465704192,1061.0067543525201,839.6651670538708,0,0,0,1,0,Benign,True
2026-03-15 08:42:14.206747492,80,17,56883.100057904165,2,4,4147,13307,285.50109185556016,1157.4943343496798,3071.8446678285686,0,0,1,1,0,Benign,True
2026-03-15 08:42:15.667865651,8080,6,143462.99587664322,20,17,4911,8078,242.98333210291952,83.96970858924513,13735.344112207567,1,0,0,1,0,Benign,True
2026-03-15 08:42:16.508474840,80,6,131014.87173099721,13,1,198,8839,132.78405525448886,423.5474538745037,14212.543421370527,1,0,1,1,0,Benign,True
2026-03-15 08:42:18.256601041,22,17,31454.603307390855,23,8,5955,10693,338.15387230501415,545.6908249789176,11760.56851491667,0,0,0,1,0,Benign,True
2026-03-15 08:42:19.058744566,53,6,171297.39706493358,24,20,6358,11712,365.4294789218559,1087.3106604060024,8889.094476998325,0,0,1,1,0,Benign,True
2026-03-15 08:42:20.123736125,8080,6,196609.06263135365,8,12,5539,5242,135.25196005089492,601.9008252970766,9844.875085532387,0,0,1,1,0,Benign,True
2026-03-15 08:42:21.364949664,80,17,160728.35244432115,6,1,2332,1039,277.9712477437122,838.0172150690538,11310.900650615342,0,0,1,1,1,Benign,True
2026-03-15 08:42:22.644149368,80,6,138327.1221794856,23,3,1707,6422,537.8169559193138,243.22086377719918,4718.395374907169,0,0,0,1,1,Benign,True
2026-03-15 08:42:23.864343701,443,17,177902.49520884827,21,14,6237,866,578.2485297984168,1114.7121571327243,7745.623147336134,0,0,0,1,0,Benign,True
2026-03-15 08:42:24.919685999,22,17,188504.91564161994,17,7,815,1501,171.73737446461593,115.75921204946762,2574.7354154860254,0,0,1,1,0,Benign,True
2026-03-15 08:42:26.267612887,8080,6,27587.759081192515,18,8,594,5969,432.4765612849201,259.47823648335213,10231.879262049843,0,0,0,1,0,Benign,True
2026-03-15 08:42:27.415765041,22,6,109199.97289772055,13,4,4629,1571,173.98125375120776,598.692919614005,12720.168458236602,1,0,0,1,0,Benign,True
2026-03-15 08:42:28.727172556,80,6,161477.0649711879,13,6,3051,8515,373.0503920306438,774.4700284305934,7105.253992081414,0,0,1,1,0,Benign,True
2026-03-15 08:42:29.931100642,53,6,188973.4660909314,6,17,1616,7442,107.66916506686894,918.7245960849314,13681.216109390843,1,0,1,1,0,Benign,True
2026-03-15 08:42:31.103404644,443,6,50053.75936597744,7,10,5008,2624,580.0630657458332,361.4888697177324,13182.746260911203,0,0,0,1,0,Benign,True
2026-03-15 08:42:32.296754330,53,6,8392.886203917162,11,12,2673,7513,384.41867916807666,801.7035413101295,12475.325164337724,0,0,0,1,1,Benign,True
2026-03-15 08:42:33.353838766,53,6,157280.02213343256,7,21,4758,8250,50.2494169094591,952.3765648296418,10789.87933136458,0,0,0,1,0,Benign,True
2026-03-15 08:42:34.515122968,443,17,62417.36962888007,20,11,6720,14706,297.6551078871703,490.20790506668925,7103.342366901516,1,0,1,1,0,Benign,True
2026-03-15 08:42:35.821268580,80,6,155928.97661830884,9,8,5296,4967,330.3833416939288,294.635681545087,10440.505364601559,0,0,0,1,0,Benign,True
2026-03-15 08:42:37.353989656,443,17,147193.68335982476,12,21,4677,8164,256.7516464230665,1073.9309563298434,13272.841881074917,0,0,1,1,0,Benign,True
2026-03-15 08:42:38.694485859,22,17,30801.23778849395,13,22,6503,9880,588.2910817872602,215.62104253756667,7701.2005016337225,1,0,1,1,0,Benign,True
2026-03-15 08:42:39.857115705,8080,6,196277.88613457888,9,29,536,9281,505.88374474534965,146.6783127789171,3906.3602089508977,0,0,1,1,0,Benign,True
2026-03-15 08:42:40.802531613,22,6,110292.07260473885,20,19,3742,13890,326.60838464479264,791.3615421279835,12059.291609241925,0,0,1,1,1,Benign,True
2026-03-15 08:42:42.019094313,8080,6,169626.0691375433,12,18,1553,383,306.6734400665619,300.01038786932554,2340.4587651256015,0,0,1,1,0,Benign,True
2026-03-15 08:42:43.088748941,443,6,177370.2951285029,10,15,7469,3918,201.40574603915587,1101.8050539721835,12305.117114131644,0,0,0,1,0,Benign,True
2026-03-15 08:42:44.564363663,8080,6,53743.47457730961,19,7,6991,6971,412.93593666631733,639.9475648827947,3989.3992888581147,0,1,0,1,0,Benign,True
2026-03-15 08:42:45.758854012,443,6,175160.69971378168,7,10,7668,3542,234.48272552626185,164.608777078017,9304.522915747226,0,0,0,1,0,Benign,True
2026-03-15 08:42:47.006563414,443,6,18212.146340387055,21,23,4223,12492,138.67553202587675,1111.812223860528,9351.675806893603,0,0,0,1,0,Benign,True
2026-03-15 08:42:48.237302746,53,6,183770.75332815142,19,6,3526,1611,113.52548155676196,1126.463541641841,3541.08163059144,1,0,0,1,0,Benign,True
2026-03-15 08:42:49.160609548,443,6,70066.64651442174,14,27,6451,8267,105.95091217120014,772.8784647533413,5895.308084512121,0,0,1,1,0,Benign,True
2026-03-15 08:42:50.560125340,80,6,80823.03792125372,11,24,3686,8735,178.50381368423368,1186.047317093332,13927.416454192353,0,1,1,1,0,Benign,True
2026-03-15 08:42:51.783839237,80,6,192093.66164711153,18,19,1120,11867,226.21772702761874,712.4462381657631,11000.094242157953,0,0,1,1,1,Benign,True
2026-03-15 08:42:52.685075773,53,6,89361.44883827641,5,28,454,12870,175.61084031112281,1120.6045153669475,9312.013546891701,0,0,0,1,0,Benign,True
2026-03-15 08:42:54.257545346,8080,17,116769.62938964674,4,26,7664,3496,465.6270960262371,102.89081927939583,5364.767090645093,0,0,1,1,0,Benign,True
2026-03-15 08:42:54.956604901,8080,6,55491.70554482288,3,17,7396,7318,231.8992814574256,343.6512356056751,1793.4897125460755,1,0,1,1,0,Benign,True
2026-03-15 08:42:56.696561507,53,6,26482.405837140217,22,5,5605,4243,147.09140928188637,1173.4842694728438,12141.312084776282,0,0,1,1,0,Benign,True
2026-03-15 08:42:57.762054430,8080,17,17642.99499294251,10,3,7364,9078,447.1295447770718,1109.7421068348212,4710.616158523653,0,0,1,1,0,Benign,True
2026-03-15 08:42:58.555962543,53,17,14504.149232795213,17,21,1165,11100,101.32435732854981,965.9783972597862,5248.830898664589,0,0,1,1,0,Benign,True
2026-03-15 08:43:00.093737788,8080,6,83877.27094414741,8,19,3145,14042,314.2280522317987,579.0235749567171,1626.78669521537,0,0,1,1,0,Benign,True
2026-03-15 08:43:00.920507646,443,6,17976.838766751494,17,11,1663,2869,91.56912012725644,941.7293281802085,2050.955657825446,0,0,0,1,1,Benign,True
2026-03-15 08:43:02.562112169,443,6,40626.399398886395,11,12,4060,10552,300.98163809113373,83.18330089265366,2012.8166215662425,0,0,1,1,1,Benign,True
2026-03-15 08:43:03.779533752,53,17,154354.41153313644,3,7,3082,682,403.9206658691285,304.6815410868339,13802.8596242747,1,0,0,1,0,Benign,True
2026-03-15 08:43:04.861446151,80,6,150358.02345926414,3,24,2408,4502,139.2779524263355,979.4438097293597,10094.50191950644,0,0,0,1,0,Benign,True
2026-03-15 08:43:06.214116235,53,6,77699.43232858714,15,27,6068,3069,520.319270361106,1090.9014642290863,9437.635806353797,1,0,1,1,0,Benign,True
2026-03-15 08:43:06.958729968,8080,17,175248.78532706437,15,3,7630,13842,519.2874986246261,971.1249463506491,11627.742437516432,0,0,0,1,0,Benign,True
2026-03-15 08:43:08.265554305,53,6,164060.6136442596,18,28,529,8409,483.358178925093,699.0383845206651,9422.969939503897,0,1,1,1,0,Benign,True
2026-03-15 08:43:09.548506512,443,6,172650.34045794033,13,26,7500,614,451.28037438063296,893.1559497005734,1498.7427237596717,1,0,1,1,0,Benign,True
2026-03-15 08:43:10.525474771,22,6,97034.22766794811,18,4,5152,9094,427.5400781156135,948.9700810876641,10557.528089137513,0,0,1,1,1,Benign,True
2026-03-15 08:43:11.968929652,443,6,151261.72614717452,2,3,2266,4706,75.56423360801256,165.17456782587325,2802.4180268777377,1,0,1,1,0,Benign,True
2026-03-15 08:43:13.059128073,22,6,89528.0872050933,14,4,7027,11558,336.541491240337,736.4885519667786,5838.300102643226,1,0,0,1,0,Benign,True
2026-03-15 08:43:14.335641007,8080,6,47125.43066126136,8,12,2660,14568,157.53134340849596,839.9959954566268,5041.007778927736,0,0,0,1,0,Benign,True
2026-03-15 08:43:15.555061579,53,6,151488.55965588393,7,16,1180,5637,152.6315181895925,558.0501683251614,13107.918707459394,0,0,1,1,0,Benign,True
2026-03-15 08:43:17.027647040,443,6,175763.99913625373,2,20,5845,10878,252.05356438756857,410.3507548077303,314.2297263676917,1,0,0,1,0,Benign,True
2026-03-15 08:43:17.862204582,8080,6,57936.129232446874,21,13,1826,11260,539.6717604330688,961.9480808451457,8077.666616157139,0,0,0,1,0,Benign,True
2026-03-15 08:43:19.436245877,22,6,82699.49176317321,13,11,5849,4993,597.0477784888296,1021.0870918924986,5091.0033418533885,0,1,1,1,0,Benign,True
2026-03-15 08:43:20.355582578,80,17,197599.29017014836,2,19,7025,10456,193.77345820572455,993.3230955079371,8406.47995773157,0,0,0,1,0,Benign,True
2026-03-15 08:43:21.496684632,53,6,194251.60041928853,16,24,4568,2817,200.96577138305202,668.7816673002035,1881.4282328684646,0,0,0,1,0,Benign,True
2026-03-15 08:43:22.801507229,443,6,8007.771773625431,6,18,3084,4426,546.8392149085278,660.0525600893268,11730.749831566738,1,0,1,1,0,Benign,True
2026-03-15 08:43:23.950645971,80,6,107754.8683040284,18,18,4933,6371,103.9814643868467,251.86934074246298,9603.75975324018,0,0,1,1,0,Benign,True
2026-03-15 08:43:25.054423387,8080,17,78509.44213001335,24,11,3516,11557,416.0306802687821,1054.3108022339948,7613.500513459559,0,0,0,1,0,Benign,True
2026-03-15 08:43:26.401607594,443,6,6929.696136477283,11,29,5811,13784,81.32921538515092,869.4268772795311,1334.0522007978682,0,0,0,1,0,Benign,True
2026-03-15 08:43:27.391081039,8080,6,42984.63636886551,9,15,2603,5265,124.71475600245299,597.0351308964616,3101.3129970045566,0,0,1,1,1,Benign,True
2026-03-15 08:43:28.711157965,80,6,111778.94343771577,22,10,5726,9310,501.9137270658682,917.1106529382029,13545.970476357481,0,1,0,1,0,Benign,True
2026-03-15 08:43:30.039474131,8080,17,111874.0452052797,17,1,4710,2529,249.48331541714572,771.6987093955022,2566.696801557033,0,0,1,1,0,Benign,True
2026-03-15 08:43:31.148044946,8080,17,177705.61128979598,24,1,3082,4291,336.0766058828504,1046.316236246459,12346.954655111493,1,1,1,1,0,Benign,True
2026-03-15 08:43:32.594347416,80,17,30705.752785161603,24,6,6471,1108,293.9329659301874,953.6205931231386,163.35175152074476,1,0,0,1,0,Benign,True
2026-03-15 08:43:33.454033056,80,6,147497.86861111686,21,26,422,6621,497.93715769382914,368.99659937418073,9835.858948927184,0,0,1,1,0,Benign,True
2026-03-15 08:43:35.081862947,8080,6,140480.21157374946,13,7,3040,10727,54.56275426996464,329.3496006243828,4352.534609396679,1,0,0,1,0,Benign,True
2026-03-15 08:43:36.170833212,443,6,14407.623050703614,17,13,3222,588,211.58213233156144,652.7010523673166,11066.708737783314,0,0,1,1,0,Benign,True
2026-03-15 08:43:37.480555815,53,6,23220.85802399086,7,12,4666,6040,237.00957558677712,855.7586201327664,8401.21493172476,0,0,1,1,0,Benign,True
2026-03-15 08:43:38.602881932,53,6,148008.67801499603,21,6,1564,8558,225.93300884845937,819.212102493219,14865.449101475626,0,0,0,1,1,Benign,True
2026-03-15 08:43:39.385262355,22,6,156881.15941326087,14,2,3808,2870,75.38328145604632,989.8239323132196,1687.6471028007038,1,0,1,1,0,Benign,True
2026-03-15 08:43:40.815876054,22,6,93448.22914943629,2,28,4787,6198,589.4917516210334,65.00575635457895,4085.0141016454054,0,0,0,1,1,Benign,True
2026-03-15 08:43:41.801987112,80,17,113886.20347448613,9,4,3030,1030,313.2081866054833,977.3580750703203,8016.59392530558,0,0,1,1,0,Benign,True
2026-03-15 08:43:43.390936411,22,6,19892.310610684446,2,28,1485,773,337.22205586276516,512.640893078117,12039.14675203678,0,0,0,1,0,Benign,True
2026-03-15 08:43:44.450497289,80,17,2627.2312270409834,13,1,6462,6099,70.39528142416518,509.7956167390791,6617.402096773472,0,0,0,1,0,Benign,True
2026-03-15 08:43:45.458069588,8080,6,11248.76227833931,3,26,6622,7093,142.92042575838937,1056.913198055233,8037.663565896958,0,0,0,1,0,Benign,True
2026-03-15 08:43:47.057759383,443,6,77417.6741695162,14,17,1955,13992,591.4192034127119,205.15545007800606,8382.419882753538,0,0,1,1,0,Benign,True
2026-03-15 08:43:47.769111631,80,6,109191.42222331323,3,27,4850,8507,366.68344548352997,526.7731150335621,7363.1162931273475,1,0,1,1,0,Benign,True
2026-03-15 08:43:49.238317442,8080,6,83156.5426186389,16,16,6715,12036,108.40408639749154,1098.1494132755206,11634.78805486608,0,0,0,1,0,Benign,True
2026-03-15 08:43:50.532624332,8080,17,192048.963183058,4,22,5318,13610,355.1757068770154,766.212556279414,13226.874971037749,0,0,1,1,1,Benign,True
2026-03-15 08:43:51.335309122,22,6,171414.08529650126,8,15,1427,4016,180.5370799028369,575.0138268777382,3942.5390146113687,0,0,1,1,1,Benign,True
2026-03-15 08:43:52.858713619,53,6,187075.86260268316,14,21,4067,11975,305.65400762733765,349.6876038991342,9241.200197147837,0,1,0,1,0,Benign,True
2026-03-15 08:43:54.189540729,53,6,43502.207584487034,18,29,4108,8466,241.4418729262489,792.7248962707968,6851.361412733754,0,0,0,1,0,Benign,True
2026-03-15 08:43:54.940516388,80,6,124454.67110154321,8,10,5711,14143,313.0199625587885,469.0510084660881,5656.284027606489,0,0,0,1,0,Benign,True
2026-03-15 08:43:56.407345782,443,6,189114.84138428947,9,7,2867,6852,376.9436056000514,679.3214404711493,14209.415980242855,0,0,1,1,0,Benign,True
2026-03-15 08:43:57.455134306,443,6,2668.756209243704,20,5,6148,1992,368.0313008227014,421.3648963634844,13615.135392937402,1,0,0,1,0,Benign,True
2026-03-15 08:43:58.897754670,8080,6,98362.96508221899,17,26,6195,5855,261.29169868770816,841.9729700006968,853.011503932777,0,0,0,1,0,Benign,True
2026-03-15 08:43:59.771206420,80,17,50468.946314372355,7,6,2828,2466,400.9863637667961,850.3775020679185,2077.9510016144095,0,0,1,1,1,Benign,True
2026-03-15 08:44:01.462230858,22,6,115652.77119936625,19,15,6873,3240,501.8709261870136,440.4821136188646,7056.623080631424,0,0,1,1,0,Benign,True
2026-03-15 08:44:02.636837149,80,6,174679.574865454,7,14,5811,3423,454.7629995285972,624.1315966055273,6260.709906613406,1,0,1,1,0,Benign,True
2026-03-15 08:44:03.411584651,22,6,44065.075682998155,11,2,609,9874,414.75929828261724,818.4004603480703,8479.871236200399,0,0,0,1,0,Benign,True
2026-03-15 08:44:04.693959530,80,6,181570.75610841918,19,29,808,7946,374.55507603801607,403.50068069610995,10914.311902340958,1,0,1,1,0,Benign,True
2026-03-15 08:44:06.052580984,22,17,30251.689743697927,9,1,425,10912,121.73701978826662,830.9511451728273,13057.172235299338,1,0,0,1,0,Benign,True
2026-03-15 08:44:07.330837401,80,17,113979.86310911523,10,16,5208,7719,167.2858218642864,1047.202871630363,14178.827537504847,0,0,1,1,0,Benign,True
2026-03-15 08:44:08.365593609,443,6,42114.83599933115,2,20,7163,3485,435.24325866550134,918.9145483878539,11141.584941799625,0,0,1,1,0,Benign,True
2026-03-15 08:44:09.393774793,443,6,137039.4887839843,13,27,1485,852,123.00934147351589,886.3119183884127,5894.805414027556,1,0,0,1,0,Benign,True
2026-03-15 08:44:10.562490896,8080,6,25486.978105633374,10,15,2386,1757,486.7189741804549,381.5251163835723,8951.482030995374,0,0,0,1,0,Benign,True
2026-03-15 08:44:12.299859202,22,17,83547.63311346548,24,29,5091,8291,181.8189706377927,1024.5938260498651,11396.925028298854,0,0,0,1,1,Benign,True
2026-03-15 08:44:13.173211272,443,6,173807.9777321621,21,22,3896,4431,358.8174635224154,1161.9762100305634,652.6132582481546,0,0,0,1,0,Benign,True
2026-03-15 08:44:14.623519049,443,6,107756.85225358837,23,24,7593,8605,167.3834079134455,159.9916168901342,6589.460846868024,0,0,0,1,0,Benign,True
2026-03-15 08:44:15.589425602,80,6,126041.74867856211,23,18,3141,14801,439.796041578119,1094.7472204960347,14280.780175399394,1,0,1,1,0,Benign,True
2026-03-15 08:44:17.053414583,443,17,42958.4933197138,14,18,4716,12304,260.54931717228754,1142.804572425205,11520.381028766855,1,0,1,1,0,Benign,True
2026-03-15 08:44:17.752655629,22,6,6415.30725250081,12,5,3019,4867,453.1459178028674,1085.3392742660096,10030.831574808808,1,0,1,1,0,Benign,True
2026-03-15 08:44:18.968411514,8080,6,73769.67778058005,19,10,2843,5659,566.6639280207568,826.4726874098719,12875.662713673824,1,0,1,1,0,Benign,True
2026-03-15 08:44:20.657779312,8080,17,159610.97904750897,3,8,7068,10661,333.34155572251575,1013.8049977607446,7722.170417686956,0,0,1,1,0,Benign,True
2026-03-15 08:44:21.868495827,80,6,96138.13564546629,21,4,2304,6023,357.14256391170744,391.9726234096746,5144.393874033175,0,0,0,1,0,Benign,True
2026-03-15 08:44:22.688830468,443,6,117787.04684321868,2,11,5133,13530,326.5276545628125,1008.6123880378578,8404.942492512404,0,0,0,1,1,Benign,True
2026-03-15 08:44:23.913098932,8080,6,84560.97384863508,4,18,5743,2336,186.37305874776982,1113.7865492536605,5407.424418824642,0,0,1,1,0,Benign,True
2026-03-15 08:44:25.171470140,80,6,191628.33329424422,7,2,3722,3125,170.94162151634973,546.8813111482043,1903.2924646802487,0,0,0,1,1,Benign,True
2026-03-15 08:44:26.349697008,8080,6,172101.43283488025,13,1,5735,3305,354.5808390983755,192.94287329729755,7486.85935321234,1,0,0,1,0,Benign,True
2026-03-15 08:44:27.414027129,443,6,13962.565092981049,14,10,612,2507,575.8906097847148,682.3281291094223,2032.0700978023692,0,0,0,1,1,Benign,True
2026-03-15 08:44:29.039025230,8080,6,191954.61426141314,2,20,1400,12698,279.2720705749409,220.4920105438847,8595.204141885748,0,0,1,1,0,Benign,True
2026-03-15 08:44:29.851984560,80,6,59200.90768522281,4,25,2082,3112,111.4882156525913,1064.861845590664,2832.060520479119,1,0,1,1,0,Benign,True
2026-03-15 08:44:31.323163445,80,6,12196.075925734185,8,24,6154,5099,236.6226498548205,737.9081376514805,1122.3842506337119,0,0,0,1,0,Benign,True
2026-03-15 08:44:32.140293406,80,6,70921.95836037332,23,12,6019,4231,230.2303230383427,118.17325723337669,8743.849576326907,0,0,0,1,0,Benign,True
2026-03-15 08:44:33.323250798,80,17,138874.86624810254,12,29,5583,14789,236.92091250657847,127.66010205948064,12932.839426997329,1,0,0,1,0,Benign,True
2026-03-15 08:44:34.892238283,22,6,119476.22335974933,3,7,7950,14398,326.7956278740212,915.8194717976149,1974.1886965366275,0,0,0,1,0,Benign,True
2026-03-15 08:44:35.903409514,8080,17,163291.02834555958,13,9,5567,5395,158.542397096282,1009.0727192593228,9248.482530133087,0,0,0,1,0,Benign,True
2026-03-15 08:44:37.293275635,8080,6,3098.229458599147,22,3,6835,450,532.9560958116604,110.95285685732036,5652.929235813175,0,0,0,1,1,Benign,True
2026-03-15 08:44:38.156412721,443,6,144148.50179421224,22,22,2743,9309,336.67650902063207,466.6019237504933,9686.853668397911,0,0,0,1,0,Benign,True
2026-03-15 08:44:39.869910827,80,6,43507.30119979731,2,4,4365,3305,236.84197436584185,671.308229997307,14705.370912081311,1,0,1,1,0,Benign,True
2026-03-15 08:44:40.949108680,80,6,32922.863433514525,14,20,7609,8567,127.08680193379956,898.1646695754997,3583.472586988922,0,0,1,1,0,Benign,True
2026-03-15 08:44:42.225760339,53,17,77805.66239032542,22,7,2674,7769,297.35449805793473,149.0147054008189,3755.179306358375,0,0,1,1,0,Benign,True
2026-03-15 08:44:42.981882332,80,17,121497.38624003943,2,24,2706,4478,426.4797408777681,110.9620177777989,6334.334287610743,1,0,1,1,0,Benign,True
2026-03-15 08:44:44.292096581,8080,17,155961.64559768143,3,1,7240,3556,371.8152732142025,1105.71478004282,242.0141815467099,0,0,1,1,0,Benign,True
2026-03-15 08:44:45.521006498,8080,6,136608.1455591107,24,24,1691,11981,183.73952984459868,841.9337778322665,10236.39543214751,1,0,1,1,0,Benign,True
2026-03-15 08:44:46.822303588,22,6,183233.5057697144,10,8,5692,3519,393.01742291483595,276.9039676373424,12466.922621417696,0,0,1,1,1,Benign,True
2026-03-15 08:44:47.878121091,443,6,67943.16700874761,4,1,6037,12952,394.9431860951659,739.6167334929435,5750.371411370599,0,0,0,1,0,Benign,True
2026-03-15 08:44:48.936378445,22,6,102212.83735916788,8,8,6782,13412,155.6931440182459,858.568661056263,11846.60737368311,1,0,1,1,0,Benign,True
2026-03-15 08:44:50.321327028,80,6,84347.73194863347,21,7,5416,14726,356.2278624706032,220.79232973028397,9938.335796831581,0,0,0,1,0,Benign,True
2026-03-15 08:44:51.452729588,80,6,2750.549264804655,14,5,1348,10644,358.49152257190354,423.8686741059791,9811.272470744903,1,0,0,1,0,Benign,True
2026-03-15 08:44:52.731552774,80,6,101265.56209918152,20,23,7937,9131,456.6235074321281,937.2374845900214,12479.751601421629,0,0,0,1,0,Benign,True
2026-03-15 08:44:53.818175725,443,6,80698.02310380401,2,16,344,575,315.19997621110457,526.5669658999041,8064.947635784966,0,0,0,1,1,Benign,True
2026-03-15 08:44:55.057137824,443,6,183126.05043364794,16,24,4474,11767,332.90160836583686,260.61088525462185,4741.512522126379,1,0,0,1,1,Benign,True
2026-03-15 08:44:56.476171404,8080,17,128086.29206545741,15,21,6016,4695,133.45548399330016,571.0537536948464,11349.9813408581,1,0,0,1,0,Benign,True
2026-03-15 08:44:57.532892300,53,6,2243.2782660070498,18,24,1269,287,231.02117686263875,836.1146279184921,14153.593054992993,0,0,0,1,0,Benign,True
2026-03-15 08:44:58.707230035,80,17,58020.01749951568,19,8,2105,10830,399.44066604994697,785.3939097634794,7836.947968806436,0,0,0,1,0,Benign,True
2026-03-15 08:45:00.020343379,53,17,194105.10544438212,24,9,6176,2242,414.5327064070875,744.6259208603121,9737.769131859837,0,1,1,1,0,Benign,True
2026-03-15 08:45:01.363116324,8080,6,157948.853407656,3,27,3702,5880,310.888957812475,413.2662693617677,5711.032372953023,0,0,0,1,0,Benign,True
2026-03-15 08:45:02.327320773,443,6,65616.2462573582,14,20,3786,14320,309.33253221864913,692.90863241707,2677.684273313112,0,0,0,1,0,Benign,True
2026-03-15 08:45:03.652511695,8080,17,102843.09532192274,13,22,3664,10353,519.1371842842933,386.6899063144273,4788.482875561889,1,0,1,1,0,Benign,True
2026-03-15 08:45:05.079721575,80,17,65226.336721795524,24,7,5188,8836,362.3741417845548,676.8706015016373,3989.46955703271,1,0,0,1,0,Benign,True
2026-03-15 08:45:06.013188068,443,6,92689.66632528437,12,17,4988,10537,467.84489502002606,1161.0435679774216,12973.542115866692,0,0,0,1,0,Benign,True
2026-03-15 08:45:07.445878545,53,6,101397.2552449361,12,26,3880,7182,574.4334504872053,256.8656087858331,5426.190667526636,0,0,1,1,0,Benign,True
2026-03-15 08:45:08.576203574,8080,17,85587.61158700344,3,9,3825,8269,594.6500851758235,862.4839366320997,6147.31913721585,0,0,0,1,0,Benign,True
2026-03-15 08:45:09.335231208,80,6,17289.950421507125,18,16,5903,14046,424.8500221564096,284.8542007174222,2504.03192578035,1,0,1,1,0,Benign,True
2026-03-15 08:45:10.757459322,8080,17,154059.5541728261,14,22,5748,7936,457.7875269509968,414.0753589338295,3314.2328871171208,0,0,1,1,0,Benign,True
2026-03-15 08:45:12.118991044,443,6,137047.32922473626,7,14,4291,10931,351.47033510684713,1148.3957502489955,14168.245235259954,0,0,0,1,0,Benign,True
2026-03-15 08:45:13.492027147,443,6,185931.8869059725,12,19,1660,2936,595.7098661458201,851.3600302170781,2106.6640187044586,1,0,0,1,0,Benign,True
2026-03-15 08:45:14.375025774,80,17,160769.32163537265,5,21,2292,6477,582.0320128970895,1193.7952199305716,11889.8949867918,1,0,1,1,0,Benign,True
2026-03-15 08:45:15.355671272,53,17,42069.79569985771,9,13,5459,4128,224.34228074753477,127.18107526565218,8326.718961151586,0,0,1,1,0,Benign,True
2026-03-15 08:45:16.837205504,53,6,136262.5751900436,7,28,6855,2517,499.1161711079606,1030.9359074133854,14477.424094278751,1,0,0,1,0,Benign,True
2026-03-15 08:45:17.775938275,80,17,89696.3935579352,6,28,5550,2795,341.72650190968983,1197.8008087972091,305.29092138819124,0,0,0,1,0,Benign,True
2026-03-15 08:45:19.350911736,80,6,29841.944891485033,15,20,5533,5364,293.11545460355086,98.01914642218038,11988.122549413974,0,0,1,1,0,Benign,True
2026-03-15 08:45:20.404606198,443,6,196752.2309776855,5,4,718,7453,184.49287445088336,914.6376733367349,613.5035791213905,0,0,0,1,1,Benign,True
2026-03-15 08:45:21.734058821,53,17,158394.76102141297,23,4,3220,12514,331.43670445352757,824.2859609915336,2021.0054571303338,1,0,1,1,0,Benign,True
2026-03-15 08:45:23.021617096,80,6,48401.79622322712,16,8,7396,2350,110.13215047794858,824.6942607440412,2438.455586715371,0,0,1,1,0,Benign,True
2026-03-15 08:45:24.077368810,80,6,114859.40671703742,6,13,5062,12582,120.91177070152443,1115.241800908756,1529.612746736195,0,0,1,1,0,Benign,True
2026-03-15 08:45:25.267463597,443,6,165729.73699589784,3,22,7362,2816,232.83810802668754,995.1082374059459,14754.608652788249,1,0,1,1,0,Benign,True
2026-03-15 08:45:26.552742177,8080,6,31396.638430910913,12,20,2550,4817,89.59369075944971,415.4913239676347,10025.275165472349,0,0,1,1,0,Benign,True
2026-03-15 08:45:27.805473000,80,6,103844.67203132891,20,2,2366,8809,460.1340460160686,360.55231216939274,12836.726790564926,0,0,1,1,0,Benign,True
2026-03-15 08:45:29.021432271,22,6,22222.865673996457,16,6,5639,10290,87.3391793568378,201.71208176231065,14567.981805966732,0,0,0,1,0,Benign,True
2026-03-15 08:45:29.721858117,8080,6,125360.72089982299,8,15,6661,5356,319.2649348802368,858.7835876011566,6007.597848198342,0,0,0,1,0,Benign,True
2026-03-15 08:45:31.233714178,8080,17,196787.34753501354,19,29,377,8615,579.9798912366676,449.62372795732665,5895.720474421893,0,0,0,1,1,Benign,True
2026-03-15 08:45:32.229761585,80,6,133542.63664352827,3,7,6587,4069,539.272243154973,1106.0439022898383,12123.9894075447,0,0,0,1,0,Benign,True
2026-03-15 08:45:33.816207534,8080,6,96103.0855536987,11,7,5973,5764,146.02916532717802,217.8725546375708,9486.88191098777,0,0,0,1,0,Benign,True
2026-03-15 08:45:34.889038611,22,6,192895.79388846562,9,25,1124,8241,85.45254167014434,827.1418610902297,6822.022602092389,1,0,1,1,0,Benign,True
2026-03-15 08:45:35.952133487,53,6,75115.90144133405,19,4,7714,4711,51.207424737444015,929.9766943157117,9048.451325231177,0,0,0,1,0,Benign,True
2026-03-15 08:45:37.012862536,80,6,10666.978626114193,14,16,2745,9159,447.32617630771455,1138.477848482851,1328.909185616347,0,0,0,1,0,Benign,True
2026-03-15 08:45:38.303414175,22,17,191398.04347781368,17,26,2110,11496,461.81738977376074,937.857364541325,748.2898923989911,0,0,1,1,0,Benign,True
2026-03-15 08:45:39.722266616,80,17,52521.5360787228,22,18,4136,8817,536.253368692242,641.8200221054508,12016.533914115182,1,0,0,1,0,Benign,True
2026-03-15 08:45:40.622615727,22,6,9487.353468955975,3,3,541,9178,425.771991593259,1013.908116132636,14454.910823593771,1,0,0,1,0,Benign,True
2026-03-15 08:45:41.756149767,22,6,166008.41695383613,22,15,7582,11647,306.88841080352086,498.1995882594705,4535.306282893843,0,0,1,1,0,Benign,True
2026-03-15 08:45:43.432817254,8080,6,10699.811873865592,3,18,3926,8010,97.65364647292367,128.24945918024395,7956.718313163846,0,0,0,1,0,Benign,True
2026-03-15 08:45:44.558526209,443,17,22978.233153252982,6,24,3546,6838,389.3618466071076,1057.4879603440022,3267.812537354057,1,0,1,1,1,Benign,True
2026-03-15 08:45:45.419876958,53,17,96964.89768434233,14,21,5362,10741,111.30270559183347,1169.7261986873616,7038.654714924584,0,0,1,1,0,Benign,True
2026-03-15 08:45:46.675386926,443,17,190454.4712219615,12,1,4815,2965,415.8826446353463,307.2591836056922,2810.9060655909097,0,0,0,1,0,Benign,True
2026-03-15 08:45:48.283242106,80,6,115774.89604010414,16,19,6557,8457,325.95550205274014,206.7551332617825,3401.195764325709,1,0,0,1,0,Benign,True
2026-03-15 08:45:49.324910692,80,6,168929.85440212206,23,12,6549,12590,286.5324137065867,1096.3101037301112,12719.479949315411,0,0,0,1,0,Benign,True
2026-03-15 08:45:50.466313202,443,17,197128.05538429823,10,1,6156,4536,563.8679769105224,470.0620102297736,2680.767320428511,1,0,1,1,0,Benign,True
2026-03-15 08:45:51.484577091,53,17,71422.18327503999,19,10,5228,3802,100.57993802847207,63.62528133686229,11643.206544134444,0,0,0,1,0,Benign,True
2026-03-15 08:45:52.679475086,443,6,20660.175559321135,12,1,7842,1791,287.1257008768619,868.2775908742517,4721.835461569631,0,0,1,1,1,Benign,True
2026-03-15 08:45:53.723714171,443,6,177959.4316256502,14,16,2088,10818,56.89289599510247,1081.129147954828,3280.3614914149016,0,0,1,1,0,Benign,True
2026-03-15 08:45:55.337089120,80,17,161788.6353284007,24,3,5357,1737,275.4547887560277,1143.7643043386333,1127.4816443842442,1,0,1,1,0,Benign,True
2026-03-15 08:45:56.125905135,53,17,156093.79605809652,10,29,2468,13630,205.05396193138301,454.83933213824145,11346.820865781878,0,0,0,1,0,Benign,True
2026-03-15 08:45:57.302914402,80,17,193456.30968147796,9,19,5460,10356,380.12447324499556,557.7972988436188,11335.190676194692,1,0,1,1,0,Benign,True
2026-03-15 08:45:58.937697052,80,6,180674.83061303681,19,22,6060,2431,156.47592731958747,106.9441390631724,2052.9716195159003,0,0,1,1,0,Benign,True
2026-03-15 08:46:00.269324254,80,6,3519.384049189996,18,6,5165,1120,340.5352527884984,602.1745899119226,10989.528872289422,0,0,1,1,1,Benign,True
2026-03-15 08:46:01.353901828,8080,6,83388.07907783997,21,24,1157,8264,424.6155171968743,145.6995417778197,1520.9942194226855,0,0,0,1,1,Benign,True
2026-03-15 08:46:02.382984114,80,6,166889.77124486346,19,17,2147,10493,106.32180490006039,493.6056372225839,633.8992353400607,1,0,0,1,0,Benign,True
2026-03-15 08:46:03.591627149,443,6,148636.83607656055,16,29,3415,3169,178.16538888753848,1033.4222067895998,1548.476924758131,1,0,0,1,0,Benign,True
2026-03-15 08:46:04.761681853,22,6,164899.58936831067,4,1,6826,6069,564.8942993061365,1054.3366657317174,11542.882990939173,0,0,1,1,0,Benign,True
2026-03-15 08:46:05.894786200,8080,17,49945.251048746395,16,24,3690,14843,157.77462732318213,1165.8965541389061,4097.508374591774,0,0,1,1,0,Benign,True
2026-03-15 08:46:07.213028528,22,6,173345.90875362363,21,15,6965,11614,57.172998695869204,247.70358414790005,1209.578677608824,0,0,0,1,0,Benign,True
2026-03-15 08:46:08.358690574,443,17,63490.69118102526,18,7,7975,1607,418.61520947598336,1078.0500259826304,10768.294656772163,0,1,1,1,0,Benign,True
2026-03-15 08:46:09.658900728,80,17,127989.34548710525,16,14,6685,389,589.4814141399308,648.5717133249814,13814.145464646443,0,0,0,1,0,Benign,True
2026-03-15 08:46:11.038872048,80,17,178126.3894144237,2,11,4694,2903,244.1437077046312,763.6737175705331,3093.203189449368,0,0,0,1,1,Benign,True
2026-03-15 08:46:12.297005650,8080,17,133215.8843977376,16,27,1374,2640,257.0770433588927,495.21663101652734,13174.444628533385,1,0,1,1,0,Benign,True
2026-03-15 08:46:12.947245973,8080,17,30331.403697339,2,19,1594,10951,323.94053171895706,1144.8988406523806,11486.175788088525,0,0,1,1,0,Benign,True
2026-03-15 08:46:14.330810083,22,17,81915.74735531365,2,9,4260,13756,467.35829931803096,1164.3851153576459,12599.093174517653,0,0,0,1,1,Benign,True
2026-03-15 08:46:15.408423717,8080,6,50309.215096688895,20,21,3913,7420,598.1660396787908,145.17006894538514,5098.535412610247,1,0,0,1,0,Benign,True
2026-03-15 08:46:16.711272284,443,6,52247.77785110556,4,3,2575,6386,254.41146475708655,441.5676897045332,10998.182552652426,0,0,0,1,0,Benign,True
2026-03-15 08:46:17.872483811,443,17,190453.0988256847,12,6,3195,12908,384.7252253050053,984.3323354905327,13339.564384501842,1,0,0,1,0,Benign,True
2026-03-15 08:46:19.004722278,53,17,171663.75574224937,10,5,4707,10887,539.6212651866708,77.40672835527893,13255.583661331953,1,0,0,1,1,Benign,True
2026-03-15 08:46:20.558445632,443,17,194765.44299903075,20,13,880,5431,404.02464811556763,625.4932884560853,5911.71218590288,0,0,0,1,1,Benign,True
2026-03-15 08:46:21.597773245,8080,6,115247.19009194426,17,21,4971,12602,563.4099515481865,570.4039009746891,13809.44204391012,1,0,0,1,0,Benign,True
2026-03-15 08:46:23.051547349,443,6,133139.08971584466,9,10,1538,1667,329.9449308248482,236.10668289341788,4662.68562688626,0,0,0,1,0,Benign,True
2026-03-15 08:46:23.719555465,22,6,48187.81255625915,23,4,5800,564,395.88839084585544,217.00009302092795,12696.178142608102,1,0,0,1,1,Benign,True
2026-03-15 08:46:24.940186807,80,17,106931.05855055606,20,23,7120,9548,498.65385088284955,868.0914354063943,11365.534269173899,0,0,1,1,0,Benign,True
2026-03-15 08:46:26.341964149,22,6,142236.21810731431,14,3,1333,8460,551.4510488294752,307.3310782462029,2240.5469385156653,1,0,0,1,0,Benign,True
2026-03-15 08:46:27.348166392,443,6,180351.43949500582,13,26,4162,7643,578.075644155862,392.6222107901409,3584.989918980523,0,0,0,1,0,Benign,True
2026-03-15 08:46:28.657637757,80,17,73830.39817707917,7,13,7405,294,326.9541836759431,604.6572458204729,569.0299721737426,0,0,1,1,0,Benign,True
2026-03-15 08:46:30.291617845,22,6,168118.46031130812,5,3,4087,13563,164.78439550173402,1112.5825522069094,9497.129283117138,0,0,1,1,1,Benign,True
2026-03-15 08:46:31.025375764,53,6,169880.9342579258,11,22,3854,12209,176.221920836493,1003.8402193964024,9338.946713058025,0,0,1,1,0,Benign,True
2026-03-15 08:46:32.218870644,53,6,76369.92831345793,21,3,463,5144,466.60408235909085,348.80775970783594,12182.63406977775,1,0,0,1,0,Benign,True
2026-03-15 08:46:33.644184401,53,6,117947.89948259242,13,9,6262,319,328.9463572865689,1065.8457299733045,13985.776041121588,0,0,1,1,1,Benign,True
2026-03-15 08:46:34.798798974,8080,6,140221.3940447554,22,11,5617,7631,486.9395748460599,1058.595725724429,1816.722368770515,0,0,0,1,0,Benign,True
2026-03-15 08:46:36.048262978,443,17,107497.12553818748,19,15,5627,10207,482.80594553598496,558.2591033390511,5253.028807404971,0,0,0,1,1,Benign,True
2026-03-15 08:46:37.126041166,53,6,39777.049394248505,23,22,3445,3935,281.51305550115114,307.86112469719944,1788.1378958374592,0,0,0,1,0,Benign,True
2026-03-15 08:46:38.596057415,22,17,118355.06576636045,7,8,2364,3826,303.39019343709424,363.64788293709097,11144.135914391374,0,0,0,1,0,Benign,True
2026-03-15 08:46:39.383148330,53,6,191838.52216197152,18,13,3372,10046,287.7158145516724,1123.1658927875856,4044.2786345130794,0,0,1,1,0,Benign,True
2026-03-15 08:46:40.757035587,443,6,94216.77399517955,18,26,1371,6492,221.9065943567684,185.7625983913947,2018.8513611583417,0,0,1,1,0,Benign,True
2026-03-15 08:46:42.113857109,22,17,59701.37692075188,4,26,5937,11546,527.5030734528467,85.06588981370652,13690.121564704277,1,0,1,1,0,Benign,True
2026-03-15 08:46:43.420941864,53,6,96969.3959857652,20,29,371,7497,445.9889388430178,862.281984587777,7345.921887466185,1,0,0,1,0,Benign,True
2026-03-15 08:46:44.321742963,53,6,152682.24943298183,18,23,7233,13218,288.0300517455812,423.17318573461046,9045.693345538604,0,0,0,1,0,Benign,True
2026-03-15 08:46:45.640647359,53,6,198901.8036887742,4,25,446,6917,84.91097250924184,1039.5993144040242,8268.802476548684,0,0,0,1,0,Benign,True
2026-03-15 08:46:46.541483967,22,17,48825.16914113475,17,21,1275,9287,275.66176010758045,129.0113008157848,8421.631959970633,0,0,0,1,1,Benign,True
2026-03-15 08:46:47.802191452,80,6,167435.29269098645,15,6,7946,14132,372.58147775203213,1044.4182626095405,2800.0150542600923,1,0,1,1,1,Benign,True
2026-03-15 08:46:48.941482897,8080,6,143488.32537971417,5,27,2489,10551,183.03739228592985,269.33274581462456,7746.6327067731,0,0,1,1,0,Benign,True
2026-03-15 08:46:50.536728535,53,6,197634.11188983486,19,10,1709,13752,398.5724331691485,929.7260091385835,13687.797034626632,1,0,0,1,0,Benign,True
2026-03-15 08:46:51.472835981,53,17,191893.36506812135,3,22,5125,12466,548.168855852482,262.8651279671237,6389.751703209216,0,0,1,1,0,Benign,True
2026-03-15 08:46:52.934247174,22,6,81596.3129854261,8,11,7954,9905,98.45309916975904,526.4243047962691,12975.507967098765,0,0,0,1,0,Benign,True
2026-03-15 08:46:53.739838967,80,17,161015.47538042843,5,25,4877,7934,57.05976017446658,648.3565997932407,3291.315481120317,0,0,0,1,0,Benign,True
2026-03-15 08:46:55.417528680,8080,17,52453.80551337601,3,18,3323,11572,56.98324806422566,460.12877564289124,13948.715919421915,0,0,0,1,0,Benign,True
2026-03-15 08:46:56.601318118,8080,17,151737.42572056587,18,26,388,7119,315.77570981577924,573.1394117347216,373.61037792924265,0,1,0,1,0,Benign,True
2026-03-15 08:46:57.353357245,80,6,196541.430065602,11,9,406,9437,115.45679157137114,293.49718358052246,7971.726348682795,1,0,0,1,0,Benign,True
2026-03-15 08:46:58.514253903,22,17,167727.7475814534,19,27,3955,10201,289.0149913433824,760.1319094222478,8322.815429931457,0,0,1,1,1,Benign,True
2026-03-15 08:46:59.733773287,443,6,151504.73325098833,20,8,7445,7360,63.37006345629945,558.716596090228,11626.04686428764,1,0,1,1,1,Benign,True
2026-03-15 08:47:01.412178103,22,17,69798.13490997345,16,12,5852,6039,354.5555108064438,129.31932489589929,11709.927637849569,0,0,0,1,0,Benign,True
2026-03-15 08:47:02.240822093,80,6,36244.81866833175,17,11,4365,1266,42.197813885684184,886.660756902251,2054.5207315363255,1,0,0,1,1,Benign,True
2026-03-15 08:47:03.628963990,443,17,166871.26550949924,14,10,246,8607,508.0061420453077,117.18030237446891,10232.864294963942,0,0,0,1,0,Benign,True
2026-03-15 08:47:04.755746521,443,17,197152.49502696347,16,4,7765,1813,501.7650551961141,1056.3195637050276,7972.471074730585,0,0,0,1,1,Benign,True
2026-03-15 08:47:06.177315315,8080,6,53665.109283490994,10,25,4218,1845,585.902788555325,1143.469471927755,9170.942335402295,1,0,0,1,1,Benign,True
2026-03-15 08:47:07.193338980,80,17,71091.21188378264,8,28,5449,3027,76.5061856507584,307.9674342402002,12399.90976653455,0,0,0,1,0,Benign,True
2026-03-15 08:47:08.400396504,8080,17,60731.64887598722,24,16,6161,289,574.232223538761,1050.9896350205,9745.011855094628,0,0,1,1,0,Benign,True
2026-03-15 08:47:09.893455163,80,6,143565.29080027132,5,4,2684,1294,130.62234037118117,352.15558400962294,6808.155229461641,0,1,0,1,0,Benign,True
2026-03-15 08:47:10.590077734,53,6,64704.234776306614,17,26,4692,3312,519.1713255418113,816.4781200957225,2901.0429462675415,0,0,1,1,0,Benign,True
2026-03-15 08:47:12.198422363,443,6,101483.66876663196,18,5,4879,462,318.74101315103,534.5811170152394,3791.4882683216215,0,0,0,1,0,Benign,True
2026-03-15 08:47:12.931049847,22,17,140578.14115582942,17,3,1153,2544,222.7439887584462,595.5970384841468,2795.8332643607187,0,0,0,1,0,Benign,True
2026-03-15 08:47:14.386589261,22,6,37222.88197847075,10,1,2274,13048,332.48343595563495,1092.757252791494,12504.84478823696,0,0,1,1,0,Benign,True
2026-03-15 08:47:15.831800894,53,6,135159.49275117408,9,16,1726,272,155.6755406563509,174.50122768810033,2597.9143345392217,0,0,0,1,0,Benign,True
2026-03-15 08:47:16.899128379,8080,17,31375.013012761236,23,23,2142,5359,144.7792724552133,285.1835073819568,1181.5561129243517,1,0,1,1,1,Benign,True
2026-03-15 08:47:18.111128771,53,6,52985.11119331455,11,14,423,7268,262.92456921553355,919.1387592528886,1734.2736749930912,0,0,0,1,1,Benign,True
2026-03-15 08:47:19.057990369,8080,6,121775.29084318162,3,22,6281,200,309.09803862492487,858.684002912153,3583.8850443364636,0,0,1,1,1,Benign,True
2026-03-15 08:47:20.351144874,53,6,25702.11510366977,7,24,4127,10196,247.60775279507422,1112.004737202741,12915.74353025319,1,0,0,1,1,Benign,True
2026-03-15 08:47:21.519948638,443,6,55838.70738806211,8,27,4940,11197,373.3766631721309,1164.3055628507589,4524.597775557095,1,0,0,1,0,Benign,True
2026-03-15 08:47:22.812865926,80,6,152437.37318941616,18,16,7121,13892,105.49127629595415,1151.7753510175523,8304.706073618268,0,0,0,1,0,Benign,True
2026-03-15 08:47:23.977336758,53,6,12279.466077820072,19,12,2723,13866,516.0476964416248,945.1273363704336,3320.451985002848,0,0,1,1,0,Benign,True
2026-03-15 08:47:25.096139011,53,17,164358.86611264845,12,12,276,14942,463.3503422169983,362.0068261200449,212.7981060815659,0,0,0,1,1,Benign,True
2026-03-15 08:47:26.283288367,443,6,4275.32076115984,13,19,2805,11177,180.13123119071432,1014.9231904060427,6424.62024702688,0,0,1,1,0,Benign,True
2026-03-15 08:47:27.450511734,53,6,139056.98686733792,22,14,2155,4675,426.21446118146736,843.483337561418,352.36768555611263,0,0,0,1,1,Benign,True
2026-03-15 08:47:28.719028348,53,17,199665.3640621547,19,14,2870,14136,99.19870308481644,768.8787795411289,14814.08942101109,1,0,1,1,1,Benign,True
2026-03-15 08:47:29.789964886,8080,6,164638.15342600623,4,5,6335,14687,523.9352395371982,642.0762994385173,5841.298648368179,1,0,0,1,0,Benign,True
2026-03-15 08:47:31.423262581,8080,6,50650.57270864115,4,23,7867,7195,509.43856794841844,640.8660184937187,9961.198922925372,0,0,1,1,0,Benign,True
2026-03-15 08:47:32.461271635,22,6,182765.5574387426,5,13,1235,14656,534.2135228682889,105.68822982155113,727.501086805084,1,0,0,1,0,Benign,True
2026-03-15 08:47:33.380271855,80,6,14289.92462220218,12,23,1868,13052,80.92865541819573,769.2403434214616,9548.957179476776,1,1,1,1,0,Benign,True
2026-03-15 08:47:34.916315600,22,17,55821.47208205469,20,14,966,778,60.774506091434226,429.3862835254747,5871.436388815652,0,0,0,1,0,Benign,True
2026-03-15 08:47:36.208599880,443,6,180270.1634254691,10,12,3537,2177,445.3729437523455,622.3083608500237,8370.976289434398,0,0,0,1,0,Benign,True
2026-03-15 08:47:37.042521403,443,17,24542.89429103044,21,18,2988,8775,216.84663892054584,1157.0803428549325,9569.267527613027,1,0,1,1,0,Benign,True
2026-03-15 08:47:38.190360356,8080,6,44317.45934494712,3,1,6974,9447,98.85488553584264,80.68877437009637,1620.4819676519817,0,0,1,1,0,Benign,True
2026-03-15 08:47:39.305170354,22,6,177334.95954606368,14,2,7999,13037,554.0065343494579,670.857771038645,4339.4778910864725,0,0,1,1,0,Benign,True
2026-03-15 08:47:40.528350203,8080,6,58037.24573991398,16,24,4076,5512,254.4088522046978,449.1182932260024,14350.813968161796,0,0,0,1,0,Benign,True
2026-03-15 08:47:42.157350808,22,6,24479.2174584156,24,2,1044,4614,408.1753660578259,470.5296488382734,4140.170124292744,0,1,0,1,0,Benign,True
2026-03-15 08:47:43.492311799,8080,6,192855.16287302077,14,16,4843,603,483.1168160186444,287.68488333320533,8446.862374875747,0,0,0,1,0,Benign,True
2026-03-15 08:47:44.126928193,8080,17,82991.65544901932,18,5,6302,2801,327.0417281732307,93.60927348350315,6431.855145697817,0,0,1,1,0,Benign,True
2026-03-15 08:47:45.748842575,443,17,6164.186126096355,7,27,5918,10152,344.5501550058947,1031.2483293765247,12158.755635743784,0,0,0,1,0,Benign,True
2026-03-15 08:47:46.543117299,53,17,60366.0071332052,5,8,6969,2678,271.74932939709953,888.209313357367,6001.244425357619,1,0,1,1,0,Benign,True
2026-03-15 08:47:48.055279694,80,6,47963.07505235629,5,23,1383,2970,152.34448427408242,157.05065338379137,4069.668859532346,0,0,0,1,0,Benign,True
2026-03-15 08:47:49.353645169,8080,6,140969.87780854377,4,14,7231,8010,174.67600188618889,613.2839840211775,10956.238553694819,1,0,1,1,0,Benign,True
2026-03-15 08:47:50.315522638,443,6,150196.16142958685,17,19,1444,1809,188.39089670993485,569.6584936885899,7027.195650850242,0,0,1,1,0,Benign,True
2026-03-15 08:47:51.306560832,443,17,45613.258148046385,10,7,4345,11735,94.4665572091107,420.3456846549284,4276.067303253812,0,0,1,1,0,Benign,True
2026-03-15 08:47:52.857113611,8080,6,158585.03160287827,2,18,3091,2895,311.0970759791949,556.0177879938828,14152.612447114325,0,0,0,1,0,Benign,True
2026-03-15 08:47:54.294746776,443,6,104754.09738870696,17,26,2957,8231,323.0618624020003,295.02454158900684,14251.62943183034,0,0,1,1,0,Benign,True
2026-03-15 08:47:55.054570453,443,6,160541.5052239743,13,12,5744,13976,471.0375013727407,881.5879006168008,155.45605469809078,1,0,1,1,1,Benign,True
2026-03-15 08:47:56.213694766,53,17,4840.854191863332,19,6,473,11168,527.9567777435485,858.6543785413668,12326.75665938057,0,0,1,1,0,Benign,True
2026-03-15 08:47:57.374355535,22,6,24849.169376793976,8,26,4903,14645,299.26014586480693,215.71101333411977,5910.799014789736,0,0,1,1,0,Benign,True
2026-03-15 08:47:58.833153371,443,6,8955.67003418166,14,21,5379,907,261.2226400107869,683.5108643112275,11719.441900824158,1,0,1,1,0,Benign,True
2026-03-15 08:48:00.057867059,8080,6,106826.93926811706,23,8,2401,11803,334.9720930941924,1065.7973705939696,8534.489777597293,1,0,1,1,0,Benign,True
2026-03-15 08:48:01.375362502,8080,6,188498.18035044725,11,19,6642,11225,128.5082523562798,254.39057341777635,8644.053158053444,0,0,1,1,0,Benign,True
2026-03-15 08:48:02.551843964,22,17,76073.25774369936,3,6,5118,11600,283.32312094579885,155.8774053239399,12622.944216785385,0,0,0,1,1,Benign,True
2026-03-15 08:48:03.835524896,22,6,528.4479117391356,14,11,3573,2868,198.77764088492873,514.8095683645646,8166.6380078518805,1,0,0,1,1,Benign,True
2026-03-15 08:48:04.983463619,22,6,155831.8895715809,13,16,5746,3743,581.5721199786502,101.28344866426565,912.2028448488591,0,0,0,1,0,Benign,True
2026-03-15 08:48:05.848360249,53,6,84543.06724972118,7,25,7029,3905,389.1187843172898,303.323684580189,315.81426528298437,0,0,1,1,0,Benign,True
2026-03-15 08:48:07.233526442,443,6,177041.9937214602,15,24,743,200,76.94283802323135,624.6686335974379,13856.171409632216,0,0,1,1,1,Benign,True
2026-03-15 08:48:08.278447175,22,17,111410.29933091979,11,6,5633,467,425.81443136957887,914.6397565329862,11070.813043812817,1,0,0,1,0,Benign,True
2026-03-15 08:48:09.497871227,22,6,40401.27007117294,17,16,3567,13975,476.1858908086457,341.7292809716556,9378.164609181213,1,1,0,1,1,Benign,True
2026-03-15 08:48:11.059166621,80,6,2185.4521124287603,15,12,5571,6032,106.99008402100036,558.2825564095306,1835.2482202705296,1,0,0,1,0,Benign,True
2026-03-15 08:48:12.109137543,22,6,178910.00102533327,23,4,7074,2207,323.03600515500216,483.29203054004944,13841.698346408179,0,0,0,1,1,Benign,True
2026-03-15 08:48:13.484754247,443,6,172805.00232752346,20,27,5023,2745,462.38150463570304,458.97521577622064,6108.814941288143,0,0,0,1,0,Benign,True
2026-03-15 08:48:14.350147522,443,6,1446.43381429991,11,1,668,13932,574.1689789616019,508.94263680452525,11189.105642857434,1,0,1,1,1,Benign,True
2026-03-15 08:48:15.622462544,443,6,22888.011400429437,9,23,2729,13580,470.5144511296417,917.8942070577536,11359.875191846128,0,0,1,1,0,Benign,True
2026-03-15 08:48:16.792269251,53,6,134927.10800949103,10,16,6470,5567,130.23986238394383,756.4466142868432,3296.9834631952526,0,0,1,1,1,Benign,True
2026-03-15 08:48:17.764372234,8080,6,154548.7457003669,20,8,5834,3520,435.65295985385546,956.039475741786,11153.373144761712,0,0,0,1,0,Benign,True
2026-03-15 08:48:19.042021196,443,6,115988.22467910388,11,25,154,4531,447.27854225299814,386.1144245031971,8600.113769787029,1,0,0,1,0,Benign,True
2026-03-15 08:48:20.416581816,443,6,195611.67493992514,3,2,3429,13194,313.5852299904112,318.6648636580608,7600.127647382072,0,0,0,1,0,Benign,True
2026-03-15 08:48:21.340424583,443,6,18224.66625188131,3,10,2754,928,587.8508637603634,73.68373889283136,14587.875599583766,0,0,1,1,0,Benign,True
2026-03-15 08:48:23.058877157,8080,6,110446.62151920608,20,27,5242,13417,337.05506916860077,714.0916909927936,6898.5030444249505,0,0,1,1,0,Benign,True
2026-03-15 08:48:23.774306209,8080,6,49620.210409776395,9,23,1806,10706,295.9420377533921,107.3859598263798,2497.4772445875446,0,0,1,1,0,Benign,True
2026-03-15 08:48:25.018788447,80,17,113047.27681858809,18,18,3919,8306,228.1532744503374,809.2550004792266,2224.876977914876,0,1,0,1,0,Benign,True
2026-03-15 08:48:26.559192734,53,17,23691.9115363873,18,9,2928,10937,167.66943514800437,603.5952934187837,1740.906307854195,0,0,1,1,0,Benign,True
2026-03-15 08:48:27.358160725,443,17,38549.644260758614,4,22,6197,11028,244.39070565648373,229.21847723629904,8085.316495724323,0,0,0,1,0,Benign,True
2026-03-15 08:48:29.040166859,53,6,24519.258384912475,2,9,4831,3821,417.923117332984,711.7953501095424,7508.708571220368,0,1,1,1,0,Benign,True
2026-03-15 08:48:30.135420582,53,6,4576.3445812549635,4,1,7977,4914,462.6695212959145,1115.022768164608,10276.34043514867,1,0,1,1,0,Benign,True
2026-03-15 08:48:30.941172514,53,6,7160.210996608839,5,11,4574,13229,56.13648187828727,821.3232652215272,11100.038743074203,0,0,1,1,0,Benign,True
2026-03-15 08:48:32.515108236,80,6,127575.30213817261,6,26,5006,6399,431.6267444694351,631.9160463997769,10635.56902678124,1,0,0,1,1,Benign,True
2026-03-15 08:48:33.678977125,443,6,102138.26688803546,15,24,1515,6931,340.6211595704234,497.4926236850862,2321.6342405693204,1,0,1,1,0,Benign,True
2026-03-15 08:48:34.954409659,53,6,15218.992891679536,18,22,7714,8798,292.7790196181202,1169.040196147365,4957.647276056886,0,0,1,1,0,Benign,True
2026-03-15 08:48:36.196918711,443,6,30566.387475794756,18,21,1793,11849,66.86548743877542,640.4612965115723,13598.737577520667,1,0,1,1,0,Benign,True
2026-03-15 08:48:37.331010337,22,6,114772.72056566659,12,16,3308,328,179.8074444076494,530.5398803236112,10886.380723149463,0,0,0,1,0,Benign,True
2026-03-15 08:48:38.451705777,8080,6,100730.64348386897,17,9,3280,8265,429.89576042103795,1090.2479230893894,12151.686761591875,1,0,1,1,0,Benign,True
2026-03-15 08:48:39.493477991,80,17,71890.76189125808,14,26,3599,12791,437.57503783529444,412.34032228990674,11988.895105518983,0,0,1,1,0,Benign,True
2026-03-15 08:48:40.918364197,8080,6,141967.88679639064,15,17,1564,1359,431.9093460583082,1117.066337953784,13278.186991167995,0,0,1,1,0,Benign,True
2026-03-15 08:48:42.274182950,443,6,85813.7747564011,23,20,7510,675,215.25367302718922,410.35346079263525,6338.230500372463,0,0,1,1,0,Benign,True
2026-03-15 08:48:43.252513068,22,6,194446.45211893096,6,8,1172,8346,265.0376961374095,387.55764735918063,12825.727060097384,0,0,0,1,0,Benign,True
2026-03-15 08:48:44.498606921,8080,17,87158.76042225439,5,27,5135,6174,223.69176653337894,140.86801976617312,5835.872463668664,0,0,1,1,0,Benign,True
2026-03-15 08:48:45.562276825,80,17,114434.44629821778,8,7,301,1905,363.7573421500182,621.2037133022683,10771.884253347647,0,0,1,1,0,Benign,True
2026-03-15 08:48:46.953672485,22,17,185818.88685416852,2,23,7488,1890,541.9564852402376,137.03426621411734,12064.54760315814,0,0,1,1,0,Benign,True
2026-03-15 08:48:48.298600435,443,6,188346.05160647084,5,1,868,1271,72.23119298974785,513.4748267754603,8903.905326133434,0,0,1,1,0,Benign,True
2026-03-15 08:48:48.996233594,80,6,130395.54962076961,20,27,4798,5458,239.55863712641684,451.38999975152217,3488.457647207582,0,0,1,1,0,Benign,True
2026-03-15 08:48:50.221443167,22,17,76578.76069051246,3,14,6097,4076,283.1972373993349,328.05564736939584,10912.254187423709,0,0,0,1,0,Benign,True
2026-03-15 08:48:51.623662655,22,17,50377.528177235596,6,27,4906,818,208.89599366717923,318.3745154474015,2040.5600190761218,1,0,0,1,1,Benign,True
2026-03-15 08:48:52.788825238,8080,17,68707.89322473222,4,12,1307,11653,371.0472554537874,254.51957821213378,9618.823748606505,1,0,0,1,0,Benign,True
2026-03-15 08:48:54.042941870,80,17,79626.99891107179,20,15,3271,2905,220.87326261701517,219.9533444447351,10250.582503924115,0,0,1,1,0,Benign,True
2026-03-15 08:48:54.929444428,443,6,138227.70814493272,2,23,3062,7243,333.1094771098597,696.5900958913252,10565.55904940218,0,0,0,1,0,Benign,True
2026-03-15 08:48:56.342565873,53,17,119942.51381383845,12,18,6469,12497,332.2288175132918,908.9335079652856,13347.2619088667,0,0,0,1,0,Benign,True
2026-03-15 08:48:57.649786957,80,6,182953.33169264617,6,4,6616,8918,368.15074526664233,726.5646182243933,6098.473043561502,0,0,0,1,0,Benign,True
2026-03-15 08:48:58.851114810,22,6,71185.61458890635,14,24,4077,4302,54.041232628754244,736.5077640219122,7242.255069691296,1,0,0,1,1,Benign,True
2026-03-15 08:49:00.094400377,53,6,45408.83581641131,13,24,7418,2356,329.3485364729945,308.3188430926082,14743.592488472083,1,0,1,1,0,Benign,True
2026-03-15 08:49:01.332129617,22,17,136449.44300781688,7,20,2645,8300,496.0897425612886,575.0937203404649,12927.659198989646,0,1,0,1,0,Benign,True
2026-03-15 08:49:02.484928322,53,6,34002.2748958081,4,16,5872,6504,488.06793015962006,237.3302355414634,5840.991568302293,0,0,0,1,0,Benign,True
2026-03-15 08:49:03.774145893,443,6,3522.552111977745,6,18,933,7207,249.0382833765683,301.0128535209939,13381.71224728656,0,0,0,1,1,Benign,True
2026-03-15 08:49:04.874856380,53,6,60112.69756890455,14,20,7522,4630,448.9186171245005,83.35955112480441,8424.909255628001,1,0,1,1,0,Benign,True
2026-03-15 08:49:06.022504597,443,6,44009.35110779032,21,12,2297,11015,191.81148525098706,780.51947272828,2309.5505976070176,1,0,0,1,1,Benign,True
2026-03-15 08:49:07.263717857,22,6,61759.16247012915,4,10,3749,4600,217.6884034993867,461.49693911731447,2216.5350085232517,0,0,0,1,0,Benign,True
2026-03-15 08:49:08.160716020,443,17,13979.649411673261,8,25,3108,8895,543.0816153016021,1181.0677569557547,8943.617322572212,1,0,1,1,0,Benign,True
2026-03-15 08:49:09.463893924,22,6,187195.11584503192,4,7,3427,8587,594.7427269967412,1055.575675315939,4744.411710754029,0,0,1,1,0,Benign,True
2026-03-15 08:49:10.816439868,8080,6,181950.90968350775,18,9,3679,2099,418.4197559307927,732.1382994683902,13593.261653187978,1,0,1,1,1,Benign,True
2026-03-15 08:49:12.223792329,22,6,125454.92782959237,2,10,353,2780,134.19135579833886,486.6604754761816,14199.633375057134,0,0,0,1,1,Benign,True
2026-03-15 08:49:13.307430933,22,6,77227.52173765968,23,22,2459,11091,95.89707550293255,328.0367136344821,13345.836881445739,0,0,0,1,0,Benign,True
2026-03-15 08:49:14.154244847,80,17,9836.411932885765,6,3,7922,4167,272.7465375653058,536.0160989829399,4624.030989922253,1,0,1,1,0,Benign,True
2026-03-15 08:49:15.655364970,80,6,163986.78486363153,20,7,4190,11301,483.838336533003,1107.871656612734,14451.942284977926,1,0,0,1,1,Benign,True
2026-03-15 08:49:16.633042792,22,6,111087.38250835336,4,3,1164,3975,254.58983381795474,414.7272054811556,10768.384162278939,0,0,1,1,0,Benign,True
2026-03-15 08:49:18.140409935,443,17,66854.62272806693,11,21,6683,10732,291.7904445921746,586.4171539743078,14477.893713226287,0,0,1,1,1,Benign,True
2026-03-15 08:49:19.396464511,80,17,50834.132447284595,21,14,6645,7480,310.2449234499344,1118.003114002333,12159.58215922996,0,0,1,1,0,Benign,True
2026-03-15 08:49:20.456073763,8080,17,47277.35845329047,15,29,6137,6664,330.5420043213805,741.9089347143093,1599.4079085372673,0,0,0,1,1,Benign,True
2026-03-15 08:49:21.654817565,8080,17,107693.41671444508,7,24,7185,5438,160.9456962760633,877.7794736116118,7835.779197478886,0,0,1,1,0,Benign,True
2026-03-15 08:49:22.703154865,80,6,192767.10297322643,8,22,6189,658,438.4565008490412,702.3565687658648,1642.7399461910675,0,0,1,1,0,Benign,True
2026-03-15 08:49:23.967750012,22,6,120448.58914398235,19,25,6863,4631,180.282558259264,734.5946072510186,12171.017446635753,1,1,1,1,0,Benign,True
2026-03-15 08:49:25.418465012,443,17,89394.95461837162,8,19,4677,7792,77.78485998175391,609.3669284213531,12274.770371867135,0,0,0,1,0,Benign,True
2026-03-15 08:49:26.533992198,443,6,148039.65251696305,6,18,5460,6332,541.1858286851211,949.7861300951895,7864.878470214712,0,0,0,1,0,Benign,True
2026-03-15 08:49:27.611852195,443,6,184385.16594214554,20,5,1025,11176,388.16033291068044,820.4167739680073,12693.264924136163,0,0,0,1,0,Benign,True
2026-03-15 08:49:28.720939431,22,6,49999.00084908253,2,11,1340,396,255.39206217175942,178.9724624472061,2398.9102949469593,0,0,1,1,1,Benign,True
2026-03-15 08:49:29.730227842,80,6,138345.39509754168,20,8,5939,2836,571.673979926247,1153.9770485882584,7616.074522477802,0,0,0,1,0,Benign,True
2026-03-15 08:49:30.985804440,80,17,159085.7027830174,13,23,6436,11676,171.9987617096632,552.3628979185355,9439.9967466055,0,1,0,1,0,Benign,True
2026-03-15 08:49:32.215815113,22,6,103843.70870754577,6,12,5209,4926,184.0652727676419,547.3321710273281,10369.111430004885,0,0,1,1,0,Benign,True
2026-03-15 08:49:33.524030125,53,17,18528.495881286028,3,8,5201,11775,114.64992871354343,384.1388791260078,13001.176339499358,0,0,0,1,0,Benign,True
2026-03-15 08:49:35.066486188,22,17,192422.33560243345,21,19,7076,4437,570.3074867531401,513.1446046636979,2198.873055674949,1,0,1,1,0,Benign,True
2026-03-15 08:49:36.003092036,22,17,31527.338227223114,23,24,7006,14751,251.96981134348388,1070.8642575443523,13848.333086491788,1,0,1,1,0,Benign,True
2026-03-15 08:49:37.040904097,8080,17,180471.3265236207,8,29,3060,1067,425.1330189541748,1142.143465642484,9157.97395929872,0,0,1,1,1,Benign,True
2026-03-15 08:49:38.163450082,8080,17,159300.82188991766,10,27,6443,1390,509.656257460745,737.0700084478311,14087.443543451664,0,0,0,1,0,Benign,True
2026-03-15 08:49:39.502983314,22,17,179804.52812134454,23,1,7156,4743,597.2373095436506,966.3741353921049,11389.268866496639,1,0,0,1,0,Benign,True
2026-03-15 08:49:40.989438381,53,6,52253.53973917576,10,19,2001,3311,203.23263025013435,84.323943114836,5922.173306299306,0,0,0,1,0,Benign,True
2026-03-15 08:49:41.930005676,53,17,124853.41373835246,12,9,4989,13769,197.74493302764859,961.6670166886574,4863.99258197741,0,0,0,1,0,Benign,True
2026-03-15 08:49:43.363503483,8080,17,181929.41336879716,13,10,4830,14830,198.5101485643036,593.777134833578,11137.603678482645,0,0,0,1,0,Benign,True
2026-03-15 08:49:44.581622985,8080,6,32142.38179672659,14,4,5715,2237,153.6301845503957,480.340357294351,3037.585740642623,0,0,1,1,0,Benign,True
2026-03-15 08:49:45.366492461,53,6,61381.95028383009,6,18,7861,1276,285.65541494171976,397.1785053298773,209.2836172838259,0,0,0,1,0,Benign,True
2026-03-15 08:49:46.865195851,80,6,93109.0378582598,5,25,5370,10766,196.9369893604631,333.07673480370715,10905.743025899517,0,0,1,1,0,Benign,True
2026-03-15 08:49:48.275457638,8080,6,5459.772052773085,6,11,7694,5419,313.85311352585217,1021.2587372612015,1229.7379618276964,1,1,1,1,0,Benign,True
2026-03-15 08:49:49.141282844,8080,6,178536.9746900582,12,9,6159,14074,219.11571765311282,202.5168858761931,3614.7590937587565,0,0,0,1,1,Benign,True
2026-03-15 08:49:50.130566453,8080,17,81051.04414922261,16,22,5232,8685,530.9548207900285,518.8480187290418,7675.584771401783,0,0,0,1,0,Benign,True
2026-03-15 08:49:51.853981614,53,6,156782.51517985965,9,13,6894,9532,73.03572722285188,869.4210463326842,14365.763354213028,0,0,1,1,0,Benign,True
2026-03-15 08:49:53.030199768,53,6,88840.92214891234,2,2,7014,3603,319.06240489216304,349.4141650264262,3989.356593976976,0,0,1,1,0,Benign,True
2026-03-15 08:49:54.013284868,80,17,88735.29734285541,18,17,1440,11145,463.4001449169345,1044.5236359624978,564.347525545471,1,1,0,1,0,Benign,True
2026-03-15 08:49:55.231351872,443,6,1426.0246469555004,13,23,2934,13195,532.564869518862,1005.3467281547241,14200.15919010695,0,0,0,1,0,Benign,True
2026-03-15 08:49:56.227044661,53,6,167850.09785879188,2,20,448,2408,141.9655055233026,833.6636002852867,4950.960515332914,0,0,0,1,0,Benign,True
2026-03-15 08:49:57.791670453,443,17,43706.339582977576,2,5,1596,10773,283.7073690573352,597.7374591021787,13180.87824963353,0,0,1,1,0,Benign,True
2026-03-15 08:49:58.799160023,53,6,180680.14072058295,6,13,352,8652,353.12082183420097,1003.5073675935364,8065.850441152944,0,0,1,1,0,Benign,True
2026-03-15 08:49:59.720326677,53,6,28100.346060352163,21,6,2640,8816,195.88795560885075,422.13041099866973,3340.0941818471,0,0,1,1,0,Benign,True
2026-03-15 08:50:01.309808973,22,17,104914.88981983486,6,10,4369,9698,266.8895015770616,1177.8042972415715,12443.907478402449,1,0,1,1,0,Benign,True
2026-03-15 08:50:02.670297761,443,6,199819.47512810188,22,19,4850,5153,263.92300680397557,69.65944486134512,10578.22786167708,1,0,1,1,0,Benign,True
2026-03-15 08:50:03.797490294,8080,6,127866.78087658367,9,16,7371,2443,362.2475521124574,400.3936515641071,10583.478630205385,1,0,0,1,0,Benign,True
2026-03-15 08:50:04.666318884,8080,6,29995.578369387895,18,28,4275,4723,55.449309120378146,889.4416173856492,13218.503795831932,1,0,1,1,0,Benign,True
2026-03-15 08:50:05.731995050,22,6,6852.016194031935,9,1,5138,9664,194.2254080992514,410.08871354837623,12125.278292779078,0,0,1,1,0,Benign,True
2026-03-15 08:50:07.464210847,443,6,152450.52797270814,3,22,5131,13161,163.91963118114586,886.1565178489398,4595.0194039920625,0,0,0,1,0,Benign,True
2026-03-15 08:50:08.662237634,8080,17,25723.26847561574,5,4,5275,13209,350.59470255188705,769.2818089445248,4388.544291207565,0,1,0,1,1,Benign,True
2026-03-15 08:50:09.619449191,53,6,149446.16211764482,11,8,6153,3644,345.1581745763592,303.6262218498457,8631.423878021482,0,0,1,1,0,Benign,True
2026-03-15 08:50:10.885390447,22,6,195222.34314431174,2,3,6969,3247,304.8864980420119,103.2532255927899,1484.6187343977235,1,0,0,1,0,Benign,True
2026-03-15 08:50:11.977560036,22,17,166086.5497357731,20,29,3248,2512,539.7205002927566,833.5539371981276,7905.540524017908,0,0,0,1,0,Benign,True
2026-03-15 08:50:13.151859220,443,6,82566.09353221986,24,20,677,11133,462.0786721081088,708.8628368541949,2847.3808979029777,1,0,0,1,1,Benign,True
2026-03-15 08:50:14.171669061,53,6,22657.444300047922,17,29,5281,3974,210.04151777000976,101.91097194892647,10900.02789038894,0,0,0,1,0,Benign,True
2026-03-15 08:50:15.358051739,443,6,95758.97829371267,17,3,647,5828,75.86054590302228,944.5612251691094,7881.367746509302,1,0,0,1,0,Benign,True
2026-03-15 08:50:16.639639288,443,17,157887.71513329234,12,8,1065,3492,91.40305895942316,506.25985919945555,8779.584331597154,0,0,1,1,0,Benign,True
2026-03-15 08:50:18.201984447,53,6,137420.78654650855,24,3,3551,12923,474.2385660243689,504.19502964100695,7083.740851007979,0,0,0,1,0,Benign,True
2026-03-15 08:50:18.987499380,22,6,196789.81301479068,19,20,2339,14306,346.65085359985943,688.1959452166594,2432.9029504392793,0,0,1,1,0,Benign,True
2026-03-15 08:50:20.236019191,53,6,47033.52908445432,11,3,2725,9588,390.10232590385743,1016.8690861094093,6746.920965496162,0,0,0,1,0,Benign,True
2026-03-15 08:50:21.629168435,80,17,82764.00870747151,4,24,2799,8797,519.5911429321485,269.18020539937567,11324.964845156457,0,0,1,1,0,Benign,True
2026-03-15 08:50:22.629078730,22,17,193476.1864158494,6,27,454,7346,355.8066111560993,683.6915476785966,11475.808198073923,0,0,0,1,0,Benign,True
2026-03-15 08:50:23.797924010,53,6,189607.04812219556,20,2,2049,2307,440.7958282152642,729.1292694640288,2042.8201189876331,0,1,1,1,0,Benign,True
2026-03-15 08:50:25.237989745,22,17,64517.22255230076,13,15,3857,9696,519.9849254899946,582.1980812444993,4189.356519079725,0,0,0,1,0,Benign,True
2026-03-15 08:50:26.320855962,22,6,171983.57961012083,11,21,7600,14716,438.06080998192334,157.20311090632484,1168.749600427439,0,0,1,1,0,Benign,True
2026-03-15 08:50:27.675695571,80,6,115283.69512037485,24,23,622,11634,527.3433735622921,850.2432153443519,5402.5280231628585,0,0,0,1,1,Benign,True
2026-03-15 08:50:29.047323204,8080,6,49969.54820807124,24,13,900,10593,490.4063050698809,780.1855208512499,11366.190147758967,1,0,0,1,0,Benign,True
2026-03-15 08:50:29.790595878,80,17,101455.15095120722,9,13,4906,9010,593.3936069869367,178.23510735320122,7321.171514266571,1,0,1,1,1,Benign,True
2026-03-15 08:50:31.448060195,80,17,15600.75922856882,3,23,722,3607,110.68019307224829,521.7294496779925,11336.500908388734,0,0,0,1,0,Benign,True
2026-03-15 08:50:32.641493980,443,6,27477.540182942095,4,28,1945,11590,405.3035137606273,884.2195937916986,6439.835570964653,0,0,1,1,1,Benign,True
2026-03-15 08:50:33.797452550,443,6,143782.09529135568,10,18,5621,9504,283.88785474001685,212.77552403450198,6093.947236191508,1,0,1,1,0,Benign,True
2026-03-15 08:50:34.878771550,443,17,148406.81726958277,21,18,5404,12416,420.2143000740187,991.5990570883253,2408.7263865541536,0,0,1,1,0,Benign,True
2026-03-15 08:50:36.072087994,8080,17,148986.12113274576,14,3,2212,3737,510.91843113172445,134.29099986742506,8712.53332785722,1,0,0,1,0,Benign,True
2026-03-15 08:50:37.283527595,8080,6,158782.5263763292,24,19,2402,8722,293.0367766763337,149.2041812728017,8907.215832004926,0,1,0,1,0,Benign,True
2026-03-15 08:50:38.514297330,80,6,81312.71760710966,4,21,7430,5145,170.39162941892837,346.17404728812596,8924.82679785106,0,0,0,1,1,Benign,True
2026-03-15 08:50:39.309889320,8080,6,159902.9442495192,18,6,2383,9071,322.86088770015965,432.0794435515596,9167.797876812065,0,0,1,1,0,Benign,True
2026-03-15 08:50:41.074855547,53,6,84749.80575310336,22,2,3002,8892,40.664171686566384,842.4654891468197,3315.5103121193924,0,0,0,1,1,Benign,True
2026-03-15 08:50:42.051362256,8080,6,63063.4479733288,14,21,2376,7539,59.57121319614644,801.2922971142558,14546.02106220239,0,0,1,1,0,Benign,True
2026-03-15 08:50:43.368879503,53,6,158849.92811152167,12,21,5140,7619,110.72643561913782,461.78116681579985,7279.629331256789,1,0,1,1,0,Benign,True
2026-03-15 08:50:44.326369103,80,17,149288.59858110908,6,3,5828,1553,182.84813873580393,1111.722658010828,11273.78989861812,0,0,1,1,0,Benign,True
2026-03-15 08:50:45.307438328,443,17,60486.023830756014,9,14,5174,7067,195.25495651540558,414.653133477267,7824.781558304988,1,0,1,1,1,Benign,True
2026-03-15 08:50:46.805840795,53,6,88593.43746888549,10,22,6547,12938,470.36005585130494,74.54355223085747,2059.253374311509,0,0,1,1,0,Benign,True
2026-03-15 08:50:48.004314071,443,6,104960.42524328856,17,11,618,11218,55.18425960435496,1097.423074991929,4698.64088087085,0,0,1,1,0,Benign,True
2026-03-15 08:50:49.162193572,443,6,58077.5329217662,16,2,2021,11734,210.5658957815688,436.95130625923616,13625.24164859622,0,0,1,1,0,Benign,True
2026-03-15 08:50:50.303830232,8080,17,9303.130164324895,7,24,3350,12275,586.1005612461512,858.365848757837,13899.112147565944,0,0,0,1,0,Benign,True
2026-03-15 08:50:51.449895652,22,6,21953.770495869998,20,28,5127,2030,454.25407071942817,137.60558134092153,7954.035358099058,0,0,0,1,0,Benign,True
2026-03-15 08:50:52.816526924,8080,6,75550.57336375631,9,21,508,13017,534.2573860252942,255.27574144700608,7073.973226479566,0,0,0,1,0,Benign,True
2026-03-15 08:50:53.925166883,443,6,39877.58100010433,22,1,4528,12696,286.4391059613007,129.28836578001295,8712.62776000698,0,0,0,1,0,Benign,True
2026-03-15 08:50:55.481959129,80,6,21844.939478028355,11,27,5137,13732,324.0896644585011,132.21984745901912,1638.0494299648667,1,0,0,1,0,Benign,True
2026-03-15 08:50:56.203756384,8080,6,182248.27459697935,15,12,893,14885,98.17869798209384,1002.2490518567549,4154.381678050451,1,0,1,1,0,Benign,True
2026-03-15 08:50:57.491799340,8080,17,7439.772037062135,12,4,5718,14940,184.64141078624144,339.35653448306704,11840.434971780438,0,0,0,1,0,Benign,True
2026-03-15 08:50:58.676376282,80,6,39243.67595574554,2,21,7285,6849,590.8442333776817,341.0446520954349,6001.288041765612,1,0,0,1,0,Benign,True
2026-03-15 08:51:00.025985505,53,6,51218.71296374246,15,21,1650,6858,138.5734355823323,1056.9696011247838,1206.1890055805006,1,0,1,1,0,Benign,True
2026-03-15 08:51:01.199568154,53,17,45873.78679659723,11,4,324,10990,134.44874480817748,874.6208521493647,12906.52751037528,0,0,1,1,0,Benign,True
2026-03-15 08:51:02.486244279,53,17,107359.7045178745,8,11,2224,2311,573.5852216475971,576.6104553870073,3998.8807520711057,0,0,0,1,0,Benign,True
2026-03-15 08:51:03.870001062,53,6,92611.35485232345,21,12,5468,8764,358.8672965434183,137.97887070924793,6282.288066042088,1,0,1,1,0,Benign,True
2026-03-15 08:51:04.671132651,8080,6,109798.60575083627,17,24,456,3415,581.1992147314705,523.5968268084866,1831.0652929218627,0,0,0,1,1,Benign,True
2026-03-15 08:51:06.115662941,53,6,188135.7494980705,13,11,6356,6930,216.44464770722195,207.11980051302092,8429.678154760624,0,0,1,1,0,Benign,True
2026-03-15 08:51:06.915024121,8080,6,174208.7487987962,9,14,3277,8883,296.391018727553,691.3162144673701,6538.178531008457,1,0,1,1,0,Benign,True
2026-03-15 08:51:08.257433083,80,6,185831.1068768041,17,17,1465,13204,427.4254644538575,76.56344165513435,10101.54520176843,0,0,0,1,0,Benign,True
2026-03-15 08:51:09.578231836,22,17,188086.69455056923,24,27,5526,2017,262.01308079347785,103.56474354547953,5140.445280970499,1,0,0,1,0,Benign,True
2026-03-15 08:51:10.518596873,443,6,56973.10727120489,22,12,6371,5094,224.0910974028053,743.2293084162084,9442.781914481448,0,0,1,1,0,Benign,True
2026-03-15 08:51:12.070601676,22,6,186455.5599976772,5,27,5815,10999,52.95420693316683,348.63177788778586,12597.246388582511,0,0,1,1,0,Benign,True
2026-03-15 08:51:13.306986365,53,6,182011.75895429854,5,9,1218,12573,277.8505194265281,327.02089233637605,5217.395337537234,1,0,0,1,0,Benign,True
2026-03-15 08:51:14.548039028,80,6,42127.567241061886,7,7,6033,528,78.25094555974563,544.3117536053676,8580.7626932457,0,0,0,1,0,Benign,True
2026-03-15 08:51:15.609944702,443,6,8818.61184031686,3,9,2279,9723,110.51316241347409,1153.5112432583358,14909.270176615551,0,0,1,1,0,Benign,True
2026-03-15 08:51:16.862366798,53,6,25971.016311816253,24,21,4665,6092,133.8142394733042,670.1828868318215,13770.185192814517,0,0,0,1,0,Benign,True
2026-03-15 08:51:17.937639150,53,6,100957.63194919421,8,23,1938,14678,149.73650875550678,985.7374774643232,5614.316723629378,0,0,0,1,1,Benign,True
2026-03-15 08:51:18.924751819,8080,6,7130.275821913333,16,16,652,9239,509.4579751898203,618.1903417749146,3085.934055440151,0,1,0,1,0,Benign,True
2026-03-15 08:51:20.159971113,22,6,187610.70211390915,13,4,2030,11653,225.79015323947067,834.8790061869927,1539.8351329314635,1,0,1,1,0,Benign,True
2026-03-15 08:51:21.692997554,80,6,102801.4425909148,14,29,892,976,270.8334105441086,744.0285505479243,9795.305268357335,1,0,1,1,0,Benign,True
2026-03-15 08:51:23.097333179,22,6,89123.68816151602,4,23,1293,12195,329.5802412825543,227.15596481123106,5665.1197890077665,1,0,0,1,1,Benign,True
2026-03-15 08:51:23.709481943,8080,17,187119.38744448344,23,11,4112,9058,347.59252488391365,491.9349283519868,12171.376628265054,0,0,0,1,0,Benign,True
2026-03-15 08:51:25.234550098,22,6,167566.36999870487,21,27,6045,13150,421.91697427220754,1102.9024123045103,4205.613670972592,1,0,0,1,0,Benign,True
2026-03-15 08:51:26.550605251,80,17,93515.723778744,24,12,7267,11791,431.8186657849711,426.75486737220746,14264.915248273586,0,0,1,1,0,Benign,True
2026-03-15 08:51:27.796064896,53,6,60183.02248209317,9,14,2896,2215,250.78711661149217,69.6162056700478,11703.667125452252,1,0,1,1,0,Benign,True
2026-03-15 08:51:28.827122940,80,17,60207.11907669819,18,3,3757,8613,248.84479419217644,389.8812501285206,572.2481056735483,1,0,1,1,0,Benign,True
2026-03-15 08:51:30.071949588,22,6,178033.9489321629,7,7,3111,11926,125.5757209106381,220.65717369504327,6483.840221495344,0,1,1,1,1,Benign,True
2026-03-15 08:51:31.318034967,22,17,121054.71902780618,18,28,929,780,518.1178085695256,1102.0660155589849,14103.325991707772,0,0,1,1,0,Benign,True
2026-03-15 08:51:32.615379749,8080,17,80467.11540138266,11,3,3754,262,555.2347673101792,1168.465786911588,13797.464067647283,0,0,0,1,0,Benign,True
2026-03-15 08:51:33.373373722,53,6,158282.4344685597,23,1,6797,1337,270.69209358601535,741.6952221602155,9914.950506975503,1,0,0,1,1,Benign,True
2026-03-15 08:51:35.055709317,80,6,108073.50484396331,12,26,2287,11297,449.2225139700394,272.0724457632156,9359.013359388671,0,0,1,1,0,Benign,True
2026-03-15 08:51:35.715610442,443,6,100294.2733651091,12,3,930,8143,227.2167879148363,617.9410519716985,9989.538473616714,1,0,0,1,0,Benign,True
2026-03-15 08:51:37.401719850,22,17,49205.49200166372,11,18,3473,8129,134.43305078191162,836.9288149961196,1049.2000190449567,1,0,1,1,0,Benign,True
2026-03-15 08:51:38.146044255,443,6,190173.91599404448,11,24,748,8921,483.249716268017,680.817883562452,8521.747630279802,1,0,0,1,1,Benign,True
2026-03-15 08:51:39.416776926,53,17,159582.12271946354,22,5,7190,506,238.6153328836736,1045.0243265017925,650.3742491214051,0,0,0,1,0,Benign,True
2026-03-15 08:51:40.502336487,80,6,62571.93827713281,17,10,2020,14427,240.92084948867523,403.2934054400645,13764.489147809485,0,0,1,1,0,Benign,True
2026-03-15 08:51:41.967154023,80,6,145388.15676856233,12,2,2989,12866,243.78404014842002,169.27554711938498,10505.34941887893,1,0,0,1,1,Benign,True
2026-03-15 08:51:43.100615536,80,6,101070.54117536533,14,23,4926,5326,78.54848411269235,440.92905061303395,7947.114088032435,1,0,1,1,0,Benign,True
2026-03-15 08:51:44.199595746,8080,6,167022.66327087703,22,27,2557,12725,528.2757565647194,1096.0434893767176,3110.7481690635786,0,0,0,1,1,Benign,True
2026-03-15 08:51:45.570654096,22,6,55222.972393188764,5,24,1273,5742,105.41421597020518,159.83637018337507,6819.9782177319485,0,0,0,1,1,Benign,True
2026-03-15 08:51:46.741422529,53,17,132262.46112053894,16,26,3338,13294,326.7922210866396,376.29619345312165,12435.255239553651,0,0,0,1,1,Benign,True
2026-03-15 08:51:48.160596619,22,6,188542.08279754507,18,8,3709,8278,407.30626610335275,804.8362019643424,7420.698182636978,0,0,0,1,0,Benign,True
2026-03-15 08:51:49.435878183,80,6,33740.93056913358,10,24,2460,3137,320.23759998554016,1119.3405733619386,1332.389691699657,0,1,0,1,0,Benign,True
2026-03-15 08:51:50.491540351,53,6,38022.03820435342,2,20,6652,11660,260.5828744834326,837.4454326108648,4939.0605472736515,0,1,1,1,0,Benign,True
2026-03-15 08:51:51.374646233,53,6,168932.25582004723,20,18,2858,5221,273.9633556209216,269.06425251203916,14396.856644347365,0,0,0,1,1,Benign,True
2026-03-15 08:51:52.677234476,80,6,167167.55168028647,19,17,7291,2287,468.5830658513219,432.64521419303674,14165.88496742823,0,0,1,1,1,Benign,True
2026-03-15 08:51:54.247990978,443,17,17913.936306871194,4,25,1042,5381,221.95477861825466,180.05393290963684,13808.877793796986,0,0,1,1,1,Benign,True
2026-03-15 08:51:54.953240695,443,6,134626.6235791171,5,18,5258,575,543.6647536576089,442.1727352902743,6488.818237631238,0,0,0,1,0,Benign,True
2026-03-15 08:51:56.344113503,80,6,198383.79592737916,19,13,4430,6098,563.6150139436525,814.1041418742224,2537.2564976228505,0,0,0,1,0,Benign,True
2026-03-15 08:51:57.865502771,80,6,149602.0876333513,23,6,4535,1880,227.95843422020403,1196.1687827762646,9919.8995795247,0,0,0,1,0,Benign,True
2026-03-15 08:51:59.070398904,80,17,179253.612924298,21,22,2919,7562,268.3680671462814,1038.7894063418685,3011.932190172188,0,0,1,1,0,Benign,True
2026-03-15 08:51:59.946721906,53,17,29105.341808310135,18,25,5032,13698,388.30877274667137,546.6983459898787,12261.047989155199,1,0,0,1,1,Benign,True
2026-03-15 08:52:01.300438132,8080,6,23694.553421981018,14,6,1601,5349,135.8253327388141,947.2533800064442,310.1749125138927,0,0,0,1,0,Benign,True
2026-03-15 08:52:02.374047359,8080,6,70270.28900751314,3,5,445,1859,273.7996157768705,1139.946378837961,10400.220028403905,0,0,0,1,0,Benign,True
2026-03-15 08:52:03.752076323,8080,6,134813.56778029838,8,19,2729,2040,495.86428982810804,784.0756340169706,11594.947387399325,1,0,1,1,0,Benign,True
2026-03-15 08:52:04.518948798,443,17,43701.74390861234,9,6,4495,13230,425.35707637176534,1137.6744950955394,11561.92131847745,0,1,1,1,1,Benign,True
2026-03-15 08:52:05.786494289,443,17,137536.4434353678,22,3,1623,3682,49.20516554526571,863.9692027041863,412.09870585903406,0,0,0,1,0,Benign,True
2026-03-15 08:52:07.268519282,53,6,171810.66157641876,22,1,6036,14253,81.81919626466566,617.112731088539,13873.455033131984,0,0,1,1,0,Benign,True
2026-03-15 08:52:08.239531357,443,6,172602.7199163225,13,17,5703,13819,246.16413779600327,566.2460724973216,1207.1223186561062,0,0,0,1,0,Benign,True
2026-03-15 08:52:09.699631379,443,6,22263.176847203853,7,20,3694,14525,88.1561990736386,1154.6082270507268,7191.748444431911,1,0,0,1,0,Benign,True
2026-03-15 08:52:10.710733756,80,6,165366.7548458201,8,26,237,7881,200.38527691087586,896.1548848233346,9620.032916660712,0,0,0,1,0,Benign,True
2026-03-15 08:52:12.231987334,80,6,114251.67304688627,3,8,4045,2389,221.43645841954168,768.829588516761,7326.1319434116485,0,0,0,1,0,Benign,True
2026-03-15 08:52:13.391555631,53,6,78510.2781545867,16,10,6669,4361,253.79260192790215,139.01419714934562,14909.121214390832,0,0,0,1,1,Benign,True
2026-03-15 08:52:14.395702680,53,6,142786.1984243862,11,13,2539,4311,134.81590967404168,1009.7459810968703,14502.463906410265,0,0,0,1,0,Benign,True
2026-03-15 08:52:15.763737052,22,6,73180.11922633185,3,14,639,9032,384.96756336557394,377.23078682683274,5820.79483006546,0,0,0,1,0,Benign,True
2026-03-15 08:52:16.662682731,80,6,103833.66905649885,24,1,2092,3544,313.53803995699695,108.4348500346911,14837.510932142275,0,0,1,1,1,Benign,True
2026-03-15 08:52:17.996555866,53,6,41507.254159438155,3,21,4880,13143,439.98779299943425,218.67012891608852,8129.587688962166,1,0,1,1,0,Benign,True
2026-03-15 08:52:19.018489231,443,6,55852.436216685615,4,23,4484,6812,226.8787480340683,533.1870331872108,302.99761940411304,0,1,0,1,0,Benign,True
2026-03-15 08:52:20.616531701,443,17,103277.29903700203,16,14,3456,12957,397.97705543446983,514.4634512939367,5847.6283121983715,0,0,0,1,0,Benign,True
2026-03-15 08:52:21.793840569,22,6,169438.4474509573,14,5,2121,11523,339.75027449497253,888.5901685930528,9213.906519473694,1,0,0,1,0,Benign,True
2026-03-15 08:52:23.041289801,22,6,90564.79293054713,4,25,7996,13060,226.2436579159589,1037.8061683003443,5723.7814350777435,0,0,1,1,0,Benign,True
2026-03-15 08:52:24.226486188,443,17,147782.23237600687,16,28,5290,7718,246.26446350206484,685.9710632224562,2981.5657638927846,1,0,0,1,1,Benign,True
2026-03-15 08:52:25.475757757,443,6,152309.41607231053,12,7,6313,6793,439.31366547307783,1072.696460868734,9681.379787267075,0,0,1,1,0,Benign,True
2026-03-15 08:52:26.237001738,80,17,25701.36849323174,13,21,975,12613,344.9912163704825,343.7603966924993,13230.875159969057,1,0,1,1,1,Benign,True
2026-03-15 08:52:27.859094574,22,17,175599.8777709475,20,11,2210,677,58.13164779663201,274.13115980014436,11714.384033857148,1,0,1,1,0,Benign,True
2026-03-15 08:52:28.842727914,8080,17,8156.656588890999,18,26,2211,14542,549.1850047158343,180.10103794327333,5289.749869813191,0,0,1,1,0,Benign,True
2026-03-15 08:52:29.953497050,53,6,123595.82842529108,15,6,2488,8777,215.7378607456831,862.1523536774529,4339.659072177403,0,0,1,1,0,Benign,True
2026-03-15 08:52:31.236224337,22,6,18180.71133856789,24,26,4908,7794,488.0084219304015,175.60838396466875,11853.275875900563,0,0,1,1,0,Benign,True
2026-03-15 08:52:32.305561413,443,6,43860.99818345075,23,15,2609,11071,109.15837331643344,753.9700226653183,7781.954814911139,0,0,0,1,0,Benign,True
2026-03-15 08:52:33.473131804,80,17,80574.46992156917,23,24,2365,4575,460.67559690452043,661.6300172788215,2945.366692290156,1,0,1,1,0,Benign,True
2026-03-15 08:52:34.644788602,80,6,32796.204448318924,3,11,701,9260,166.8698871124859,588.9175029625708,8639.08375935105,1,0,1,1,0,Benign,True
2026-03-15 08:52:35.749456793,443,6,34011.75331989824,23,9,7093,4477,596.655325151266,508.0682044044482,1990.0218862654517,0,0,0,1,0,Benign,True
2026-03-15 08:52:37.197938938,22,6,88697.94232096255,23,7,4779,11347,192.07006318571274,665.3649379008654,2444.2466128941514,0,0,1,1,0,Benign,True
2026-03-15 08:52:38.632657005,53,6,166025.65401164358,24,15,4498,4641,158.3832896212242,713.7733919875309,13942.953082454844,0,0,1,1,0,Benign,True
2026-03-15 08:52:39.678091181,22,17,146359.4155456037,7,3,910,949,252.2818440271643,513.6134071896165,7097.789718373517,1,0,1,1,0,Benign,True
2026-03-15 08:52:40.812585379,22,6,85839.16784425109,24,13,1896,347,270.33815841310576,605.8113139144747,3434.578159744746,0,0,1,1,0,Benign,True
2026-03-15 08:52:41.957155750,22,6,18531.262753169,2,3,7368,12666,546.5530969898653,214.65282000150643,5694.356790153059,0,0,1,1,0,Benign,True
2026-03-15 08:52:43.178640975,22,17,171875.474299491,19,9,2907,4699,133.17426110304365,407.1522295947487,13060.014265130805,0,0,0,1,0,Benign,True
2026-03-15 08:52:44.225566408,53,6,1161.020755853009,13,20,3126,4879,459.19937361576285,1171.769900335158,6305.687456674945,0,0,0,1,0,Benign,True
2026-03-15 08:52:45.793761526,53,6,121254.41570381004,7,10,2143,3465,403.2980916092885,640.4517632047449,8369.871065271867,0,0,1,1,1,Benign,True
2026-03-15 08:52:46.619029777,8080,6,141731.02485227401,20,14,2832,8841,427.31123504582564,89.9001102119345,6412.690959417115,0,0,1,1,0,Benign,True
2026-03-15 08:52:48.129973654,22,6,184714.8666670406,24,19,6647,1310,260.60209895099865,894.0039207556607,10038.503491769574,1,0,0,1,1,Benign,True
2026-03-15 08:52:49.355991006,22,6,25409.910865904945,14,18,756,8966,393.709918601393,1133.30782218195,9070.330760200477,1,0,0,1,0,Benign,True
2026-03-15 08:52:50.444921425,8080,6,126553.83732465754,21,20,3621,3136,598.1280760347322,221.1319754229094,3162.1895598571064,0,0,0,1,0,Benign,True
2026-03-15 08:52:51.817755824,53,6,29299.84944440499,3,2,7677,5302,115.96552205555017,560.4565375885511,11449.247508554885,0,0,0,1,0,Benign,True
2026-03-15 08:52:52.674630211,22,6,186445.0386437788,4,28,5169,3168,558.1573674559618,516.5249941091923,3977.8826776762867,0,0,1,1,0,Benign,True
2026-03-15 08:52:54.228970332,443,6,191256.16434325415,21,6,1025,13705,99.74184482246193,1150.8566315086086,3964.238221514242,0,0,0,1,1,Benign,True
2026-03-15 08:52:55.337646275,443,17,181477.6241471711,12,21,5137,11209,597.0007654001686,85.70595393299126,4864.9259080673955,0,0,0,1,0,Benign,True
2026-03-15 08:52:56.579249896,8080,17,133004.80947305652,7,22,2186,6148,340.3432736628413,210.58507847688261,11314.32653805121,0,0,1,1,0,Benign,True
2026-03-15 08:52:57.698747825,8080,6,87583.43409207331,10,17,5142,10545,490.3948115658207,122.46901577719416,13518.086606314344,1,0,0,1,0,Benign,True
2026-03-15 08:52:59.007805810,53,17,46328.27167919162,6,15,2722,9284,148.81070259919682,1123.3212767268794,2801.7141456556556,0,0,1,1,1,Benign,True
2026-03-15 08:53:00.295859317,22,17,15160.999901693349,18,28,741,429,504.5877478567408,547.276621151022,8399.739373492526,0,0,1,1,0,Benign,True
2026-03-15 08:53:01.152097712,80,6,135921.18961873202,24,29,2122,7359,173.2321734530968,470.7222030828273,9630.214482418014,0,0,1,1,1,Benign,True
2026-03-15 08:53:02.588349410,80,6,98568.86928602349,14,16,4308,10547,282.8344169019399,570.577844165997,14965.943591859954,0,0,0,1,1,Benign,True
2026-03-15 08:53:03.746747855,80,6,58555.78635614251,5,16,4050,4595,347.0600245762155,846.440695088125,8008.657083503032,0,0,1,1,1,Benign,True
2026-03-15 08:53:04.771722099,22,6,110006.6153858078,20,11,5676,7788,581.4439227603551,305.2652799517292,2470.554580813116,0,0,1,1,0,Benign,True
2026-03-15 08:53:06.256169399,443,17,130461.69976615385,11,5,382,11373,194.13697231729296,541.1323458445481,5571.6829612692945,0,0,1,1,0,Benign,True
2026-03-15 08:53:07.136655557,443,6,125083.40670369404,8,23,3691,781,379.7459178484583,529.590382613072,14299.867673911755,0,0,0,1,0,Benign,True
2026-03-15 08:53:08.439279549,8080,17,130039.13788045126,10,5,5051,12869,214.11967233071567,451.980861234382,9935.854089825052,0,0,0,1,0,Benign,True
2026-03-15 08:53:09.363565414,8080,6,133314.91018928497,12,5,6788,9153,482.452389591212,131.4594935197071,7255.886752799739,0,0,0,1,0,Benign,True
2026-03-15 08:53:10.635465116,443,17,55069.55944920664,20,12,429,6967,163.85660897685068,765.9112975592982,5699.741269446005,0,0,1,1,0,Benign,True
2026-03-15 08:53:12.204417702,8080,6,112661.88173912898,7,15,3887,2298,448.79537181659236,210.46342182541107,14385.734852811998,0,1,0,1,0,Benign,True
2026-03-15 08:53:13.137931633,22,6,13186.54472052549,2,21,7400,1749,131.93115518249624,390.876112281095,14415.119786877025,1,0,1,1,0,Benign,True
2026-03-15 08:53:14.336450453,22,6,158263.01876680958,24,13,5624,3821,467.31317948904126,1161.8714542123698,14820.503497697253,0,0,1,1,0,Benign,True
2026-03-15 08:53:15.447588610,443,17,16758.656601779985,5,17,7692,12562,567.2519996437882,1136.6571664602452,8721.35536222292,1,0,0,1,0,Benign,True
2026-03-15 08:53:16.794966200,80,6,168046.82474139964,23,13,7526,14750,467.30320771503443,443.8492555567811,11522.025518763194,1,0,0,1,0,Benign,True
2026-03-15 08:53:18.183490176,53,6,117659.69842937241,23,12,3271,14221,245.20746204680324,434.0145394780584,11580.390721075251,0,0,1,1,0,Benign,True
2026-03-15 08:53:19.437098470,53,6,172183.64815307767,2,20,4284,13423,385.99159058709205,288.7596751726404,5511.098170069907,0,0,1,1,0,Benign,True
2026-03-15 08:53:20.142068659,22,6,55135.33428877741,22,26,1168,6908,410.2282593820956,308.75062053031183,3577.2481638299937,1,0,1,1,0,Benign,True
2026-03-15 08:53:21.644892438,80,6,180582.7287933194,10,21,7565,8191,328.1550396601149,1093.9023061103196,1609.080121890997,0,1,0,1,1,Benign,True
2026-03-15 08:53:22.780364020,443,6,105736.17807249533,20,14,315,6966,553.9192393720865,851.892824489781,14191.398996517291,0,1,1,1,0,Benign,True
2026-03-15 08:53:24.068569110,53,6,47474.13989308584,7,19,7446,1070,47.933352060898436,217.3618821753674,4239.893256071736,1,0,1,1,0,Benign,True
2026-03-15 08:53:25.168365412,22,6,55520.19252963593,16,4,2386,9195,582.5666837102748,869.404860210938,13392.533781991913,1,0,1,1,1,Benign,True
2026-03-15 08:53:26.339186892,53,17,54764.631310121,16,14,6600,12540,249.11547949120356,831.4865541350931,8381.809774626094,0,0,1,1,1,Benign,True
2026-03-15 08:53:27.583128427,443,6,2448.0521838721243,8,22,573,9713,270.619399048569,319.97222626548387,2568.898025681079,0,0,0,1,0,Benign,True
2026-03-15 08:53:28.849199477,8080,6,119111.92917852149,15,24,4224,9621,55.14417171377981,716.8506731986433,6405.977983779303,0,0,0,1,0,Benign,True
2026-03-15 08:53:30.000589926,80,6,102999.40398793864,12,18,5274,2114,495.91818807165873,484.8092871260645,9234.77261832785,0,0,1,1,0,Benign,True
2026-03-15 08:53:31.183286670,443,17,199062.37763111593,4,21,7428,2399,290.6256546843762,156.98118018685264,12331.345807498124,0,0,1,1,0,Benign,True
2026-03-15 08:53:32.590701185,8080,6,157294.74335721042,10,25,3845,10179,237.19046009627763,804.6113774641852,12453.704969843198,1,0,1,1,0,Benign,True
2026-03-15 08:53:33.747388794,8080,6,194709.8067990378,8,5,7296,14051,370.6507608043225,633.3877321807927,12252.51826396785,0,0,1,1,0,Benign,True
2026-03-15 08:53:34.704827096,80,6,108139.50601760167,24,12,2343,12874,117.87046420261152,387.821022599037,4255.4896159835425,1,0,1,1,0,Benign,True
2026-03-15 08:53:36.180346270,22,6,108247.3244706297,15,5,2159,12049,548.2763601425762,790.5659709589867,2261.876513061419,1,0,1,1,0,Benign,True
2026-03-15 08:53:37.412190401,80,6,16301.857736321319,5,28,5129,10961,167.25696274960484,266.2325440702559,12572.8036218868,0,0,1,1,0,Benign,True
2026-03-15 08:53:38.192095323,80,6,4065.362898002381,15,23,3110,10672,581.4557949145996,305.4667549689478,10376.679421251836,0,0,0,1,0,Benign,True
2026-03-15 08:53:39.649609477,80,6,139020.17294290874,4,22,6303,923,461.48945816944115,188.17276993567327,7917.222735246681,0,0,1,1,0,Benign,True
2026-03-15 08:53:40.671187196,443,17,155117.1732006904,3,13,6754,1112,184.16118928843093,792.3107831873053,6342.759323005241,0,0,1,1,0,Benign,True
2026-03-15 08:53:42.143503393,80,6,14430.175223377477,15,1,6211,14632,70.6924019807237,109.564800057551,13360.433437770953,1,0,0,1,0,Benign,True
2026-03-15 08:53:43.043271197,53,6,23021.32928275796,19,18,3217,2608,406.52896705722026,451.705727438964,7681.456789331317,0,0,1,1,0,Benign,True
2026-03-15 08:53:44.502842114,443,17,177838.9701606076,23,6,7152,987,284.8718447388047,840.4876000768115,2325.5287730950986,0,0,1,1,0,Benign,True
2026-03-15 08:53:45.453074793,80,6,169616.48830082684,12,19,3440,13531,363.3037347224294,862.3883432625726,11677.755172972404,0,0,0,1,1,Benign,True
2026-03-15 08:53:46.806686258,53,6,95428.70450461449,17,6,3078,7150,316.0406111112935,1079.705246853888,13317.5839916876,0,0,1,1,1,Benign,True
2026-03-15 08:53:48.269187880,22,6,188812.93542425527,6,21,4741,8049,270.41664222766553,156.61737003515992,3141.0075099225223,0,0,1,1,0,Benign,True
2026-03-15 08:53:49.128784523,53,17,2449.7524454050313,24,14,6635,3063,539.3408752282661,551.240329665106,5344.685749367411,0,0,0,1,0,Benign,True
2026-03-15 08:53:50.625443091,53,17,71695.09023803975,10,12,4617,14674,488.4583241616138,660.9459055890671,2415.3379213690955,0,0,1,1,0,Benign,True
2026-03-15 08:53:51.892166748,8080,6,140421.1003662131,16,16,2463,13043,456.3297448052673,602.9954783082243,3291.7039669484807,0,0,0,1,0,Benign,True
2026-03-15 08:53:53.024910509,22,6,6533.994267032227,9,20,3579,10951,230.25879741470962,1088.6581059016362,12806.621712435699,1,0,1,1,0,Benign,True
2026-03-15 08:53:53.799519617,8080,6,45168.17587952236,12,6,1222,14165,347.3375639704519,141.71242407610004,3039.78521875835,0,0,1,1,0,Benign,True
2026-03-15 08:53:55.391794931,22,17,134443.34092127252,4,8,4332,8249,372.281514685376,169.3092403406775,3938.7162564068535,0,0,1,1,1,Benign,True
2026-03-15 08:53:56.119289637,8080,17,187755.9508974486,8,7,2913,5283,59.36437939009407,398.04121631055887,3075.6300863593665,0,0,1,1,0,Benign,True
2026-03-15 08:53:57.535981130,22,6,195312.86509831744,18,23,295,3016,269.50404153869215,604.6967397095657,8702.515383419368,0,0,0,1,0,Benign,True
2026-03-15 08:53:59.022440023,22,6,29972.84925982037,20,8,4229,9189,242.15050894291767,399.62096126410864,5811.48121438286,1,0,0,1,0,Benign,True
2026-03-15 08:54:00.113251327,24815,6,207.51372279223744,2,0,88,0,61.143796465110526,0.0,18.21460812496317,1,0,0,0,0,PortScan,True
2026-03-15 08:54:01.219644256,36807,6,11.24449265544871,1,0,118,0,52.4038411326738,0.0,41.0942510981502,1,1,0,0,0,PortScan,True
2026-03-15 08:54:02.332718415,51362,6,689.1100379133417,2,0,96,0,53.54479865642916,0.0,48.323098070615096,1,1,0,0,0,PortScan,True
2026-03-15 08:54:03.787378167,19271,6,617.5603742859603,2,0,112,0,54.72767211074239,0.0,36.1609950148102,1,1,0,0,0,PortScan,True
2026-03-15 08:54:04.925735042,24714,6,206.54819522984846,1,0,52,0,63.54696995007459,0.0,46.22618702766157,1,0,0,0,0,PortScan,True
2026-03-15 08:54:05.981043191,41519,6,675.7781189043958,1,0,41,0,54.14677206609841,0.0,46.865125559001214,1,1,0,0,0,PortScan,True
2026-03-15 08:54:07.435490602,55915,6,508.3432751137765,2,0,85,0,57.36732275082655,0.0,16.056886905281054,1,0,0,0,0,PortScan,True
2026-03-15 08:54:08.237968810,25553,6,669.8900494862825,2,0,44,0,55.952986523490836,0.0,24.66188939798176,1,0,0,0,0,PortScan,True
2026-03-15 08:54:09.402234905,59659,6,89.56807927838109,1,0,119,0,55.246646857083164,0.0,30.67795430013384,1,1,0,0,0,PortScan,True
2026-03-15 08:54:10.885682258,14051,6,676.0122521345179,1,0,100,0,56.38496837043161,0.0,31.948875574686927,1,1,0,0,0,PortScan,True
2026-03-15 08:54:12.283196605,23169,6,215.25916131934963,1,0,42,0,57.785505443871266,0.0,24.452360803269368,1,1,0,0,0,PortScan,True
2026-03-15 08:54:13.048353943,19537,6,41.75947381202532,1,0,70,0,43.71344387873457,0.0,41.73443085672421,1,1,0,0,0,PortScan,True
2026-03-15 08:54:14.249802227,2949,6,482.38018585500015,2,0,62,0,58.80971638523238,0.0,41.988955434734805,1,1,0,0,0,PortScan,True
2026-03-15 08:54:15.383699308,5182,6,231.9484012939189,2,0,97,0,56.81597892221966,0.0,46.064250797204906,1,0,0,0,0,PortScan,True
2026-03-15 08:54:17.016338133,41907,6,710.7869073745896,2,0,66,0,57.188746389863724,0.0,16.86686703461116,1,0,0,0,0,PortScan,True
2026-03-15 08:54:17.835838524,19499,6,516.8125994377946,1,0,44,0,42.31545418981953,0.0,34.70646303435372,1,1,0,0,0,PortScan,True
2026-03-15 08:54:19.201907116,57126,6,28.10556782278725,1,0,104,0,40.03994690316134,0.0,46.77406047936404,1,1,0,0,0,PortScan,True
2026-03-15 08:54:20.694523486,4901,6,556.7697028725188,2,0,73,0,63.93388027662496,0.0,26.596912379579205,1,1,0,0,0,PortScan,True
2026-03-15 08:54:21.307284540,40301,6,758.7131680706395,2,0,45,0,61.09312226641635,0.0,20.02490271751342,1,1,0,0,0,PortScan,True
2026-03-15 08:54:22.833891654,32449,6,497.5759871456771,1,0,78,0,52.03558245009865,0.0,12.655450877242277,1,1,0,0,0,PortScan,True
2026-03-15 08:54:24.007373425,18143,6,129.66062877702007,1,0,68,0,57.45186635669063,0.0,7.0302746244716126,1,0,0,0,0,PortScan,True
2026-03-15 08:54:25.384468425,46158,6,471.5659350985826,1,0,105,0,47.4545241170375,0.0,18.484472784693814,1,1,0,0,0,PortScan,True
2026-03-15 08:54:26.313168923,5647,6,717.8389719965141,1,0,86,0,61.43332744524659,0.0,20.918557348757368,1,0,0,0,0,PortScan,True
2026-03-15 08:54:27.546204815,51800,6,472.19562122482336,2,0,55,0,46.386715831739025,0.0,23.025542117780688,1,1,0,0,0,PortScan,True
2026-03-15 08:54:28.600762788,12182,6,234.9287511056455,1,0,58,0,56.56326165468605,0.0,18.76452907673697,1,1,0,0,0,PortScan,True
2026-03-15 08:54:30.144489138,16170,6,596.8789471524195,2,0,97,0,61.94649599060589,0.0,47.95185485099539,1,0,0,0,0,PortScan,True
2026-03-15 08:54:31.370825345,46840,6,632.2566903438844,1,0,82,0,41.702633019035744,0.0,48.291669105747395,1,1,0,0,0,PortScan,True
2026-03-15 08:54:32.181997992,51235,6,720.3712960043932,1,0,56,0,52.02207916732754,0.0,24.82439947999084,1,0,0,0,0,PortScan,True
2026-03-15 08:54:33.536074244,54495,6,120.28918549208802,1,0,109,0,52.730455543140565,0.0,32.03719794531796,1,0,0,0,0,PortScan,True
2026-03-15 08:54:35.035742997,57048,6,748.6919341942039,2,0,114,0,56.11480217451138,0.0,19.424884241607725,1,0,0,0,0,PortScan,True
2026-03-15 08:54:35.701624364,38982,6,667.9744832807386,2,0,96,0,41.636569714703974,0.0,20.03884276132154,1,0,0,0,0,PortScan,True
2026-03-15 08:54:37.079255442,63371,6,301.5300456783208,2,0,93,0,53.13295565297445,0.0,45.111837518226714,1,0,0,0,0,PortScan,True
2026-03-15 08:54:38.433025371,14381,6,437.51617683396296,1,0,106,0,59.75775163808212,0.0,43.67175030537939,1,1,0,0,0,PortScan,True
2026-03-15 08:54:39.500456315,53528,6,200.8635401432658,2,0,98,0,62.91216459947969,0.0,17.83848490625609,1,0,0,0,0,PortScan,True
2026-03-15 08:54:40.663227113,2394,6,536.5096130377558,1,0,94,0,43.23314471906087,0.0,13.978207322017102,1,1,0,0,0,PortScan,True
2026-03-15 08:54:41.976022490,35718,6,354.4538169332389,2,0,58,0,54.539757288729426,0.0,7.3699597475273135,1,0,0,0,0,PortScan,True
2026-03-15 08:54:43.008913864,34840,6,238.71981300942247,1,0,68,0,42.7567919481279,0.0,12.551136327925121,1,1,0,0,0,PortScan,True
2026-03-15 08:54:44.417775144,6840,6,646.870964281368,1,0,54,0,55.76248188136086,0.0,15.514362611883369,1,1,0,0,0,PortScan,True
2026-03-15 08:54:45.724017552,47913,6,112.51941616996179,1,0,106,0,43.701108768433265,0.0,13.926508251398666,1,0,0,0,0,PortScan,True
2026-03-15 08:54:46.845176971,28779,6,531.9692106619989,2,0,49,0,46.81861632732496,0.0,43.62640826464845,1,0,0,0,0,PortScan,True
2026-03-15 08:54:47.755865598,50041,6,431.55698719189894,1,0,47,0,59.29482799765779,0.0,15.0107734150748,1,0,0,0,0,PortScan,True
2026-03-15 08:54:49.406645168,2184,6,648.4801829170825,2,0,107,0,57.633556274189225,0.0,15.556859136442114,1,1,0,0,0,PortScan,True
2026-03-15 08:54:50.204986702,51963,6,387.4352181439253,2,0,119,0,56.2328412039205,0.0,43.02481372602039,1,0,0,0,0,PortScan,True
2026-03-15 08:54:51.758887200,62234,6,742.1205248397254,2,0,108,0,58.84119174661077,0.0,47.35503884105212,1,1,0,0,0,PortScan,True
2026-03-15 08:54:52.716339066,25156,6,522.4652615723163,2,0,55,0,57.9797900396312,0.0,31.630619355184518,1,1,0,0,0,PortScan,True
2026-03-15 08:54:54.169656808,53797,6,705.4228750992982,1,0,40,0,57.230885979135294,0.0,30.45474428687706,1,1,0,0,0,PortScan,True
2026-03-15 08:54:55.023763742,55521,6,425.0214169342786,1,0,60,0,55.8249921562861,0.0,39.36955364680889,1,1,0,0,0,PortScan,True
2026-03-15 08:54:56.211997262,8366,6,448.2693109998905,2,0,67,0,55.35482280825069,0.0,45.47774463055333,1,1,0,0,0,PortScan,True
2026-03-15 08:54:57.598215507,22659,6,411.88992619397214,1,0,97,0,52.09991266963053,0.0,31.610752048500448,1,1,0,0,0,PortScan,True
2026-03-15 08:54:58.519761608,48261,6,700.4205509029059,1,0,46,0,52.253276974110406,0.0,33.004234211508475,1,1,0,0,0,PortScan,True
2026-03-15 08:54:59.835178403,13798,6,120.48461241622233,1,0,76,0,51.22269108118813,0.0,16.596734063826794,1,1,0,0,0,PortScan,True
2026-03-15 08:55:01.334407351,39134,6,260.86922453699196,1,0,44,0,41.411181517725375,0.0,14.048700874341321,1,0,0,0,0,PortScan,True
2026-03-15 08:55:02.602430086,1862,6,73.56712588958146,1,0,57,0,49.80138938810765,0.0,31.906632145242373,1,1,0,0,0,PortScan,True
2026-03-15 08:55:03.348471218,36776,6,793.6022592622589,1,0,73,0,48.80929440856145,0.0,35.6698796922457,1,0,0,0,0,PortScan,True
2026-03-15 08:55:05.029246625,60682,6,485.3003336510536,2,0,71,0,49.956011677099895,0.0,43.864612191543706,1,1,0,0,0,PortScan,True
2026-03-15 08:55:06.178510322,13074,6,570.8357928063779,2,0,96,0,51.571726529873686,0.0,18.29711198641736,1,1,0,0,0,PortScan,True
2026-03-15 08:55:07.421810577,26978,6,481.9227896326241,1,0,105,0,61.643152725644036,0.0,38.474217241610404,1,0,0,0,0,PortScan,True
2026-03-15 08:55:08.519057132,6733,6,629.8816890063872,2,0,98,0,57.48267411798224,0.0,20.087680257032286,1,1,0,0,0,PortScan,True
2026-03-15 08:55:09.704491840,45232,6,307.81284603361553,2,0,47,0,45.85639374559596,0.0,44.36981095786999,1,1,0,0,0,PortScan,True
2026-03-15 08:55:10.815055940,36726,6,268.11903115413793,2,0,67,0,45.189042952318694,0.0,43.915069729805595,1,0,0,0,0,PortScan,True
2026-03-15 08:55:12.091672334,54060,6,667.539624292486,2,0,98,0,58.642998256231834,0.0,25.383739650861692,1,0,0,0,0,PortScan,True
2026-03-15 08:55:13.451465798,20724,6,715.7689527970788,1,0,76,0,41.32551255062728,0.0,33.55346304075459,1,1,0,0,0,PortScan,True
2026-03-15 08:55:14.160313200,31991,6,294.65188342431446,2,0,68,0,46.986263672390066,0.0,25.89629791735172,1,0,0,0,0,PortScan,True
2026-03-15 08:55:15.489458686,44473,6,494.4694245526927,1,0,104,0,42.34399751089402,0.0,6.215555434183818,1,1,0,0,0,PortScan,True
2026-03-15 08:55:16.543472984,38190,6,265.822128085729,1,0,102,0,51.68170155285037,0.0,10.470201358909975,1,1,0,0,0,PortScan,True
2026-03-15 08:55:18.266883103,37010,6,149.25446687187758,2,0,106,0,58.34434342106249,0.0,12.525197230520224,1,1,0,0,0,PortScan,True
2026-03-15 08:55:19.167159279,5937,6,785.6378970284609,2,0,56,0,49.36521887568349,0.0,32.902593939645726,1,1,0,0,0,PortScan,True
2026-03-15 08:55:20.505206682,46649,6,599.0637632172359,2,0,77,0,59.864666340823995,0.0,17.912379834776075,1,1,0,0,0,PortScan,True
2026-03-15 08:55:21.804672038,52978,6,39.661463719369145,1,0,95,0,62.25857011589012,0.0,40.55231210921345,1,1,0,0,0,PortScan,True
2026-03-15 08:55:23.094600148,13116,6,725.0726835347502,2,0,59,0,45.60539785217827,0.0,10.803123626888928,1,1,0,0,0,PortScan,True
2026-03-15 08:55:23.797069474,65472,6,124.6615367646368,2,0,100,0,49.370845252938054,0.0,15.46784919434986,1,1,0,0,0,PortScan,True
2026-03-15 08:55:25.379707563,7511,6,424.2248003284692,2,0,52,0,40.318648232349815,0.0,34.01553484112834,1,1,0,0,0,PortScan,True
2026-03-15 08:55:26.632453738,400,6,464.6457447617246,1,0,87,0,58.42489328840478,0.0,20.021444171654537,1,1,0,0,0,PortScan,True
2026-03-15 08:55:27.329325226,63025,6,443.30886851903847,1,0,81,0,56.604926149221406,0.0,24.326824053653354,1,1,0,0,0,PortScan,True
2026-03-15 08:55:28.952454336,5183,6,343.311500833561,1,0,78,0,56.92946294231861,0.0,17.163285155659686,1,1,0,0,0,PortScan,True
2026-03-15 08:55:29.912835192,4251,6,710.2261428765792,1,0,54,0,40.05403668005524,0.0,31.01539101547421,1,1,0,0,0,PortScan,True
2026-03-15 08:55:31.289158074,36821,6,244.0340823520651,1,0,100,0,46.2548351661165,0.0,40.534807245815884,1,0,0,0,0,PortScan,True
2026-03-15 08:55:32.408428917,15670,6,396.8049375711814,2,0,61,0,62.812964185361096,0.0,39.83962182736253,1,1,0,0,0,PortScan,True
2026-03-15 08:55:33.455845351,59629,6,258.7119219002165,2,0,94,0,50.33253288971515,0.0,30.40634097184511,1,0,0,0,0,PortScan,True
2026-03-15 08:55:34.581132817,5389,6,327.21532667792087,2,0,97,0,61.49073716942793,0.0,45.23477193297281,1,1,0,0,0,PortScan,True
2026-03-15 08:55:35.770168339,46118,6,430.9208996248048,2,0,58,0,57.7158327048942,0.0,10.006037767985095,1,1,0,0,0,PortScan,True
2026-03-15 08:55:36.961993714,24329,6,234.13838060794353,1,0,57,0,46.57586097627558,0.0,41.527262058244034,1,0,0,0,0,PortScan,True
2026-03-15 08:55:38.482674024,65351,6,281.0946366908542,2,0,93,0,54.19903699269799,0.0,49.89949351796789,1,0,0,0,0,PortScan,True
2026-03-15 08:55:39.510846510,43017,6,286.3478252133992,1,0,55,0,51.13379613144451,0.0,42.681209532837265,1,0,0,0,0,PortScan,True
2026-03-15 08:55:40.629980062,7333,6,20.394253407758505,2,0,71,0,56.599017803136675,0.0,45.73640632995243,1,1,0,0,0,PortScan,True
2026-03-15 08:55:42.115131055,52765,6,547.9618494610471,1,0,43,0,49.4645246746887,0.0,39.681480052538156,1,0,0,0,0,PortScan,True
2026-03-15 08:55:43.312109739,12068,6,253.5359218525,2,0,82,0,55.536996590496756,0.0,8.517378763373609,1,1,0,0,0,PortScan,True
2026-03-15 08:55:44.423500975,23133,6,731.841900806922,2,0,47,0,46.07193508196274,0.0,5.615666996324919,1,1,0,0,0,PortScan,True
2026-03-15 08:55:45.860974690,19614,6,741.854585735993,2,0,72,0,43.57002993257702,0.0,6.308805456177286,1,0,0,0,0,PortScan,True
2026-03-15 08:55:46.731248538,24119,6,414.65997186602124,2,0,112,0,45.19483676152556,0.0,40.15846056458372,1,1,0,0,0,PortScan,True
2026-03-15 08:55:48.201517782,36513,6,691.821468227947,2,0,59,0,49.63228539929568,0.0,20.57942543668286,1,0,0,0,0,PortScan,True
2026-03-15 08:55:48.945083644,56209,6,190.45892990404496,1,0,89,0,63.086588281090364,0.0,32.26814852272743,1,1,0,0,0,PortScan,True
2026-03-15 08:55:50.543898656,2381,6,525.0558996455653,1,0,64,0,42.24102556279972,0.0,9.209299527683466,1,1,0,0,0,PortScan,True
2026-03-15 08:55:51.893068448,13825,6,311.9819374510585,1,0,115,0,51.92180271011915,0.0,36.11777377228367,1,1,0,0,0,PortScan,True
2026-03-15 08:55:53.007958929,47901,6,138.41408569207073,2,0,95,0,43.602200301158604,0.0,25.04977657384396,1,0,0,0,0,PortScan,True
2026-03-15 08:55:54.047798831,14200,6,524.1836462612374,2,0,69,0,63.137716481420426,0.0,41.74642338026352,1,1,0,0,0,PortScan,True
2026-03-15 08:55:55.276059638,41009,6,41.28812235221033,2,0,42,0,50.37066371885813,0.0,46.16150590232745,1,0,0,0,0,PortScan,True
2026-03-15 08:55:56.311973729,5485,6,341.9101837710231,1,0,103,0,47.67502720550834,0.0,46.82220749623173,1,1,0,0,0,PortScan,True
2026-03-15 08:55:57.707691130,38614,6,496.9583994218076,1,0,50,0,50.58425739107412,0.0,45.401199537413326,1,0,0,0,0,PortScan,True
2026-03-15 08:55:58.962237229,9540,6,750.5148611694814,2,0,119,0,56.085895548404466,0.0,21.03222456603728,1,0,0,0,0,PortScan,True
2026-03-15 08:56:00.298937088,37917,6,152.06302693926966,1,0,81,0,41.50572702683625,0.0,34.86045208994793,1,0,0,0,0,PortScan,True
2026-03-15 08:56:01.195477750,1315,6,248.15478571210716,1,0,94,0,44.19466926736577,0.0,19.952465743394377,1,0,0,0,0,PortScan,True
2026-03-15 08:56:02.136782439,33576,6,188.48093008949542,1,0,119,0,51.329438623861236,0.0,10.712636409615722,1,0,0,0,0,PortScan,True
2026-03-15 08:56:03.657514770,8269,6,581.6189686086914,2,0,92,0,49.19197797539539,0.0,46.89896257963423,1,1,0,0,0,PortScan,True
2026-03-15 08:56:04.571414489,2213,6,355.0551746537779,2,0,99,0,49.90846557583551,0.0,29.536981269651214,1,1,0,0,0,PortScan,True
2026-03-15 08:56:05.846859026,3935,6,761.7689824700093,1,0,48,0,63.50238739801273,0.0,38.95779334354052,1,1,0,0,0,PortScan,True
2026-03-15 08:56:07.097267946,49347,6,266.7938271953311,2,0,49,0,60.90272683667902,0.0,9.67960853284616,1,1,0,0,0,PortScan,True
2026-03-15 08:56:08.538617923,26168,6,649.759530489184,1,0,110,0,45.26014699174206,0.0,35.56609210435009,1,0,0,0,0,PortScan,True
2026-03-15 08:56:09.410284874,15232,6,390.6215048111732,2,0,63,0,60.433009766823744,0.0,27.771068276716846,1,1,0,0,0,PortScan,True
2026-03-15 08:56:10.599451768,40905,6,377.0783366009418,2,0,88,0,57.21575787538109,0.0,41.232570583649604,1,0,0,0,0,PortScan,True
2026-03-15 08:56:11.726978545,11552,6,351.69674390948256,1,0,117,0,58.03891174920754,0.0,28.529407302424133,1,0,0,0,0,PortScan,True
2026-03-15 08:56:13.423943961,6468,6,508.78383516948946,2,0,67,0,57.444504287527536,0.0,13.086281239049445,1,0,0,0,0,PortScan,True
2026-03-15 08:56:14.516103254,42789,6,357.9160600723763,1,0,66,0,54.493936839346084,0.0,5.6734970230610005,1,1,0,0,0,PortScan,True
2026-03-15 08:56:15.323967879,49021,6,390.91708296307576,2,0,103,0,46.159986266035936,0.0,37.35190873766443,1,1,0,0,0,PortScan,True
2026-03-15 08:56:16.516975383,52366,6,330.3887972277834,2,0,79,0,44.50341500292662,0.0,42.991228387809514,1,1,0,0,0,PortScan,True
2026-03-15 08:56:18.035204577,843,6,466.73120579909636,2,0,82,0,41.8463565103376,0.0,20.64511887353473,1,1,0,0,0,PortScan,True
2026-03-15 08:56:19.069520640,40271,6,737.5853430535831,1,0,55,0,56.3148649250437,0.0,18.55588932229496,1,1,0,0,0,PortScan,True
2026-03-15 08:56:20.458035810,4761,6,663.2012399101279,1,0,66,0,51.09071879656069,0.0,48.160012919879335,1,1,0,0,0,PortScan,True
2026-03-15 08:56:21.560762505,4307,6,624.020501500793,1,0,67,0,46.62017765772998,0.0,42.44634073682868,1,1,0,0,0,PortScan,True
2026-03-15 08:56:23.053987537,23679,6,59.01165921640305,1,0,71,0,46.713163064789555,0.0,45.39892690691182,1,1,0,0,0,PortScan,True
2026-03-15 08:56:23.872685408,31857,6,43.70110475164739,2,0,112,0,53.23360923258754,0.0,12.510567266884845,1,0,0,0,0,PortScan,True
2026-03-15 08:56:25.307487221,3284,6,215.68310033491773,1,0,96,0,56.11969779089439,0.0,40.33364557340655,1,0,0,0,0,PortScan,True
2026-03-15 08:56:26.132432586,62044,6,397.58784216980473,2,0,103,0,54.64683076026735,0.0,40.97885622816645,1,0,0,0,0,PortScan,True
2026-03-15 08:56:27.873516320,20512,6,647.7610175657711,1,0,85,0,54.881296677275735,0.0,44.55284728518225,1,1,0,0,0,PortScan,True
2026-03-15 08:56:29.088454480,40014,6,275.45789371299924,2,0,91,0,60.07759812544289,0.0,49.80232512157918,1,1,0,0,0,PortScan,True
2026-03-15 08:56:30.143444777,33443,6,634.2284263765263,1,0,95,0,58.40681175336769,0.0,15.943084370361928,1,1,0,0,0,PortScan,True
2026-03-15 08:56:31.179127482,8411,6,444.0766629664921,2,0,69,0,63.36483503031383,0.0,43.48717411646485,1,1,0,0,0,PortScan,True
2026-03-15 08:56:32.231996063,39142,6,665.9924138596053,2,0,103,0,56.30088423372573,0.0,16.544413275717638,1,1,0,0,0,PortScan,True
2026-03-15 08:56:33.787509804,47386,6,582.6619760044393,1,0,54,0,53.13468382173785,0.0,19.346026360340204,1,1,0,0,0,PortScan,True
2026-03-15 08:56:34.941812458,7274,6,685.6765608119988,2,0,41,0,42.74372599638733,0.0,46.64825707800589,1,0,0,0,0,PortScan,True
2026-03-15 08:56:35.833172423,19573,6,651.9118973753336,2,0,48,0,40.770575856568726,0.0,38.09406383065483,1,1,0,0,0,PortScan,True
2026-03-15 08:56:37.170729176,48532,6,301.34660495077964,2,0,96,0,46.63527290028478,0.0,49.885491205198406,1,0,0,0,0,PortScan,True
2026-03-15 08:56:38.377679362,25211,6,142.6454145035878,1,0,96,0,53.71423305252037,0.0,16.11432320498651,1,0,0,0,0,PortScan,True
2026-03-15 08:56:39.795846329,62597,6,701.0973840965138,1,0,45,0,55.43831238081637,0.0,32.45579212746321,1,1,0,0,0,PortScan,True
2026-03-15 08:56:40.910306810,22595,6,670.815384266227,2,0,84,0,50.32699209274002,0.0,8.643474427477864,1,1,0,0,0,PortScan,True
2026-03-15 08:56:42.085900526,2493,6,453.0523418477872,1,0,87,0,62.19443894616887,0.0,46.47749517918708,1,0,0,0,0,PortScan,True
2026-03-15 08:56:43.289896453,26702,6,573.0388321756034,2,0,60,0,42.01442115026421,0.0,32.77182018289855,1,1,0,0,0,PortScan,True
2026-03-15 08:56:44.262282047,62726,6,284.3893029542603,2,0,89,0,46.708887689297214,0.0,6.61399586086741,1,1,0,0,0,PortScan,True
2026-03-15 08:56:45.523026755,50372,6,269.2766243420676,1,0,95,0,54.96966235972697,0.0,34.98192836041456,1,1,0,0,0,PortScan,True
2026-03-15 08:56:46.527397371,38988,6,327.09582319387755,2,0,50,0,43.310777755288015,0.0,27.961188534207373,1,0,0,0,0,PortScan,True
2026-03-15 08:56:48.172164681,42418,6,413.63612428751304,2,0,84,0,60.69656735973634,0.0,40.8248754328684,1,1,0,0,0,PortScan,True
2026-03-15 08:56:49.159798929,29619,6,426.6100758657711,2,0,58,0,53.61938971727855,0.0,10.209432677996729,1,1,0,0,0,PortScan,True
2026-03-15 08:56:50.362943014,14901,6,416.8602000276468,2,0,51,0,40.75163036491099,0.0,43.72199757119224,1,0,0,0,0,PortScan,True
2026-03-15 08:56:51.447213758,4488,6,425.30222318017434,2,0,102,0,46.07706555084409,0.0,38.18507819244215,1,0,0,0,0,PortScan,True
2026-03-15 08:56:52.625656368,50738,6,60.55206136278569,2,0,64,0,46.16090138319873,0.0,45.11367281056047,1,1,0,0,0,PortScan,True
2026-03-15 08:56:54.052693157,18163,6,676.0297378450371,1,0,86,0,59.36572211457032,0.0,29.81038008584979,1,1,0,0,0,PortScan,True
2026-03-15 08:56:55.039531809,16564,6,236.29464512996432,2,0,77,0,61.79528136796961,0.0,8.272979333695126,1,1,0,0,0,PortScan,True
2026-03-15 08:56:56.138525310,60209,6,153.6733333712748,1,0,94,0,59.75450513756085,0.0,15.855736465523885,1,0,0,0,0,PortScan,True
2026-03-15 08:56:57.760504449,18749,6,359.5187875757612,2,0,54,0,58.28466721791245,0.0,16.42081952756135,1,0,0,0,0,PortScan,True
2026-03-15 08:56:58.725881660,31895,6,766.6143820080238,1,0,95,0,55.65122987820436,0.0,19.982398839034154,1,1,0,0,0,PortScan,True
2026-03-15 08:56:59.928141350,30618,6,150.69808595283737,1,0,59,0,57.73490896897155,0.0,15.665465941980298,1,0,0,0,0,PortScan,True
2026-03-15 08:57:01.158790968,20859,6,428.4055554332024,2,0,91,0,43.58118703048794,0.0,34.458764392084454,1,0,0,0,0,PortScan,True
2026-03-15 08:57:02.589026894,1344,6,72.42424227251172,1,0,117,0,56.634893118573046,0.0,9.494654730202015,1,0,0,0,0,PortScan,True
2026-03-15 08:57:03.492502137,63828,6,73.25364863155244,1,0,83,0,56.80351394641516,0.0,7.544845409583424,1,1,0,0,0,PortScan,True
2026-03-15 08:57:04.954821726,37574,6,195.48664893993646,1,0,96,0,43.495046533451585,0.0,43.240844951700204,1,1,0,0,0,PortScan,True
2026-03-15 08:57:06.263726904,8510,6,640.7745862206624,1,0,58,0,47.63086525248287,0.0,23.56766462565511,1,1,0,0,0,PortScan,True
2026-03-15 08:57:07.296520917,350,6,45.55208030144064,1,0,105,0,55.997031905603286,0.0,7.464632295894857,1,1,0,0,0,PortScan,True
2026-03-15 08:57:08.359008648,65266,6,295.280032189121,1,0,103,0,62.79524973486042,0.0,6.19579446464644,1,1,0,0,0,PortScan,True
2026-03-15 08:57:09.748673833,31566,6,244.81372840460716,1,0,82,0,57.182285184217065,0.0,12.660410239090556,1,0,0,0,0,PortScan,True
2026-03-15 08:57:10.774738421,41087,6,236.3714135211446,2,0,66,0,47.63733061086629,0.0,12.709031457669479,1,1,0,0,0,PortScan,True
2026-03-15 08:57:11.948656362,13329,6,784.2163152227137,2,0,81,0,41.813869687227196,0.0,29.11885475506688,1,1,0,0,0,PortScan,True
2026-03-15 08:57:13.215169898,6794,6,511.7741009146286,1,0,47,0,60.25109999478112,0.0,27.037112484116996,1,0,0,0,0,PortScan,True
2026-03-15 08:57:14.290633400,63563,6,41.963514054377185,2,0,68,0,63.96376069700235,0.0,29.86516119151883,1,0,0,0,0,PortScan,True
2026-03-15 08:57:15.362550129,14095,6,241.3399639530578,1,0,54,0,62.19281361263043,0.0,41.27946762956315,1,1,0,0,0,PortScan,True
2026-03-15 08:57:16.748911203,52453,6,304.56686847633745,2,0,77,0,51.22100821707416,0.0,43.18843855869241,1,1,0,0,0,PortScan,True
2026-03-15 08:57:17.774314128,56685,6,375.74193258798084,1,0,54,0,44.61697251603392,0.0,17.99883338694675,1,0,0,0,0,PortScan,True
2026-03-15 08:57:19.146264884,25209,6,410.2780898801336,1,0,86,0,61.8314372486685,0.0,5.109432514040817,1,0,0,0,0,PortScan,True
2026-03-15 08:57:20.434160232,5709,6,16.64411807040007,2,0,118,0,49.855606767105954,0.0,13.821156107293351,1,0,0,0,0,PortScan,True
2026-03-15 08:57:21.858426708,8128,6,780.9602975738451,1,0,71,0,48.501220575178806,0.0,21.40433825419169,1,0,0,0,0,PortScan,True
2026-03-15 08:57:22.521733398,35961,6,418.4357013828453,2,0,73,0,57.49242852549026,0.0,13.637644008678619,1,0,0,0,0,PortScan,True
2026-03-15 08:57:24.072875043,23033,6,596.1858966182233,2,0,77,0,58.960793806488034,0.0,42.84889206654919,1,1,0,0,0,PortScan,True
2026-03-15 08:57:25.174641111,32604,6,308.76145742632343,1,0,112,0,57.01729306513406,0.0,33.12106094475783,1,1,0,0,0,PortScan,True
2026-03-15 08:57:26.112156676,24250,6,452.66108104006855,1,0,98,0,63.72082295821534,0.0,24.49016007009791,1,1,0,0,0,PortScan,True
2026-03-15 08:57:27.449728905,51051,6,145.16002245045186,2,0,116,0,54.15172253854989,0.0,34.81563164986001,1,1,0,0,0,PortScan,True
2026-03-15 08:57:28.571091151,6663,6,44.99488350128651,2,0,67,0,61.0055759828232,0.0,12.51917699437556,1,1,0,0,0,PortScan,True
2026-03-15 08:57:29.830076487,26900,6,423.62632764082423,1,0,104,0,62.038070720712916,0.0,16.64757524286115,1,1,0,0,0,PortScan,True
2026-03-15 08:57:31.064742146,19343,6,533.6012148493137,2,0,90,0,46.544161357621206,0.0,29.743089270937627,1,0,0,0,0,PortScan,True
2026-03-15 08:57:32.340783801,13132,6,575.9759664539214,1,0,52,0,62.35124448776783,0.0,43.72732340838309,1,1,0,0,0,PortScan,True
2026-03-15 08:57:33.617423636,54778,6,789.9235949045249,2,0,50,0,55.039179308635354,0.0,25.21767872794904,1,1,0,0,0,PortScan,True
2026-03-15 08:57:34.500593996,50786,6,566.5042772176585,1,0,77,0,52.00083225739497,0.0,15.302118190662462,1,1,0,0,0,PortScan,True
2026-03-15 08:57:35.797121616,33666,6,23.022026407244297,2,0,64,0,63.78965783038971,0.0,13.014838776316822,1,1,0,0,0,PortScan,True
2026-03-15 08:57:36.956139831,7334,6,389.8657517339497,1,0,81,0,42.60106082193854,0.0,11.203148348659106,1,1,0,0,0,PortScan,True
2026-03-15 08:57:38.429804039,30895,6,639.9950501129989,1,0,53,0,59.495604536289655,0.0,23.266220770123972,1,1,0,0,0,PortScan,True
2026-03-15 08:57:39.497444922,63698,6,133.7835325905104,2,0,95,0,50.736602509727675,0.0,43.582267545220574,1,1,0,0,0,PortScan,True
2026-03-15 08:57:40.829038641,20188,6,334.6765332026706,1,0,51,0,60.59013484974206,0.0,20.78629221105095,1,1,0,0,0,PortScan,True
2026-03-15 08:57:41.833093981,44364,6,147.13833452758826,1,0,112,0,53.804075279167236,0.0,39.58700998798201,1,0,0,0,0,PortScan,True
2026-03-15 08:57:42.914537612,32482,6,578.8843862180623,2,0,47,0,53.2044529567858,0.0,17.22883873224667,1,1,0,0,0,PortScan,True
2026-03-15 08:57:44.664820140,10070,6,628.4312775998194,1,0,79,0,47.246238992798034,0.0,43.370913459413174,1,1,0,0,0,PortScan,True
2026-03-15 08:57:45.364984872,41795,6,576.6329590541833,2,0,64,0,48.37239745028081,0.0,47.48252053190683,1,1,0,0,0,PortScan,True
2026-03-15 08:57:46.576115248,18710,6,66.97522105435971,2,0,76,0,49.49787712875245,0.0,15.394516582790407,1,1,0,0,0,PortScan,True
2026-03-15 08:57:47.787928095,29536,6,258.2709153973444,1,0,73,0,43.17459203178554,0.0,21.926250164179894,1,1,0,0,0,PortScan,True
2026-03-15 08:57:49.488765914,55620,6,276.1476495565495,1,0,72,0,53.20272210303817,0.0,47.870910253830296,1,1,0,0,0,PortScan,True
2026-03-15 08:57:50.470596144,12786,6,459.8493179783663,1,0,84,0,47.81828392948421,0.0,16.888865928193958,1,1,0,0,0,PortScan,True
2026-03-15 08:57:51.666173971,42814,6,337.8327287510811,1,0,112,0,43.92530657915301,0.0,6.848773817884111,1,1,0,0,0,PortScan,True
2026-03-15 08:57:53.092018920,53090,6,339.24844132669324,2,0,107,0,60.297163377619135,0.0,16.470061116765855,1,1,0,0,0,PortScan,True
2026-03-15 08:57:53.753063261,49406,6,592.3484382989101,1,0,68,0,62.70387498506527,0.0,48.52186731040693,1,1,0,0,0,PortScan,True
2026-03-15 08:57:55.484700535,50244,6,735.9852195460423,1,0,80,0,43.33185117801474,0.0,37.94437698304183,1,1,0,0,0,PortScan,True
2026-03-15 08:57:56.222407887,34273,6,120.48806210073103,2,0,61,0,60.742271517108534,0.0,48.63133538314294,1,1,0,0,0,PortScan,True
2026-03-15 08:57:57.673842902,45033,6,288.06427504798773,1,0,77,0,47.21017424613261,0.0,32.50851146324628,1,0,0,0,0,PortScan,True
2026-03-15 08:57:58.752050139,33267,6,655.0163698048166,1,0,107,0,58.80412236037662,0.0,18.654560100356342,1,1,0,0,0,PortScan,True
2026-03-15 08:57:59.930371088,37367,6,317.52694622261237,1,0,111,0,60.24497535860361,0.0,42.394623653543555,1,0,0,0,0,PortScan,True
2026-03-15 08:58:01.458745997,46471,6,529.8427021540581,1,0,61,0,55.08257656796527,0.0,21.524217947454293,1,1,0,0,0,PortScan,True
2026-03-15 08:58:02.189536637,24785,6,239.08507984967645,2,0,84,0,57.760013128847945,0.0,30.471043392543212,1,1,0,0,0,PortScan,True
2026-03-15 08:58:03.898241406,56937,6,262.25128152349845,2,0,56,0,42.001269048799244,0.0,37.06020411765932,1,0,0,0,0,PortScan,True
2026-03-15 08:58:04.727475036,34588,6,712.9537802187045,1,0,76,0,44.06163505140281,0.0,38.050422455418264,1,0,0,0,0,PortScan,True
2026-03-15 08:58:06.089264942,43981,6,626.1284579086376,1,0,46,0,43.40101959834546,0.0,47.03856697695509,1,0,0,0,0,PortScan,True
2026-03-15 08:58:07.480744038,37116,6,179.777192327339,1,0,90,0,60.10278120781596,0.0,11.863456410288205,1,0,0,0,0,PortScan,True
2026-03-15 08:58:08.134560630,23665,6,693.343267967718,2,0,63,0,41.846011399338074,0.0,6.2495021277867995,1,1,0,0,0,PortScan,True
2026-03-15 08:58:09.853718617,40200,6,492.2943220093031,2,0,65,0,52.532652093826854,0.0,39.61675758762089,1,1,0,0,0,PortScan,True
2026-03-15 08:58:10.840686831,40373,6,516.4510958106016,2,0,107,0,40.23077962067225,0.0,26.60846962734138,1,1,0,0,0,PortScan,True
2026-03-15 08:58:12.122638127,25358,6,136.63455408996316,1,0,47,0,46.835682069239645,0.0,42.05349806373421,1,0,0,0,0,PortScan,True
2026-03-15 08:58:12.989510510,8929,6,485.9179432675479,2,0,45,0,54.236711335620605,0.0,16.3493527778593,1,0,0,0,0,PortScan,True
2026-03-15 08:58:14.420032458,29416,6,192.57400866414477,1,0,115,0,55.1932162216617,0.0,47.13034911643022,1,1,0,0,0,PortScan,True
2026-03-15 08:58:15.704108228,24790,6,410.58389194314685,2,0,84,0,51.33023160364767,0.0,30.326479053254797,1,1,0,0,0,PortScan,True
2026-03-15 08:58:16.773748384,38666,6,632.813885576066,1,0,90,0,42.60513643626297,0.0,33.93734749588213,1,1,0,0,0,PortScan,True
2026-03-15 08:58:17.792991106,25608,6,626.2140377877784,1,0,60,0,55.5285032033064,0.0,49.93644387003596,1,0,0,0,0,PortScan,True
2026-03-15 08:58:19.046471445,62785,6,251.25608127091982,2,0,110,0,47.79346475289188,0.0,38.01125420470754,1,0,0,0,0,PortScan,True
2026-03-15 08:58:20.612635674,51853,6,62.904296155946156,1,0,48,0,46.2470035344459,0.0,43.22814270585937,1,0,0,0,0,PortScan,True
2026-03-15 08:58:21.320682595,64770,6,684.2340562299647,1,0,76,0,54.129615431494116,0.0,8.77093427492017,1,1,0,0,0,PortScan,True
2026-03-15 08:58:22.925317247,24568,6,408.5100508362904,1,0,47,0,55.21146996542093,0.0,21.45045718170812,1,0,0,0,0,PortScan,True
2026-03-15 08:58:24.299634021,41281,6,411.41742740447495,1,0,95,0,43.51390920663431,0.0,38.94648334584017,1,0,0,0,0,PortScan,True
2026-03-15 08:58:24.904489797,40587,6,562.3465575743976,1,0,54,0,50.723777208390295,0.0,30.269798656659567,1,1,0,0,0,PortScan,True
2026-03-15 08:58:26.196627409,4000,6,417.79524391049387,2,0,70,0,62.92122630101272,0.0,48.92210869635308,1,0,0,0,0,PortScan,True
2026-03-15 08:58:27.704486580,57679,6,35.417602555717494,1,0,97,0,46.045544755085736,0.0,39.54589312049935,1,0,0,0,0,PortScan,True
2026-03-15 08:58:28.535994500,33854,6,65.41381281834792,2,0,90,0,55.63149449082512,0.0,12.277046846003453,1,1,0,0,0,PortScan,True
2026-03-15 08:58:30.053873990,57628,6,409.1090822202464,1,0,110,0,52.77608145077295,0.0,29.771461493593698,1,0,0,0,0,PortScan,True
2026-03-15 08:58:31.310400062,9099,6,49.735579704350116,2,0,43,0,54.550021570704146,0.0,43.05493804603608,1,1,0,0,0,PortScan,True
2026-03-15 08:58:32.452887808,63434,6,182.3404306605912,1,0,63,0,46.67226955946296,0.0,15.148312725532934,1,0,0,0,0,PortScan,True
2026-03-15 08:58:33.519110821,51686,6,434.9034593638235,2,0,76,0,51.80088143366651,0.0,10.596361525456476,1,1,0,0,0,PortScan,True
2026-03-15 08:58:34.918369377,38743,6,241.97023735784262,2,0,111,0,56.82899490063843,0.0,12.319582569007691,1,1,0,0,0,PortScan,True
2026-03-15 08:58:36.056576656,54498,6,74.5250818202285,2,0,48,0,43.53849595778548,0.0,41.47238417920359,1,1,0,0,0,PortScan,True
2026-03-15 08:58:37.024582303,4558,6,490.46276092475694,1,0,41,0,47.6109192621313,0.0,23.040891675753397,1,0,0,0,0,PortScan,True
2026-03-15 08:58:38.437881326,21946,6,59.14689920071941,2,0,101,0,54.10880357393086,0.0,16.903866253495053,1,1,0,0,0,PortScan,True
2026-03-15 08:58:39.829144330,1309,6,624.2983415176769,1,0,88,0,63.75269132785093,0.0,33.93170751963052,1,1,0,0,0,PortScan,True
2026-03-15 08:58:40.900099971,24735,6,646.2989496797198,2,0,106,0,50.42458358638587,0.0,20.083436974792008,1,1,0,0,0,PortScan,True
2026-03-15 08:58:41.983074904,25598,6,305.96793449075045,2,0,119,0,54.472089642569784,0.0,20.10653849408331,1,1,0,0,0,PortScan,True
2026-03-15 08:58:43.092950461,4880,6,646.8326299768014,2,0,52,0,40.055932475797285,0.0,44.087589367349445,1,1,0,0,0,PortScan,True
2026-03-15 08:58:44.151531725,41752,6,698.6027954318229,2,0,93,0,40.65038684477873,0.0,47.78511158548065,1,0,0,0,0,PortScan,True
2026-03-15 08:58:45.446776279,32382,6,506.0418696987644,1,0,45,0,58.11419367700237,0.0,33.49149257714373,1,0,0,0,0,PortScan,True
2026-03-15 08:58:46.506712051,30265,6,517.8238080149611,2,0,108,0,60.45151364674079,0.0,12.08336223668877,1,0,0,0,0,PortScan,True
2026-03-15 08:58:48.291975550,16719,6,603.6710445898701,1,0,53,0,51.62640730646926,0.0,18.489153498756526,1,1,0,0,0,PortScan,True
2026-03-15 08:58:49.033489351,41127,6,635.2324017342601,2,0,79,0,42.98609720432748,0.0,25.94115618045119,1,1,0,0,0,PortScan,True
2026-03-15 08:58:50.588925565,48594,6,605.660618119771,2,0,102,0,48.235923948238565,0.0,10.270436180521743,1,0,0,0,0,PortScan,True
2026-03-15 08:58:51.401186929,19311,6,143.99466653007255,2,0,83,0,49.45133179045203,0.0,42.608825943840934,1,0,0,0,0,PortScan,True
2026-03-15 08:58:52.670160689,26593,6,76.54554620472749,1,0,60,0,56.736719521238285,0.0,33.18038902019872,1,1,0,0,0,PortScan,True
2026-03-15 08:58:53.950966391,16553,6,687.9548710581755,2,0,60,0,51.29902227477837,0.0,12.568299285500228,1,0,0,0,0,PortScan,True
2026-03-15 08:58:55.094643398,48080,6,568.5931209925426,1,0,107,0,47.37313593077416,0.0,22.899393386897632,1,1,0,0,0,PortScan,True
2026-03-15 08:58:56.579010487,54637,6,626.3896771093704,1,0,95,0,49.771441544838545,0.0,20.347656539738427,1,1,0,0,0,PortScan,True
2026-03-15 08:58:57.874616044,9215,6,439.33837762353573,1,0,77,0,54.96010236189655,0.0,30.578514399894406,1,0,0,0,0,PortScan,True
2026-03-15 08:58:59.025176690,3985,6,341.6934351641311,2,0,55,0,59.15493314531199,0.0,46.09772484605267,1,0,0,0,0,PortScan,True
2026-03-15 08:58:59.792146720,44486,6,719.147102420637,1,0,90,0,59.124369680580294,0.0,21.037047358911884,1,0,0,0,0,PortScan,True
2026-03-15 08:59:01.366013205,55345,6,780.1480910591637,1,0,79,0,48.55866944547452,0.0,39.97447600972661,1,1,0,0,0,PortScan,True
2026-03-15 08:59:02.188768147,4110,6,767.1341663892733,1,0,61,0,44.517725652482554,0.0,5.7186346901127685,1,1,0,0,0,PortScan,True
2026-03-15 08:59:03.848028663,36442,6,479.29179581422875,1,0,47,0,53.078273388847805,0.0,24.427559788220304,1,1,0,0,0,PortScan,True
2026-03-15 08:59:04.810727145,56454,6,243.7497154282982,2,0,86,0,48.2684606309949,0.0,13.077576664492854,1,0,0,0,0,PortScan,True
2026-03-15 08:59:05.901828652,57943,6,753.1040631400309,2,0,41,0,45.25985532942734,0.0,20.321328929360195,1,1,0,0,0,PortScan,True
2026-03-15 08:59:06.994215298,51782,6,26.126723110500656,1,0,111,0,61.227176540736814,0.0,44.895696513697985,1,1,0,0,0,PortScan,True
2026-03-15 08:59:08.107085452,33879,6,280.4900985113419,1,0,49,0,41.66892479241968,0.0,44.019126138350984,1,1,0,0,0,PortScan,True
2026-03-15 08:59:09.448768194,64257,6,402.44067629683974,2,0,100,0,51.85484543241839,0.0,21.373008717817665,1,1,0,0,0,PortScan,True
2026-03-15 08:59:11.048412037,29972,6,176.16029185506395,1,0,49,0,45.07108395594093,0.0,48.69337921823228,1,1,0,0,0,PortScan,True
2026-03-15 08:59:12.178357315,56599,6,671.3810542274695,2,0,67,0,42.95263858455664,0.0,9.16945885730664,1,0,0,0,0,PortScan,True
2026-03-15 08:59:13.481876224,6788,6,600.3998616923795,2,0,44,0,62.776973530056786,0.0,34.43166702837874,1,0,0,0,0,PortScan,True
2026-03-15 08:59:14.160456912,8096,6,660.7180720059605,2,0,89,0,42.18361569676644,0.0,23.03501590132693,1,1,0,0,0,PortScan,True
2026-03-15 08:59:15.655307246,36954,6,597.5986299239105,2,0,63,0,60.955771563215755,0.0,16.283208695403417,1,1,0,0,0,PortScan,True
2026-03-15 08:59:16.654290284,30475,6,668.0301837038926,1,0,77,0,58.223513253418254,0.0,43.80355528424783,1,0,0,0,0,PortScan,True
2026-03-15 08:59:18.025765023,8665,6,90.0538024634017,2,0,119,0,63.30525382222575,0.0,39.056949142561415,1,0,0,0,0,PortScan,True
2026-03-15 08:59:19.092272931,41944,6,340.25973053082816,1,0,74,0,43.65673526345628,0.0,5.7560168899346476,1,1,0,0,0,PortScan,True
2026-03-15 08:59:20.270079330,47207,6,562.9919853812415,2,0,95,0,62.73245817172875,0.0,28.431740255249768,1,0,0,0,0,PortScan,True
2026-03-15 08:59:21.644307181,51487,6,788.7911411327973,2,0,57,0,47.936149071119445,0.0,21.30825223838086,1,0,0,0,0,PortScan,True
2026-03-15 08:59:22.609990897,1341,6,185.0428698075369,1,0,41,0,56.71398776776359,0.0,9.810731759487307,1,1,0,0,0,PortScan,True
2026-03-15 08:59:23.981480062,1974,6,291.3656466131952,2,0,100,0,55.61608999412003,0.0,38.88602621218652,1,1,0,0,0,PortScan,True
2026-03-15 08:59:25.290487359,53010,6,648.05537593104,2,0,102,0,57.51624271297993,0.0,21.986978371405613,1,1,0,0,0,PortScan,True
2026-03-15 08:59:26.176909243,17378,6,771.1222503384148,2,0,84,0,45.32362768426569,0.0,25.597775955635623,1,1,0,0,0,PortScan,True
2026-03-15 08:59:27.858356562,32829,6,380.12792562631836,1,0,86,0,62.75254012223078,0.0,17.648614784707338,1,1,0,0,0,PortScan,True
2026-03-15 08:59:28.803434819,50123,6,154.50753214590105,2,0,84,0,61.82380599409517,0.0,41.06043867197235,1,0,0,0,0,PortScan,True
2026-03-15 08:59:30.191716783,18379,6,471.8091833168324,2,0,62,0,55.11400823380832,0.0,12.81119033592427,1,0,0,0,0,PortScan,True
2026-03-15 08:59:31.292343258,26362,6,434.78991922153375,1,0,42,0,57.46591245851241,0.0,41.41700209499373,1,1,0,0,0,PortScan,True
2026-03-15 08:59:32.526000564,15684,6,723.4343892482212,2,0,103,0,41.05634619935333,0.0,8.812455420408108,1,1,0,0,0,PortScan,True
2026-03-15 08:59:33.729678564,58978,6,774.6449032943805,2,0,41,0,45.68705222489462,0.0,42.428792905409914,1,1,0,0,0,PortScan,True
2026-03-15 08:59:35.025059938,219,6,376.90143587214146,2,0,78,0,60.486864201963144,0.0,25.698590603651034,1,1,0,0,0,PortScan,True
2026-03-15 08:59:36.068163261,41759,6,216.8585256427795,2,0,60,0,62.526464949290016,0.0,24.093468152853134,1,0,0,0,0,PortScan,True
2026-03-15 08:59:37.066930291,17983,6,406.9668890736819,2,0,89,0,45.873706386401665,0.0,37.733467338048555,1,0,0,0,0,PortScan,True
2026-03-15 08:59:38.159705785,23702,6,206.99888365728467,1,0,67,0,60.53891621612165,0.0,28.819948755477053,1,1,0,0,0,PortScan,True
2026-03-15 08:59:39.663750371,34990,6,60.70724742613555,2,0,69,0,50.44428388259066,0.0,41.07765775482743,1,1,0,0,0,PortScan,True
2026-03-15 08:59:40.539811682,52997,6,277.4598286525053,2,0,79,0,59.52775656957295,0.0,46.196849672303436,1,0,0,0,0,PortScan,True
2026-03-15 08:59:41.844776071,61211,6,15.189689934458947,2,0,89,0,51.821894113897116,0.0,40.052937215013486,1,0,0,0,0,PortScan,True
2026-03-15 08:59:42.936424310,24489,6,167.12971905552672,2,0,115,0,43.79971207628931,0.0,46.055414756650535,1,0,0,0,0,PortScan,True
2026-03-15 08:59:44.429332553,33724,6,464.3105736922768,2,0,40,0,43.75452435701265,0.0,27.470038790612165,1,0,0,0,0,PortScan,True
2026-03-15 08:59:45.396202874,8666,6,155.62388205009464,2,0,60,0,60.83899573803174,0.0,39.134569661034284,1,0,0,0,0,PortScan,True
2026-03-15 08:59:46.866244391,47614,6,402.1134967622146,1,0,48,0,49.81738159497497,0.0,42.77961619274108,1,0,0,0,0,PortScan,True
2026-03-15 08:59:48.174519078,57471,6,662.9903211070078,1,0,93,0,45.648534283083656,0.0,47.7234698030225,1,0,0,0,0,PortScan,True
2026-03-15 08:59:49.393128432,26603,6,633.00025506946,2,0,54,0,63.11325024206464,0.0,40.373203870825016,1,0,0,0,0,PortScan,True
2026-03-15 08:59:50.285726104,20283,6,100.42311654006532,2,0,45,0,56.78630528857782,0.0,12.824796219234816,1,1,0,0,0,PortScan,True
2026-03-15 08:59:51.629372719,56333,6,19.420601158626702,2,0,85,0,53.97288537841831,0.0,23.383679686968893,1,1,0,0,0,PortScan,True
2026-03-15 08:59:52.837806456,23030,6,431.6718750018201,2,0,101,0,43.50054099510754,0.0,49.91441118960721,1,1,0,0,0,PortScan,True
2026-03-15 08:59:53.983732309,44167,6,759.7319253811653,2,0,102,0,47.74994585359311,0.0,14.975665246443837,1,1,0,0,0,PortScan,True
2026-03-15 08:59:55.293068334,4488,6,445.9366045382568,1,0,42,0,57.47041570520749,0.0,33.156149675385265,1,0,0,0,0,PortScan,True
2026-03-15 08:59:56.226052274,24243,6,589.419080551038,1,0,64,0,45.966213977525605,0.0,23.83491052317156,1,0,0,0,0,PortScan,True
2026-03-15 08:59:57.887545943,47291,6,215.28040221179648,1,0,51,0,47.22103091668025,0.0,26.007503386569624,1,1,0,0,0,PortScan,True
2026-03-15 08:59:58.558847896,1425,6,152.57645223745502,1,0,66,0,40.704971824417264,0.0,8.37986954632818,1,0,0,0,0,PortScan,True
2026-03-15 09:00:00.197532684,37221,6,601.126968394763,1,0,41,0,61.935489354893846,0.0,45.85082500678618,1,0,0,0,0,PortScan,True
2026-03-15 09:00:01.256457592,50015,6,98.52147489808445,2,0,79,0,54.14736842273287,0.0,31.905061360017474,1,1,0,0,0,PortScan,True
2026-03-15 09:00:02.246912848,42913,6,412.0749986260083,2,0,104,0,63.71659282153061,0.0,24.980985616838822,1,0,0,0,0,PortScan,True
2026-03-15 09:00:03.747405000,61295,6,267.4752594798531,1,0,68,0,61.319871166311295,0.0,48.27637610684006,1,0,0,0,0,PortScan,True
2026-03-15 09:00:04.550688537,41593,6,666.2238197404967,1,0,54,0,58.02813391263019,0.0,19.925199982625337,1,0,0,0,0,PortScan,True
2026-03-15 09:00:06.164650700,36611,6,219.081698745015,2,0,43,0,49.260314197978516,0.0,9.465209529683833,1,1,0,0,0,PortScan,True
2026-03-15 09:00:07.253991133,21071,6,47.6279458623548,2,0,114,0,42.9556569541379,0.0,34.519136959560036,1,0,0,0,0,PortScan,True
2026-03-15 09:00:08.166450191,58766,6,677.4854084907294,1,0,40,0,50.113292627013955,0.0,48.28559435983847,1,0,0,0,0,PortScan,True
2026-03-15 09:00:09.347703337,43810,6,584.0281490818571,2,0,70,0,41.45091030374249,0.0,42.48929187598691,1,1,0,0,0,PortScan,True
2026-03-15 09:00:10.950501800,20917,6,110.9862458004607,1,0,107,0,59.99736060228075,0.0,30.966029524217685,1,1,0,0,0,PortScan,True
2026-03-15 09:00:11.875761543,47561,6,401.97981954784797,1,0,95,0,58.60517116431702,0.0,17.06604789241384,1,1,0,0,0,PortScan,True
2026-03-15 09:00:13.433581110,63371,6,177.91435497795922,1,0,57,0,44.54430062188567,0.0,13.549171791856132,1,1,0,0,0,PortScan,True
2026-03-15 09:00:14.557243812,46013,6,624.5879385464782,1,0,80,0,51.70218277917237,0.0,13.609171399595915,1,1,0,0,0,PortScan,True
2026-03-15 09:00:15.718914146,58595,6,47.155468200400016,1,0,83,0,45.2715802338065,0.0,47.19459159153438,1,0,0,0,0,PortScan,True
2026-03-15 09:00:16.667163631,5591,6,778.5129901280454,2,0,53,0,59.02539513619428,0.0,38.354702113418575,1,1,0,0,0,PortScan,True
2026-03-15 09:00:18.125366711,61797,6,186.69925733625894,2,0,104,0,42.72370876123178,0.0,21.28450846888882,1,1,0,0,0,PortScan,True
2026-03-15 09:00:19.468888610,31244,6,263.57156554851287,2,0,67,0,55.20377747893552,0.0,35.50275186617171,1,0,0,0,0,PortScan,True
2026-03-15 09:00:20.154935900,36354,6,451.70979853039455,1,0,90,0,61.68036452021565,0.0,48.07820202530021,1,0,0,0,0,PortScan,True
2026-03-15 09:00:21.495697585,19138,6,550.1595854554809,1,0,115,0,57.84560490665089,0.0,43.18123751360382,1,0,0,0,0,PortScan,True
2026-03-15 09:00:22.640803359,32078,6,704.1970959597503,1,0,61,0,63.26552625595971,0.0,24.361790341022463,1,1,0,0,0,PortScan,True
2026-03-15 09:00:23.935950080,2205,6,424.87401852762804,1,0,100,0,57.63622940382503,0.0,47.39449268484407,1,1,0,0,0,PortScan,True
2026-03-15 09:00:25.345399592,4148,6,547.4789288242697,2,0,49,0,63.61503493857279,0.0,20.47831027708323,1,1,0,0,0,PortScan,True
2026-03-15 09:00:26.384545548,25114,6,663.5844921477424,1,0,85,0,49.37626007023533,0.0,5.2016012374505385,1,1,0,0,0,PortScan,True
2026-03-15 09:00:27.642438363,24800,6,208.0779373422793,1,0,113,0,58.79559757524031,0.0,47.84324093504656,1,0,0,0,0,PortScan,True
2026-03-15 09:00:28.688492932,23493,6,366.92355813757644,2,0,117,0,47.78226820345823,0.0,19.78365641667108,1,0,0,0,0,PortScan,True
2026-03-15 09:00:29.784773560,59593,6,403.253482189423,2,0,111,0,44.97921981026575,0.0,34.30885565777709,1,0,0,0,0,PortScan,True
2026-03-15 09:00:31.060160189,5785,6,763.3890143052022,1,0,102,0,62.84845180995487,0.0,23.01213514137618,1,1,0,0,0,PortScan,True
2026-03-15 09:00:32.615808180,51496,6,524.4044093504004,1,0,89,0,40.96648858936786,0.0,8.22781040411693,1,0,0,0,0,PortScan,True
2026-03-15 09:00:33.661450177,981,6,640.6903658233657,2,0,83,0,44.60964881443603,0.0,39.99277685664459,1,0,0,0,0,PortScan,True
2026-03-15 09:00:34.726793203,42415,6,716.2784848146885,1,0,70,0,57.45010468434327,0.0,12.627277540785546,1,0,0,0,0,PortScan,True
2026-03-15 09:00:36.173943589,13334,6,402.120440291907,1,0,69,0,53.15965400511709,0.0,8.380306216026096,1,1,0,0,0,PortScan,True
2026-03-15 09:00:36.938674459,6370,6,343.1962959699109,2,0,75,0,53.84784465005424,0.0,40.175362397437745,1,0,0,0,0,PortScan,True
2026-03-15 09:00:38.252334652,55793,6,729.3193674844431,2,0,43,0,40.31836861039414,0.0,16.13158354099739,1,1,0,0,0,PortScan,True
2026-03-15 09:00:39.438061892,28783,6,103.23544337231418,1,0,41,0,62.46064084401574,0.0,43.83615777073443,1,1,0,0,0,PortScan,True
2026-03-15 09:00:41.091218737,14021,6,471.1787200693324,1,0,47,0,46.86569882883104,0.0,12.77309565506269,1,1,0,0,0,PortScan,True
2026-03-15 09:00:42.123659149,53526,6,616.6617853050865,1,0,75,0,61.72035459704783,0.0,32.36701905318543,1,1,0,0,0,PortScan,True
2026-03-15 09:00:43.270671561,58651,6,354.7677951186225,1,0,68,0,49.78953737820788,0.0,20.7394669074717,1,1,0,0,0,PortScan,True
2026-03-15 09:00:44.102990979,44512,6,488.49308675466625,2,0,62,0,50.65604600807468,0.0,36.810555139527956,1,1,0,0,0,PortScan,True
2026-03-15 09:00:45.410586001,44705,6,215.4037803018141,1,0,57,0,60.164203487325196,0.0,41.91411078522993,1,1,0,0,0,PortScan,True
2026-03-15 09:00:46.881324775,7510,6,461.3602980660745,2,0,50,0,50.721556922106316,0.0,26.773937966458227,1,1,0,0,0,PortScan,True
2026-03-15 09:00:47.927831595,31223,6,107.8112362759851,1,0,106,0,53.35227157274662,0.0,43.81562286437653,1,1,0,0,0,PortScan,True
2026-03-15 09:00:49.454568230,61037,6,658.043913461379,2,0,57,0,42.54482065956143,0.0,32.62416293782145,1,1,0,0,0,PortScan,True
2026-03-15 09:00:50.558834531,36595,6,492.9233356954667,1,0,88,0,42.59600898024501,0.0,49.33528515365774,1,1,0,0,0,PortScan,True
2026-03-15 09:00:51.568430443,11921,6,270.51614849648325,2,0,47,0,62.001338841622996,0.0,47.416062772601876,1,0,0,0,0,PortScan,True
2026-03-15 09:00:52.949708986,1100,6,519.9825854415726,1,0,104,0,52.88697440465832,0.0,14.838889641455332,1,0,0,0,0,PortScan,True
2026-03-15 09:00:54.285242594,7285,6,486.4187183639087,1,0,64,0,53.20847071942361,0.0,16.80391390337423,1,1,0,0,0,PortScan,True
2026-03-15 09:00:55.176588494,47127,6,392.93302977608926,2,0,86,0,51.828162508116606,0.0,43.54530855279335,1,1,0,0,0,PortScan,True
2026-03-15 09:00:56.485515532,32856,6,34.19398353832865,1,0,49,0,53.86930639157452,0.0,39.20813968671118,1,0,0,0,0,PortScan,True
2026-03-15 09:00:57.851198769,61487,6,517.5712418800108,2,0,96,0,56.64417201307823,0.0,20.418186112339654,1,1,0,0,0,PortScan,True
2026-03-15 09:00:58.649204797,26267,6,614.9111588427305,1,0,116,0,55.33348386214608,0.0,20.82107442826673,1,1,0,0,0,PortScan,True
2026-03-15 09:01:00.231934748,7285,6,337.5626652067887,2,0,73,0,43.6592318759974,0.0,35.46048409532702,1,1,0,0,0,PortScan,True
2026-03-15 09:01:00.958526824,23761,6,114.99785417905508,1,0,84,0,63.757090699392286,0.0,7.3098350589814665,1,1,0,0,0,PortScan,True
2026-03-15 09:01:02.489068902,4656,6,767.7106196069792,2,0,67,0,44.118546595117465,0.0,23.932707197036912,1,0,0,0,0,PortScan,True
2026-03-15 09:01:03.769702893,22395,6,391.24282336902075,1,0,87,0,58.43776681720496,0.0,33.53708256268652,1,1,0,0,0,PortScan,True
2026-03-15 09:01:04.868763731,45584,6,419.73147276160347,2,0,85,0,59.2900661430441,0.0,37.1374685540632,1,0,0,0,0,PortScan,True
2026-03-15 09:01:05.997320882,7819,6,193.24624222348274,2,0,92,0,42.0214168067079,0.0,40.42629272945084,1,0,0,0,0,PortScan,True
2026-03-15 09:01:07.270408259,59573,6,249.81396376138517,2,0,78,0,59.215107100738365,0.0,17.916259895178136,1,0,0,0,0,PortScan,True
2026-03-15 09:01:08.190998225,31276,6,71.14012174096263,2,0,45,0,51.016475962877365,0.0,8.747641737062358,1,1,0,0,0,PortScan,True
2026-03-15 09:01:09.429342426,31957,6,705.0962375643405,2,0,106,0,61.04002969120466,0.0,49.01378281913999,1,1,0,0,0,PortScan,True
2026-03-15 09:01:10.661939606,14512,6,592.4042521161762,2,0,78,0,41.7963514344693,0.0,48.19732542635058,1,1,0,0,0,PortScan,True
2026-03-15 09:01:12.058667604,27567,6,164.63542856177878,1,0,109,0,51.94765151776481,0.0,46.61460205590922,1,0,0,0,0,PortScan,True
2026-03-15 09:01:13.165140644,4292,6,493.1227903871095,1,0,106,0,49.112860052451374,0.0,32.53895491808851,1,1,0,0,0,PortScan,True
2026-03-15 09:01:14.246685505,6164,6,408.5241644231494,1,0,110,0,56.439267261318165,0.0,18.95438942185623,1,1,0,0,0,PortScan,True
2026-03-15 09:01:15.829685599,5837,6,473.7584979554743,1,0,114,0,57.7058167181693,0.0,37.61840849363803,1,0,0,0,0,PortScan,True
2026-03-15 09:01:16.724353104,29866,6,598.9992524810041,1,0,78,0,56.614958500318934,0.0,5.357798325371845,1,0,0,0,0,PortScan,True
2026-03-15 09:01:17.967619031,47317,6,63.298812639476836,2,0,42,0,58.548377407808964,0.0,29.610258376450343,1,1,0,0,0,PortScan,True
2026-03-15 09:01:19.145820645,49618,6,621.9523909369456,1,0,117,0,45.32352920738491,0.0,41.850914482158146,1,1,0,0,0,PortScan,True
2026-03-15 09:01:20.209165773,6085,6,83.16446869004318,2,0,45,0,49.755928180389574,0.0,32.15271883293646,1,0,0,0,0,PortScan,True
2026-03-15 09:01:21.738976209,55654,6,293.9284000870419,2,0,105,0,57.412284285283434,0.0,42.94229554314594,1,0,0,0,0,PortScan,True
2026-03-15 09:01:22.769074957,38576,6,77.24516783448709,1,0,49,0,43.96911743651196,0.0,19.595955890856764,1,0,0,0,0,PortScan,True
2026-03-15 09:01:23.709754265,26360,6,680.7535478064163,2,0,53,0,48.555574714850806,0.0,36.803697289082535,1,1,0,0,0,PortScan,True
2026-03-15 09:01:25.478408221,46736,6,533.2529628669156,1,0,47,0,60.99320276356984,0.0,20.69060191572401,1,0,0,0,0,PortScan,True
2026-03-15 09:01:26.589458166,48012,6,205.36547964179073,1,0,42,0,55.509152369498835,0.0,45.33851122766394,1,1,0,0,0,PortScan,True
2026-03-15 09:01:27.734135612,65152,6,469.18007277714264,2,0,104,0,61.726945443172355,0.0,11.750397948489082,1,0,0,0,0,PortScan,True
2026-03-15 09:01:29.021455122,44127,6,502.045433514689,1,0,88,0,48.28010210437922,0.0,42.92099824637715,1,1,0,0,0,PortScan,True
2026-03-15 09:01:30.244084352,50350,6,303.8974501529112,1,0,94,0,60.44882865804392,0.0,20.117813046101293,1,0,0,0,0,PortScan,True
2026-03-15 09:01:31.102493823,52228,6,349.55951938374824,2,0,46,0,60.49998333307937,0.0,14.069499923136737,1,0,0,0,0,PortScan,True
2026-03-15 09:01:32.466575207,11644,6,695.5742005825775,1,0,91,0,50.358594602272774,0.0,22.18142105304218,1,0,0,0,0,PortScan,True
2026-03-15 09:01:33.665284685,42714,6,728.4433418601774,1,0,56,0,41.480296657305914,0.0,38.844572127133375,1,1,0,0,0,PortScan,True
2026-03-15 09:01:34.660379801,2932,6,570.6729724773728,2,0,59,0,46.4956039158446,0.0,48.26200529069178,1,1,0,0,0,PortScan,True
2026-03-15 09:01:35.833171350,40065,6,362.63046774651457,2,0,49,0,63.53851608129929,0.0,21.052405237650227,1,0,0,0,0,PortScan,True
2026-03-15 09:01:36.968344352,50889,6,43.92867048505171,2,0,98,0,45.776078037298475,0.0,16.426005293118386,1,1,0,0,0,PortScan,True
2026-03-15 09:01:38.495588517,45323,6,331.9061912213258,2,0,60,0,43.88108158034892,0.0,28.73074958977554,1,1,0,0,0,PortScan,True
2026-03-15 09:01:39.768551394,61900,6,497.73123897559014,2,0,92,0,55.21319866527416,0.0,40.626616150212655,1,1,0,0,0,PortScan,True
2026-03-15 09:01:40.956571787,16630,6,752.3617241208162,2,0,63,0,56.94274165135226,0.0,23.109289810847518,1,1,0,0,0,PortScan,True
2026-03-15 09:01:41.889765226,34073,6,15.88109731392927,1,0,69,0,61.9488440597094,0.0,35.37515624059773,1,0,0,0,0,PortScan,True
2026-03-15 09:01:43.023155910,56379,6,299.05180480199965,2,0,67,0,42.756266535029994,0.0,32.182836238189736,1,1,0,0,0,PortScan,True
2026-03-15 09:01:44.372168507,53003,6,480.40935566118253,1,0,61,0,59.03656887267991,0.0,40.71174677902649,1,0,0,0,0,PortScan,True
2026-03-15 09:01:45.628088076,34624,6,534.4771085930148,1,0,117,0,48.28838344540406,0.0,25.27513215834987,1,1,0,0,0,PortScan,True
2026-03-15 09:01:47.051452276,24105,6,665.4016658756267,2,0,116,0,57.12310962620086,0.0,8.97054873025898,1,0,0,0,0,PortScan,True
2026-03-15 09:01:48.224893892,20700,6,533.979387803865,1,0,81,0,63.5788990193286,0.0,25.14633802588888,1,0,0,0,0,PortScan,True
2026-03-15 09:01:49.449634998,39199,6,482.7308063132758,2,0,69,0,44.2716144393942,0.0,21.69448901747512,1,0,0,0,0,PortScan,True
2026-03-15 09:01:50.610157431,44211,6,392.07582152087224,1,0,40,0,61.255952171970534,0.0,16.71420808746131,1,1,0,0,0,PortScan,True
2026-03-15 09:01:51.878748722,53084,6,675.8842864549592,2,0,119,0,60.39836992283185,0.0,27.231617929870072,1,1,0,0,0,PortScan,True
2026-03-15 09:01:52.779299998,24286,6,99.67719340778011,2,0,49,0,62.47033955858748,0.0,46.599905928427404,1,1,0,0,0,PortScan,True
2026-03-15 09:01:53.728484098,5515,6,532.8415913698741,2,0,64,0,56.83356826259663,0.0,25.078294916777505,1,0,0,0,0,PortScan,True
2026-03-15 09:01:54.950137219,65494,6,369.8877401432353,1,0,115,0,61.23953012389491,0.0,13.749529414054987,1,0,0,0,0,PortScan,True
2026-03-15 09:01:56.334165685,61783,6,246.5061072752057,1,0,40,0,52.730326619245446,0.0,26.72112298850686,1,0,0,0,0,PortScan,True
2026-03-15 09:01:57.454612254,58996,6,611.4153564633062,2,0,51,0,56.92795307293417,0.0,20.328511589105183,1,1,0,0,0,PortScan,True
2026-03-15 09:01:58.601964354,11999,6,381.68781095421446,1,0,51,0,51.042080935122996,0.0,48.275922323875164,1,1,0,0,0,PortScan,True
2026-03-15 09:02:00.271922264,49167,6,676.3862298356004,2,0,81,0,61.316894044563305,0.0,9.89869109280269,1,0,0,0,0,PortScan,True
2026-03-15 09:02:01.017251753,54310,6,641.126531539842,2,0,119,0,53.50104046312448,0.0,48.39197222305778,1,1,0,0,0,PortScan,True
2026-03-15 09:02:02.675627563,5240,6,741.7398440673633,1,0,54,0,52.86035232010261,0.0,38.47579919912691,1,0,0,0,0,PortScan,True
2026-03-15 09:02:03.756503304,54997,6,496.46642317611656,1,0,73,0,52.65119725079744,0.0,33.64488545157842,1,0,0,0,0,PortScan,True
2026-03-15 09:02:04.884567403,371,6,75.1058431567874,1,0,92,0,49.90978549432567,0.0,27.502715655886274,1,1,0,0,0,PortScan,True
2026-03-15 09:02:06.105611376,38989,6,41.97179937387067,2,0,103,0,56.81651201765764,0.0,35.95554635620972,1,0,0,0,0,PortScan,True
2026-03-15 09:02:07.098884594,33237,6,405.3616430466597,2,0,110,0,42.32491582887212,0.0,38.60188680996394,1,1,0,0,0,PortScan,True
2026-03-15 09:02:08.487856222,49844,6,682.2792847572297,2,0,111,0,41.81922161337091,0.0,28.8339557282573,1,0,0,0,0,PortScan,True
2026-03-15 09:02:09.412015270,26497,6,568.2019336337472,2,0,94,0,63.798303238554695,0.0,48.093192129054444,1,0,0,0,0,PortScan,True
2026-03-15 09:02:11.062623259,48943,6,733.3360810675839,1,0,110,0,57.3624686758338,0.0,16.594593192077298,1,0,0,0,0,PortScan,True
2026-03-15 09:02:11.881076003,9258,6,40.85562085237817,1,0,66,0,41.76123198796633,0.0,28.602839104810315,1,1,0,0,0,PortScan,True
2026-03-15 09:02:13.053111907,18607,6,97.93124098248988,1,0,109,0,42.32319068481671,0.0,22.829459365638346,1,1,0,0,0,PortScan,True
2026-03-15 09:02:14.526697678,13377,6,262.0932757281393,2,0,83,0,48.192635422943255,0.0,16.37106475852066,1,1,0,0,0,PortScan,True
2026-03-15 09:02:15.693869230,46732,6,99.61167336904109,2,0,117,0,53.202342329018066,0.0,11.482419171945324,1,1,0,0,0,PortScan,True
2026-03-15 09:02:16.770779351,1759,6,350.1001947266927,2,0,104,0,52.014760764846926,0.0,14.573818756126128,1,1,0,0,0,PortScan,True
2026-03-15 09:02:18.079467740,64466,6,743.7064607046486,2,0,60,0,40.161301707640106,0.0,32.417603268824436,1,1,0,0,0,PortScan,True
2026-03-15 09:02:18.995695843,42406,6,771.2882836948398,1,0,67,0,59.22776040100961,0.0,44.433956293624526,1,0,0,0,0,PortScan,True
2026-03-15 09:02:20.503996984,10986,6,406.06163105492925,2,0,42,0,55.405339024270575,0.0,29.591568020563116,1,1,0,0,0,PortScan,True
2026-03-15 09:02:21.462366417,37895,6,289.56856697552024,2,0,108,0,41.22576681544632,0.0,28.797441207918613,1,1,0,0,0,PortScan,True
2026-03-15 09:02:22.663701586,8957,6,615.143814891281,1,0,71,0,63.60942140514951,0.0,13.280003429558144,1,1,0,0,0,PortScan,True
2026-03-15 09:02:23.797307960,15428,6,142.89269527703073,1,0,93,0,51.252484431561655,0.0,45.13359203364036,1,1,0,0,0,PortScan,True
2026-03-15 09:02:25.099426281,56250,6,133.81672661886068,2,0,49,0,50.72239757432053,0.0,30.26951773062002,1,1,0,0,0,PortScan,True
2026-03-15 09:02:26.298750636,20070,6,181.84902206827107,1,0,40,0,40.34318464099441,0.0,24.752667899860256,1,0,0,0,0,PortScan,True
2026-03-15 09:02:27.572507407,33417,6,699.7765852368253,2,0,89,0,43.84452089315708,0.0,39.58550385324233,1,1,0,0,0,PortScan,True
2026-03-15 09:02:28.614251702,9234,6,212.3405529164057,2,0,113,0,61.07569423478489,0.0,11.624019677602972,1,1,0,0,0,PortScan,True
2026-03-15 09:02:29.815804521,25805,6,181.35046265081164,2,0,75,0,52.792509741462595,0.0,10.48053788803662,1,0,0,0,0,PortScan,True
2026-03-15 09:02:31.225043142,3046,6,333.38147344388415,1,0,97,0,56.75190867300792,0.0,45.356564980566766,1,1,0,0,0,PortScan,True
2026-03-15 09:02:32.177326442,60357,6,25.061767922144544,2,0,110,0,63.00342301199292,0.0,25.368933511041845,1,1,0,0,0,PortScan,True
2026-03-15 09:02:33.713338204,51703,6,87.93948503396336,1,0,111,0,41.9330596503102,0.0,26.905587209009756,1,1,0,0,0,PortScan,True
2026-03-15 09:02:35.066368275,17210,6,14.128646263122235,1,0,58,0,41.770444577852395,0.0,48.45841865033086,1,1,0,0,0,PortScan,True
2026-03-15 09:02:35.956077372,12496,6,653.0504110292406,1,0,100,0,59.32575421804708,0.0,44.528867444843954,1,1,0,0,0,PortScan,True
2026-03-15 09:02:37.440663187,54214,6,199.1366120443254,1,0,109,0,60.031524231825486,0.0,17.361921549843395,1,1,0,0,0,PortScan,True
2026-03-15 09:02:38.158989954,4154,6,395.14748717728514,2,0,65,0,42.01527209862574,0.0,25.458971007920017,1,0,0,0,0,PortScan,True
2026-03-15 09:02:39.325774576,39885,6,11.87440299619475,1,0,81,0,48.75289027183955,0.0,24.405706889157116,1,0,0,0,0,PortScan,True
2026-03-15 09:02:40.932821326,60901,6,223.3994615826278,2,0,88,0,58.72026400520596,0.0,33.252739353337404,1,1,0,0,0,PortScan,True
2026-03-15 09:02:42.156612943,39,6,501.4250023950556,1,0,65,0,42.95288087837834,0.0,21.061715872458237,1,1,0,0,0,PortScan,True
2026-03-15 09:02:43.405834944,24410,6,635.0817715422118,2,0,67,0,45.99177702269073,0.0,46.149257871652075,1,1,0,0,0,PortScan,True
2026-03-15 09:02:44.134090607,59131,6,453.0147743592583,2,0,80,0,51.249285019987234,0.0,8.325406895955513,1,0,0,0,0,PortScan,True
2026-03-15 09:02:45.766144232,40997,6,170.80853536619892,1,0,60,0,40.58649443146024,0.0,49.027455516561204,1,0,0,0,0,PortScan,True
2026-03-15 09:02:46.725923239,5677,6,787.9050110723887,2,0,83,0,44.60398026293976,0.0,11.538549990690353,1,0,0,0,0,PortScan,True
2026-03-15 09:02:47.882002579,8633,6,171.94330414894,1,0,112,0,48.80876929268186,0.0,28.71253498072873,1,1,0,0,0,PortScan,True
2026-03-15 09:02:49.003814352,54264,6,531.0343749208565,1,0,119,0,50.64550979261507,0.0,19.519254715196396,1,1,0,0,0,PortScan,True
2026-03-15 09:02:50.697609453,31923,6,626.9368640191759,2,0,47,0,49.77577987448569,0.0,29.250602516008698,1,0,0,0,0,PortScan,True
2026-03-15 09:02:51.338198153,52275,6,498.89324112686035,1,0,106,0,48.977584229941826,0.0,29.083699018772503,1,1,0,0,0,PortScan,True
2026-03-15 09:02:52.996204808,21942,6,492.1900411923615,1,0,61,0,41.25154852455688,0.0,16.416999411559665,1,0,0,0,0,PortScan,True
2026-03-15 09:02:54.083696661,50839,6,15.066190557453623,2,0,78,0,56.816187909988734,0.0,22.236772767574816,1,1,0,0,0,PortScan,True
2026-03-15 09:02:55.341048266,57759,6,670.7754534887171,1,0,62,0,56.97297963937192,0.0,10.847393795888449,1,1,0,0,0,PortScan,True
2026-03-15 09:02:56.527030271,23763,6,419.26746995239506,1,0,117,0,49.72890051947426,0.0,44.284980595302756,1,1,0,0,0,PortScan,True
2026-03-15 09:02:57.815060691,60089,6,553.2311787772287,1,0,70,0,59.19645485204282,0.0,20.06889048000385,1,1,0,0,0,PortScan,True
2026-03-15 09:02:58.610275241,11991,6,390.33783346171987,1,0,82,0,57.63116082281795,0.0,34.92750968450645,1,1,0,0,0,PortScan,True
2026-03-15 09:02:59.700494770,49806,6,472.3632840317031,2,0,90,0,47.20048213643457,0.0,13.170378607782162,1,1,0,0,0,PortScan,True
2026-03-15 09:03:01.259117093,52898,6,436.46469072683584,1,0,112,0,63.1620496394456,0.0,44.021030268340304,1,1,0,0,0,PortScan,True
2026-03-15 09:03:02.312315183,19767,6,274.123146581188,2,0,115,0,58.731275298361524,0.0,40.167405775476176,1,0,0,0,0,PortScan,True
2026-03-15 09:03:03.374272398,968,6,692.241791748681,2,0,110,0,47.69549037893892,0.0,5.776080966674578,1,1,0,0,0,PortScan,True
2026-03-15 09:03:04.611683252,10595,6,193.44147832673488,1,0,54,0,59.59682940285377,0.0,40.18178799415002,1,1,0,0,0,PortScan,True
2026-03-15 09:03:05.899049587,35558,6,664.653391304541,1,0,94,0,55.304533715180575,0.0,12.546411381410627,1,1,0,0,0,PortScan,True
2026-03-15 09:03:06.942140022,23994,6,24.613714737871586,1,0,74,0,45.450131954948574,0.0,9.035049215577732,1,1,0,0,0,PortScan,True
2026-03-15 09:03:08.134147921,26576,6,197.239270322342,1,0,55,0,58.88308245469066,0.0,41.454194863721284,1,1,0,0,0,PortScan,True
2026-03-15 09:03:09.849615752,64924,6,509.8278518296107,1,0,83,0,45.59943704474047,0.0,10.982457952168318,1,1,0,0,0,PortScan,True
2026-03-15 09:03:10.687261649,46747,6,345.2024592475424,2,0,52,0,44.60115857977449,0.0,27.482774231263054,1,1,0,0,0,PortScan,True
2026-03-15 09:03:12.289338418,57241,6,785.8065265499134,2,0,64,0,58.870971547565226,0.0,20.83136018515038,1,1,0,0,0,PortScan,True
2026-03-15 09:03:13.478620204,2596,6,590.99769798386,1,0,89,0,55.147700221850044,0.0,34.86184507455425,1,1,0,0,0,PortScan,True
2026-03-15 09:03:14.185542769,31228,6,295.0626904146677,1,0,110,0,53.149220049477066,0.0,11.162107182276774,1,1,0,0,0,PortScan,True
2026-03-15 09:03:15.728954581,55181,6,790.3908183313082,1,0,81,0,52.796657680578136,0.0,18.14108039022115,1,1,0,0,0,PortScan,True
2026-03-15 09:03:16.860482933,30397,6,211.10935546617506,2,0,66,0,61.54002477218417,0.0,22.29778790568804,1,1,0,0,0,PortScan,True
2026-03-15 09:03:18.114388243,19963,6,286.17499070731805,2,0,40,0,62.889419300386635,0.0,15.664476349736109,1,1,0,0,0,PortScan,True
2026-03-15 09:03:18.957714600,761,6,601.1198025577112,1,0,112,0,59.20603146537299,0.0,48.49699967955929,1,0,0,0,0,PortScan,True
2026-03-15 09:03:20.213136047,14423,6,300.7137376633506,2,0,97,0,63.91444615149421,0.0,21.337012310903205,1,1,0,0,0,PortScan,True
2026-03-15 09:03:21.345983196,63457,6,578.2563493014649,2,0,116,0,52.88596117359281,0.0,37.41560462416353,1,1,0,0,0,PortScan,True
2026-03-15 09:03:22.862480523,25028,6,237.83602373831386,2,0,84,0,60.04059448493569,0.0,26.37840184508002,1,1,0,0,0,PortScan,True
2026-03-15 09:03:24.291954645,36854,6,136.48110086126056,1,0,101,0,49.74533396913107,0.0,33.42964230781857,1,1,0,0,0,PortScan,True
2026-03-15 09:03:25.303190722,4324,6,76.40293028439079,2,0,65,0,59.38972746741072,0.0,10.051490840613265,1,1,0,0,0,PortScan,True
2026-03-15 09:03:26.526456921,50325,6,752.6139026722785,2,0,98,0,63.13306592916861,0.0,34.9399767114496,1,0,0,0,0,PortScan,True
2026-03-15 09:03:27.890751024,47859,6,642.214665760218,1,0,58,0,53.56013862262989,0.0,21.786847935539445,1,1,0,0,0,PortScan,True
2026-03-15 09:03:28.906806932,438,6,692.4764985410173,2,0,49,0,63.94135224466679,0.0,41.241683142240475,1,0,0,0,0,PortScan,True
2026-03-15 09:03:29.724108943,16184,6,110.85435742012932,1,0,67,0,42.54837883144371,0.0,32.69174826606806,1,0,0,0,0,PortScan,True
2026-03-15 09:03:31.420203360,36087,6,537.3782883481773,1,0,106,0,61.15961518204644,0.0,15.844665122552039,1,1,0,0,0,PortScan,True
2026-03-15 09:03:32.318806974,29692,6,731.412806359778,2,0,68,0,51.34502776926966,0.0,46.97801275746723,1,1,0,0,0,PortScan,True
2026-03-15 09:03:33.302618172,65050,6,752.9636705791105,2,0,78,0,58.860178475984654,0.0,34.4189737614559,1,1,0,0,0,PortScan,True
2026-03-15 09:03:34.804340506,16784,6,472.600969089622,1,0,103,0,48.29663242740347,0.0,32.28761656578795,1,1,0,0,0,PortScan,True
2026-03-15 09:03:36.262209000,36138,6,208.95431176586462,2,0,53,0,63.4313130641664,0.0,32.1188745820223,1,0,0,0,0,PortScan,True
2026-03-15 09:03:37.054398412,5171,6,420.79173143820486,1,0,114,0,63.6261925175601,0.0,19.657002400340943,1,1,0,0,0,PortScan,True
2026-03-15 09:03:38.394907903,21696,6,324.42773494126385,1,0,55,0,46.47922215319889,0.0,24.186977858065,1,0,0,0,0,PortScan,True
2026-03-15 09:03:39.404266132,49688,6,122.6837181040555,1,0,70,0,63.021481336203856,0.0,23.849654810787385,1,1,0,0,0,PortScan,True
2026-03-15 09:03:40.534615602,11767,6,693.6320698318307,1,0,49,0,62.81089637101074,0.0,19.667844318514575,1,1,0,0,0,PortScan,True
2026-03-15 09:03:41.748326968,40953,6,160.92607119039687,1,0,50,0,54.04863120918363,0.0,41.1537535707506,1,0,0,0,0,PortScan,True
2026-03-15 09:03:43.336206543,64913,6,540.5283695103861,2,0,92,0,58.4058820250783,0.0,31.72579006510422,1,1,0,0,0,PortScan,True
2026-03-15 09:03:44.618444682,31624,6,613.3274202915462,1,0,110,0,48.67283506865971,0.0,41.494963149292204,1,1,0,0,0,PortScan,True
2026-03-15 09:03:45.385979303,38315,6,413.8317618159091,1,0,81,0,49.51903280528514,0.0,27.87049282208335,1,1,0,0,0,PortScan,True
2026-03-15 09:03:46.672991140,56513,6,661.5109932788766,1,0,55,0,49.38663964145301,0.0,22.75273427846871,1,0,0,0,0,PortScan,True
2026-03-15 09:03:47.817017680,30525,6,598.3084277578838,1,0,77,0,62.84604760875041,0.0,48.033274692671554,1,1,0,0,0,PortScan,True
2026-03-15 09:03:48.916113466,55835,6,75.564591372896,1,0,71,0,41.97174603057905,0.0,35.505048965790266,1,1,0,0,0,PortScan,True
2026-03-15 09:03:50.432058821,23857,6,425.8004531675623,1,0,90,0,43.91859800081811,0.0,42.5060871710023,1,0,0,0,0,PortScan,True
2026-03-15 09:03:51.719953302,34947,6,342.1670175946198,1,0,116,0,45.93720859365671,0.0,22.346060846682345,1,1,0,0,0,PortScan,True
2026-03-15 09:03:52.888726488,36486,6,486.70178987450225,1,0,90,0,46.79981254164734,0.0,12.322722053764256,1,1,0,0,0,PortScan,True
2026-03-15 09:03:53.932832128,31314,6,227.41801973142938,1,0,119,0,40.241543307142344,0.0,44.68762776953637,1,1,0,0,0,PortScan,True
2026-03-15 09:03:55.233006147,50013,6,505.7829402271442,1,0,57,0,54.76872224074617,0.0,44.605348769898285,1,0,0,0,0,PortScan,True
2026-03-15 09:03:56.156459583,51293,6,759.5179823524902,1,0,84,0,48.264952507859405,0.0,28.633303680508227,1,0,0,0,0,PortScan,True
2026-03-15 09:03:57.392582231,9762,6,133.60456045528107,1,0,90,0,49.350862963771654,0.0,26.0155211547962,1,1,0,0,0,PortScan,True
2026-03-15 09:03:59.059076771,55354,6,726.5316008744935,1,0,103,0,40.72037299139789,0.0,45.78695025920048,1,0,0,0,0,PortScan,True
2026-03-15 09:04:00.156904648,59443,6,723.3627826194154,1,0,83,0,43.194472986832345,0.0,30.92259550023771,1,1,0,0,0,PortScan,True
2026-03-15 09:04:01.453643457,6229,6,317.8446144191849,2,0,104,0,61.47231265527803,0.0,49.614280758648555,1,0,0,0,0,PortScan,True
2026-03-15 09:04:02.650008170,6314,6,698.3608116182586,2,0,83,0,51.520856405741384,0.0,5.322559322913576,1,0,0,0,0,PortScan,True
2026-03-15 09:04:03.689635570,15763,6,109.19577748656297,2,0,96,0,54.93398136950959,0.0,6.741375881466652,1,1,0,0,0,PortScan,True
2026-03-15 09:04:05.056943188,28195,6,169.73799609496996,1,0,78,0,50.73432557374541,0.0,40.16058308023617,1,0,0,0,0,PortScan,True
2026-03-15 09:04:05.950022461,59070,6,97.51175783883876,1,0,111,0,43.9318497379835,0.0,20.733869380632992,1,1,0,0,0,PortScan,True
2026-03-15 09:04:06.902169746,37613,6,743.1121404605304,2,0,62,0,43.5191419888947,0.0,15.196406876054084,1,1,0,0,0,PortScan,True
2026-03-15 09:04:08.137542669,64727,6,125.91801669575432,2,0,83,0,48.94789935656397,0.0,44.96584881046627,1,1,0,0,0,PortScan,True
2026-03-15 09:04:09.365692395,27149,6,85.57780722079332,1,0,84,0,43.597490451799075,0.0,12.804566368264549,1,0,0,0,0,PortScan,True
2026-03-15 09:04:10.557212071,64950,6,279.2747256658366,1,0,51,0,47.73354499362348,0.0,5.991081456130898,1,1,0,0,0,PortScan,True
2026-03-15 09:04:11.911021434,46649,6,656.049578241172,1,0,82,0,51.533106322302686,0.0,48.753177854629385,1,0,0,0,0,PortScan,True
2026-03-15 09:04:13.320762484,42396,6,150.92667167639442,1,0,86,0,43.36359349116773,0.0,17.456720071440767,1,1,0,0,0,PortScan,True
2026-03-15 09:04:14.574389283,46614,6,377.9229188957968,2,0,51,0,53.60280839865439,0.0,8.788130762617735,1,0,0,0,0,PortScan,True
2026-03-15 09:04:15.654127964,31343,6,468.1883992931595,1,0,65,0,45.12137845867241,0.0,34.13123696475762,1,1,0,0,0,PortScan,True
2026-03-15 09:04:16.587861704,52448,6,750.5391068845972,1,0,105,0,54.30739959953645,0.0,14.425949390668185,1,1,0,0,0,PortScan,True
2026-03-15 09:04:18.148740961,50966,6,553.3134273120799,2,0,86,0,55.311046953424764,0.0,12.300282923110128,1,0,0,0,0,PortScan,True
2026-03-15 09:04:19.112881151,49663,6,118.31847751725316,2,0,40,0,61.54372790576282,0.0,5.637010558378942,1,1,0,0,0,PortScan,True
2026-03-15 09:04:20.107796009,38645,6,707.8401810099895,2,0,97,0,57.01923185252363,0.0,44.04754321048913,1,0,0,0,0,PortScan,True
2026-03-15 09:04:21.468353172,57712,6,281.3202004159321,2,0,78,0,52.799945414840955,0.0,39.4617512353043,1,0,0,0,0,PortScan,True
2026-03-15 09:04:22.698360332,57385,6,201.21136073210127,2,0,107,0,49.48562738646136,0.0,28.75211004117756,1,1,0,0,0,PortScan,True
2026-03-15 09:04:23.864547321,56989,6,248.99388034507797,1,0,104,0,62.00028795783934,0.0,11.191492261067125,1,0,0,0,0,PortScan,True
2026-03-15 09:04:25.387122091,21342,6,767.8602138937591,2,0,106,0,56.091147540249764,0.0,29.701939251979372,1,1,0,0,0,PortScan,True
2026-03-15 09:04:26.555955838,49228,6,740.0164803281478,2,0,59,0,57.46906518660736,0.0,39.88878158150998,1,1,0,0,0,PortScan,True
2026-03-15 09:04:27.717331218,41885,6,589.1264535523129,1,0,54,0,58.22992718764169,0.0,22.566985452217278,1,0,0,0,0,PortScan,True
2026-03-15 09:04:28.583403047,30999,6,199.8479927256182,1,0,96,0,45.925092782688175,0.0,34.96595214497505,1,1,0,0,0,PortScan,True
2026-03-15 09:04:30.184700345,33275,6,44.796883368363176,2,0,50,0,45.93475107872329,0.0,41.19627710885947,1,0,0,0,0,PortScan,True
2026-03-15 09:04:31.306305576,42053,6,130.76437032800837,1,0,107,0,57.275651095184955,0.0,36.865502692091084,1,0,0,0,0,PortScan,True
2026-03-15 09:04:32.216902611,9825,6,365.05933509164754,1,0,90,0,63.40141389761723,0.0,38.44159949252429,1,1,0,0,0,PortScan,True
2026-03-15 09:04:33.688856358,45881,6,311.0667281677871,2,0,114,0,57.925585557669095,0.0,10.449334698845131,1,1,0,0,0,PortScan,True
2026-03-15 09:04:34.790106984,4529,6,593.3152427476018,2,0,84,0,48.811489148975745,0.0,28.14587060346506,1,0,0,0,0,PortScan,True
2026-03-15 09:04:35.963610037,52183,6,335.86496046494716,1,0,106,0,63.51176254266469,0.0,25.143625484365753,1,1,0,0,0,PortScan,True
2026-03-15 09:04:36.967273898,3822,6,761.9123332886402,1,0,75,0,50.088596178104126,0.0,45.20413149014984,1,0,0,0,0,PortScan,True
2026-03-15 09:04:38.410982565,28949,6,222.20555101144993,1,0,86,0,60.081346120143074,0.0,32.9000841200738,1,1,0,0,0,PortScan,True
2026-03-15 09:04:39.359959085,49332,6,448.4499836562071,2,0,85,0,55.24322149507778,0.0,46.49868613099848,1,0,0,0,0,PortScan,True
2026-03-15 09:04:40.598552032,7630,6,160.2781320716424,1,0,92,0,61.71733241890225,0.0,19.70552280279547,1,1,0,0,0,PortScan,True
2026-03-15 09:04:41.779527788,45694,6,774.8681262933428,1,0,51,0,61.109316204139574,0.0,48.16783418244659,1,1,0,0,0,PortScan,True
2026-03-15 09:04:43.472464967,44168,6,526.3290765841072,1,0,68,0,42.900075700187465,0.0,9.831779821206718,1,0,0,0,0,PortScan,True
2026-03-15 09:04:44.270918814,19098,6,782.9015172918055,1,0,92,0,47.70969086093939,0.0,31.058536870402197,1,1,0,0,0,PortScan,True
2026-03-15 09:04:45.513122594,1348,6,238.20586342731028,1,0,44,0,60.15506798578616,0.0,10.831489933196398,1,1,0,0,0,PortScan,True
2026-03-15 09:04:46.693248363,35866,6,491.099025883259,1,0,79,0,43.45456959723839,0.0,29.745673564211874,1,0,0,0,0,PortScan,True
2026-03-15 09:04:48.238950267,42353,6,705.1790225777037,1,0,76,0,41.914144773446296,0.0,18.59624114684437,1,0,0,0,0,PortScan,True
2026-03-15 09:04:49.237779546,30184,6,752.0036807458913,1,0,59,0,52.15352098148138,0.0,38.54851210041397,1,0,0,0,0,PortScan,True
2026-03-15 09:04:50.651495939,35071,6,526.0923081670911,1,0,99,0,55.698476132138794,0.0,8.60377316452598,1,0,0,0,0,PortScan,True
2026-03-15 09:04:51.479954943,57798,6,287.2364394733228,1,0,71,0,62.59884494140792,0.0,6.606650847187544,1,0,0,0,0,PortScan,True
2026-03-15 09:04:52.568900804,55630,6,78.25285915309885,1,0,97,0,42.57109401305323,0.0,42.70019966145817,1,0,0,0,0,PortScan,True
2026-03-15 09:04:54.033731071,31689,6,423.17883417912566,1,0,89,0,47.33741480937076,0.0,20.80916149022732,1,1,0,0,0,PortScan,True
2026-03-15 09:04:55.107322195,39564,6,367.6265828425043,2,0,100,0,54.30075847621023,0.0,24.134514792329764,1,1,0,0,0,PortScan,True
2026-03-15 09:04:56.581144100,32171,6,13.877009762357245,1,0,78,0,62.15238832186097,0.0,32.715669566929904,1,1,0,0,0,PortScan,True
2026-03-15 09:04:57.827654045,3259,6,320.47058660019457,2,0,74,0,44.68383331377958,0.0,10.589186790857514,1,0,0,0,0,PortScan,True
2026-03-15 09:04:58.783544106,30621,6,587.8920340457921,2,0,77,0,62.54447799032748,0.0,12.9567222360935,1,0,0,0,0,PortScan,True
2026-03-15 09:05:00.282815414,30989,6,53.13217164824353,2,0,70,0,42.96595641787543,0.0,12.26288544154195,1,1,0,0,0,PortScan,True
2026-03-15 09:05:01.231807803,32991,6,459.5659393568094,1,0,56,0,46.50972678083467,0.0,17.784841443520882,1,0,0,0,0,PortScan,True
2026-03-15 09:05:02.262552236,10198,6,556.837945378467,2,0,40,0,48.571844366123635,0.0,12.767125802000301,1,0,0,0,0,PortScan,True
2026-03-15 09:05:03.593385309,7264,6,752.1874431427374,1,0,50,0,61.115481512401395,0.0,42.88257656834505,1,1,0,0,0,PortScan,True
2026-03-15 09:05:04.522386175,61808,6,214.11044726883677,1,0,102,0,60.017799175343576,0.0,28.639219790575613,1,0,0,0,0,PortScan,True
2026-03-15 09:05:06.182400696,54458,6,162.4393326237018,1,0,44,0,44.31611243145114,0.0,27.87895763484846,1,1,0,0,0,PortScan,True
2026-03-15 09:05:06.960861030,429,6,484.71334592345517,2,0,58,0,55.35787538940443,0.0,24.95422690045553,1,1,0,0,0,PortScan,True
2026-03-15 09:05:08.285249093,49017,6,255.04573165820716,2,0,114,0,42.788573980415194,0.0,33.69559517889303,1,1,0,0,0,PortScan,True
2026-03-15 09:05:09.639189928,20779,6,349.47594003798173,1,0,71,0,58.03633131670748,0.0,20.855618607292925,1,1,0,0,0,PortScan,True
2026-03-15 09:05:10.525785075,2767,6,679.5993287067145,1,0,86,0,60.434478283771995,0.0,11.168572755324194,1,0,0,0,0,PortScan,True
2026-03-15 09:05:11.747590139,44565,6,710.2040817721606,1,0,48,0,60.018420565621554,0.0,30.590760205404955,1,0,0,0,0,PortScan,True
2026-03-15 09:05:13.317669814,51219,6,307.82871572630245,1,0,84,0,40.45548585292049,0.0,33.78390204838864,1,1,0,0,0,PortScan,True
2026-03-15 09:05:14.143066255,4812,6,547.0337382415546,1,0,74,0,40.09545980721976,0.0,17.779648681215992,1,1,0,0,0,PortScan,True
2026-03-15 09:05:15.586249719,31690,6,582.6776979159351,2,0,72,0,44.46988949243269,0.0,7.747237436734859,1,1,0,0,0,PortScan,True
2026-03-15 09:05:16.703217380,49985,6,521.2123210779246,1,0,86,0,58.11245289170199,0.0,20.49737745649312,1,0,0,0,0,PortScan,True
2026-03-15 09:05:17.836847644,14533,6,413.08446477473063,2,0,98,0,62.379931790700866,0.0,48.68860014191658,1,1,0,0,0,PortScan,True
2026-03-15 09:05:19.013267338,61126,6,450.204532675821,2,0,94,0,42.748938764969644,0.0,35.18892703636615,1,1,0,0,0,PortScan,True
2026-03-15 09:05:20.558046776,34966,6,110.17428199527413,2,0,64,0,41.84919797332866,0.0,23.125230384551678,1,1,0,0,0,PortScan,True
2026-03-15 09:05:21.870925315,62155,6,386.49989390141894,1,0,42,0,45.13416623837619,0.0,39.10872628269248,1,1,0,0,0,PortScan,True
2026-03-15 09:05:22.584107845,52622,6,469.0951735456017,1,0,65,0,62.47601997646238,0.0,21.375660024099588,1,0,0,0,0,PortScan,True
2026-03-15 09:05:24.275808731,42791,6,714.3561044590875,1,0,113,0,50.73745939841828,0.0,36.13872023696592,1,1,0,0,0,PortScan,True
2026-03-15 09:05:25.256857502,9829,6,526.1636431696764,2,0,67,0,55.89366732252748,0.0,5.40885087578539,1,0,0,0,0,PortScan,True
2026-03-15 09:05:26.484996243,42574,6,369.65775202999805,1,0,99,0,53.136905720118314,0.0,13.129926856668142,1,1,0,0,0,PortScan,True
2026-03-15 09:05:27.725955826,9557,6,68.63499605441504,1,0,75,0,59.3915987017616,0.0,19.26055665735546,1,1,0,0,0,PortScan,True
2026-03-15 09:05:28.922471334,1569,6,195.02734699137122,1,0,100,0,47.26187839682554,0.0,38.40705086051003,1,0,0,0,0,PortScan,True
2026-03-15 09:05:30.191886664,19889,6,782.43950869966,2,0,94,0,49.62770638348461,0.0,49.9101804407941,1,0,0,0,0,PortScan,True
2026-03-15 09:05:31.190081190,56251,6,224.04014909093775,2,0,92,0,41.30611284581941,0.0,43.090661133606964,1,0,0,0,0,PortScan,True
2026-03-15 09:05:32.420015152,35622,6,471.744248780013,1,0,114,0,40.72592140921965,0.0,48.56078465759156,1,1,0,0,0,PortScan,True
2026-03-15 09:05:33.494296201,31806,6,383.70536482862076,2,0,90,0,61.13341186275483,0.0,22.175332514295675,1,1,0,0,0,PortScan,True
2026-03-15 09:05:34.563154556,53470,6,798.9082262721329,1,0,100,0,62.96511586106951,0.0,38.14777535154699,1,0,0,0,0,PortScan,True
2026-03-15 09:05:36.098784114,22875,6,536.4092041284487,2,0,81,0,44.13841708267754,0.0,16.757285353706134,1,1,0,0,0,PortScan,True
2026-03-15 09:05:36.920165981,2168,6,639.7348008442625,1,0,106,0,41.61315370086215,0.0,8.247050666244913,1,0,0,0,0,PortScan,True
2026-03-15 09:05:38.265381030,3033,6,675.3260780204853,2,0,52,0,44.980367554867335,0.0,39.53368765325365,1,1,0,0,0,PortScan,True
2026-03-15 09:05:39.356537918,56974,6,742.1167151438668,2,0,101,0,52.68691082015203,0.0,40.24374272714372,1,0,0,0,0,PortScan,True
2026-03-15 09:05:40.614436294,9174,6,627.1230950623482,2,0,42,0,45.81750528901743,0.0,43.205037794235416,1,0,0,0,0,PortScan,True
2026-03-15 09:05:42.083238547,56046,6,619.800690838921,2,0,114,0,40.85915475073514,0.0,33.17056911840488,1,1,0,0,0,PortScan,True
2026-03-15 09:05:43.277085978,6770,6,91.23048526493157,2,0,67,0,63.85089087422151,0.0,35.244737277185806,1,1,0,0,0,PortScan,True
2026-03-15 09:05:44.352632947,59599,6,511.66216138692744,2,0,44,0,58.07281998933526,0.0,8.148496586870474,1,0,0,0,0,PortScan,True
2026-03-15 09:05:45.354103185,51932,6,583.5725911787099,1,0,115,0,56.78089145572267,0.0,7.905475884072519,1,0,0,0,0,PortScan,True
2026-03-15 09:05:46.760024349,38956,6,330.8740363110356,1,0,88,0,42.4559368171393,0.0,34.125664066513934,1,0,0,0,0,PortScan,True
2026-03-15 09:05:47.911646923,10605,6,365.34922047276314,2,0,92,0,42.48164850825501,0.0,16.443300788069806,1,0,0,0,0,PortScan,True
2026-03-15 09:05:49.332275491,6690,6,639.3821010385017,1,0,97,0,41.84014527310161,0.0,43.31453224804636,1,0,0,0,0,PortScan,True
2026-03-15 09:05:50.447415964,42067,6,98.17750592069795,2,0,50,0,58.02233493598693,0.0,16.413574586775553,1,0,0,0,0,PortScan,True
2026-03-15 09:05:51.594939460,24665,6,631.8842605351291,2,0,95,0,61.39043038779681,0.0,33.86986382210267,1,0,0,0,0,PortScan,True
2026-03-15 09:05:52.792189249,62850,6,659.7805867460977,2,0,70,0,43.25663926084904,0.0,35.49052656438731,1,1,0,0,0,PortScan,True
2026-03-15 09:05:54.279778132,5484,6,288.9893527052258,1,0,98,0,44.01683758104783,0.0,24.980239134037635,1,1,0,0,0,PortScan,True
2026-03-15 09:05:55.353776533,48352,6,285.6281129508261,1,0,77,0,48.30388499889515,0.0,44.33712220466429,1,1,0,0,0,PortScan,True
2026-03-15 09:05:56.398187736,41226,6,517.4087140981217,2,0,102,0,61.76071595406039,0.0,36.583670191987615,1,1,0,0,0,PortScan,True
2026-03-15 09:05:57.587533567,60916,6,660.772521354645,1,0,109,0,41.6993085792977,0.0,31.52621848106843,1,0,0,0,0,PortScan,True
2026-03-15 09:05:58.515887460,17994,6,73.07902002574761,1,0,88,0,42.365255802565756,0.0,44.925238833802624,1,1,0,0,0,PortScan,True
2026-03-15 09:06:00.265505557,1202,6,237.25396102044883,2,0,50,0,40.753256491679174,0.0,32.962978260661544,1,0,0,0,0,PortScan,True
2026-03-15 09:06:01.091504383,36866,6,369.469182700689,2,0,54,0,63.677239962841305,0.0,14.334105150304316,1,1,0,0,0,PortScan,True
2026-03-15 09:06:02.253563449,14994,6,437.85421122193696,1,0,47,0,43.9213231338027,0.0,11.336579643023885,1,0,0,0,0,PortScan,True
2026-03-15 09:06:03.899645355,59331,6,475.58753279672936,1,0,88,0,59.713369031664875,0.0,42.6182598987808,1,0,0,0,0,PortScan,True
2026-03-15 09:06:04.931213802,50408,6,665.2126541213911,2,0,88,0,48.32944264288895,0.0,38.551370801964566,1,1,0,0,0,PortScan,True
2026-03-15 09:06:05.728418263,42417,6,288.90669351994717,2,0,41,0,54.21906343918501,0.0,30.942095201917052,1,0,0,0,0,PortScan,True
2026-03-15 09:06:06.937131286,15918,6,135.8283603008051,2,0,50,0,48.92771306856562,0.0,35.73345448457744,1,0,0,0,0,PortScan,True
2026-03-15 09:06:08.115300938,18815,6,564.8758055849831,2,0,73,0,44.39071012594444,0.0,10.04362102343015,1,1,0,0,0,PortScan,True
2026-03-15 09:06:09.659771339,21011,6,118.46821136278446,1,0,112,0,52.058526474400104,0.0,49.145473300523236,1,1,0,0,0,PortScan,True
2026-03-15 09:06:10.542938700,31618,6,19.61346588072534,2,0,78,0,40.51815596311623,0.0,28.00458384071558,1,0,0,0,0,PortScan,True
2026-03-15 09:06:12.260033014,8849,6,399.6983063701434,2,0,46,0,54.01293818850935,0.0,22.843093342940463,1,0,0,0,0,PortScan,True
2026-03-15 09:06:13.462143924,55698,6,154.69410583871812,1,0,103,0,61.191677369949396,0.0,19.583828151242386,1,1,0,0,0,PortScan,True
2026-03-15 09:06:14.427632440,27753,6,369.6825769223662,1,0,93,0,43.31138932003795,0.0,18.116871207276077,1,1,0,0,0,PortScan,True
2026-03-15 09:06:15.669983358,56982,6,255.39436666188143,1,0,46,0,48.985726748416646,0.0,35.437640011744335,1,1,0,0,0,PortScan,True
2026-03-15 09:06:16.675136640,51142,6,453.88349013455485,2,0,81,0,53.71331621062771,0.0,27.22536887015505,1,0,0,0,0,PortScan,True
2026-03-15 09:06:17.738383525,50942,6,240.8139187931236,1,0,76,0,63.65448750329088,0.0,32.38530741043225,1,1,0,0,0,PortScan,True
2026-03-15 09:06:19.342476267,45017,6,64.48729328328449,1,0,61,0,47.91098294037365,0.0,29.088775361284064,1,0,0,0,0,PortScan,True
2026-03-15 09:06:20.161071593,64117,6,689.7093193726001,1,0,40,0,61.744285448070954,0.0,12.441688883479612,1,0,0,0,0,PortScan,True
2026-03-15 09:06:21.351334584,32231,6,315.1220342167698,2,0,95,0,54.314584865658325,0.0,16.44851652236484,1,0,0,0,0,PortScan,True
2026-03-15 09:06:22.686733865,16778,6,45.984763829181276,1,0,83,0,43.1060585370537,0.0,42.67046200704049,1,1,0,0,0,PortScan,True
2026-03-15 09:06:23.707479395,11351,6,431.6850761052221,1,0,81,0,55.99484068201057,0.0,23.85143430882796,1,1,0,0,0,PortScan,True
2026-03-15 09:06:25.160421369,37838,6,143.81783533914378,2,0,77,0,42.25615041173552,0.0,47.34814120994883,1,1,0,0,0,PortScan,True
2026-03-15 09:06:26.524608546,26053,6,396.9549103018893,2,0,104,0,41.50512394901365,0.0,16.9050311410204,1,1,0,0,0,PortScan,True
2026-03-15 09:06:27.780809358,1758,6,516.7333918878423,2,0,55,0,51.72671711387781,0.0,21.51775476782081,1,1,0,0,0,PortScan,True
2026-03-15 09:06:28.862584382,21166,6,717.9964996666894,1,0,60,0,50.237868088163665,0.0,36.649683237551116,1,1,0,0,0,PortScan,True
2026-03-15 09:06:30.208124521,30960,6,355.66664105204103,1,0,48,0,42.04213635365673,0.0,19.709342940598912,1,1,0,0,0,PortScan,True
2026-03-15 09:06:31.143901322,63287,6,237.3109299620586,2,0,92,0,55.42414239497423,0.0,30.398015479839547,1,1,0,0,0,PortScan,True
2026-03-15 09:06:32.609263251,288,6,552.0710065956108,2,0,59,0,57.589584880815586,0.0,26.887148921298703,1,1,0,0,0,PortScan,True
2026-03-15 09:06:33.603883986,32537,6,634.5655740031085,1,0,91,0,44.90894521873937,0.0,15.684173855073917,1,1,0,0,0,PortScan,True
2026-03-15 09:06:34.633821676,12851,6,585.202064063888,2,0,61,0,43.45323069502649,0.0,6.268536462643322,1,1,0,0,0,PortScan,True
2026-03-15 09:06:36.266487387,19166,6,564.8283417321231,2,0,96,0,60.27462488885199,0.0,23.718484802813563,1,1,0,0,0,PortScan,True
2026-03-15 09:06:37.064982524,46415,6,354.25631873034047,1,0,96,0,53.227406792728374,0.0,46.4641116753455,1,0,0,0,0,PortScan,True
2026-03-15 09:06:38.115720890,19605,6,482.49502555370464,2,0,85,0,41.85428258510377,0.0,31.91489891946998,1,0,0,0,0,PortScan,True
2026-03-15 09:06:39.445604425,65448,6,708.5068910992724,2,0,103,0,55.88414469566558,0.0,26.615687386358527,1,1,0,0,0,PortScan,True
2026-03-15 09:06:40.720012536,52981,6,236.96626159135542,2,0,77,0,52.30182557052905,0.0,16.570360211308888,1,1,0,0,0,PortScan,True
2026-03-15 09:06:41.910809809,53701,6,24.727004485041302,2,0,97,0,51.28803985368865,0.0,33.54413970968396,1,0,0,0,0,PortScan,True
2026-03-15 09:06:43.214800505,40706,6,581.3881069662627,2,0,85,0,51.21279665248464,0.0,33.82278765901832,1,1,0,0,0,PortScan,True
2026-03-15 09:06:44.629876129,48600,6,194.13307849197037,1,0,41,0,49.925844117374524,0.0,41.671267239013275,1,0,0,0,0,PortScan,True
2026-03-15 09:06:45.475402936,7367,6,515.3357509116438,2,0,62,0,40.01381354475684,0.0,24.395278589503928,1,0,0,0,0,PortScan,True
2026-03-15 09:06:46.812462364,23151,6,119.60668445059773,2,0,105,0,62.93158361729225,0.0,10.455933259314648,1,0,0,0,0,PortScan,True
2026-03-15 09:06:47.904083372,50935,6,761.1809899027086,2,0,95,0,62.352261192390586,0.0,24.806524084183856,1,1,0,0,0,PortScan,True
2026-03-15 09:06:49.393063835,61209,6,298.08399767768674,2,0,46,0,56.906540001458865,0.0,30.02829979967441,1,1,0,0,0,PortScan,True
2026-03-15 09:06:50.194560907,5637,6,658.3110468822889,2,0,60,0,46.9104865317565,0.0,39.07608394234961,1,1,0,0,0,PortScan,True
2026-03-15 09:06:51.362106160,22537,6,151.72233722777293,1,0,70,0,59.21578276831745,0.0,46.57649816400231,1,1,0,0,0,PortScan,True
2026-03-15 09:06:52.801797151,4993,6,651.2018803786614,2,0,54,0,53.909947852768056,0.0,31.738358064391544,1,1,0,0,0,PortScan,True
2026-03-15 09:06:54.103132551,13142,6,22.09059078896906,1,0,117,0,57.42577427897321,0.0,6.009729088013623,1,1,0,0,0,PortScan,True
2026-03-15 09:06:55.377315120,39942,6,486.6818604255584,1,0,68,0,58.53823035865558,0.0,31.07429970618735,1,1,0,0,0,PortScan,True
2026-03-15 09:06:56.453774911,29596,6,301.34102040539017,2,0,108,0,60.79134898720417,0.0,34.49474266371906,1,0,0,0,0,PortScan,True
2026-03-15 09:06:57.764309856,29717,6,656.0095666791366,2,0,65,0,40.27722976841762,0.0,42.17650394418943,1,0,0,0,0,PortScan,True
2026-03-15 09:06:58.735626035,55813,6,411.5224288373151,1,0,96,0,49.84701385251856,0.0,15.96305202002686,1,1,0,0,0,PortScan,True
2026-03-15 09:06:59.719720602,47418,6,496.10333865140956,1,0,59,0,49.7996198022424,0.0,31.622117585554264,1,1,0,0,0,PortScan,True
2026-03-15 09:07:00.969659584,7190,6,401.4116383717161,2,0,74,0,63.741101541791835,0.0,46.64232452973605,1,1,0,0,0,PortScan,True
2026-03-15 09:07:02.123233560,50677,6,224.00731671098808,2,0,44,0,60.01536208094946,0.0,49.1713991119281,1,0,0,0,0,PortScan,True
2026-03-15 09:07:03.497366190,40884,6,226.50468161845845,2,0,110,0,60.66316249068247,0.0,37.249647193910995,1,0,0,0,0,PortScan,True
2026-03-15 09:07:04.797294804,42076,6,380.55668591060214,2,0,88,0,46.01647373266821,0.0,19.309129520876635,1,1,0,0,0,PortScan,True
2026-03-15 09:07:05.913790490,24330,6,137.9403706604859,2,0,80,0,41.15687936810363,0.0,23.47866447149924,1,1,0,0,0,PortScan,True
2026-03-15 09:07:07.236359685,30787,6,64.19563955932762,2,0,66,0,44.70671596432527,0.0,26.337396788490274,1,0,0,0,0,PortScan,True
2026-03-15 09:07:08.388365489,45077,6,747.9872098255667,1,0,44,0,61.142992939943014,0.0,36.56204008857554,1,0,0,0,0,PortScan,True
2026-03-15 09:07:09.706765681,28891,6,330.97926441129397,2,0,110,0,58.90877121189246,0.0,17.887592602766958,1,0,0,0,0,PortScan,True
2026-03-15 09:07:10.900177298,45767,6,695.8194214310927,2,0,58,0,62.363368012071035,0.0,19.176785862595462,1,1,0,0,0,PortScan,True
2026-03-15 09:07:11.890838488,20780,6,379.6324643023423,1,0,59,0,45.88208389623158,0.0,32.372329887840095,1,0,0,0,0,PortScan,True
2026-03-15 09:07:13.107728673,63094,6,113.434841562599,1,0,63,0,53.2576985957066,0.0,32.314548265598845,1,0,0,0,0,PortScan,True
2026-03-15 09:07:14.451088692,46266,6,296.5665890951874,2,0,110,0,40.84081315022916,0.0,36.284813362999884,1,0,0,0,0,PortScan,True
2026-03-15 09:07:15.657859480,54527,6,434.1424540389406,1,0,106,0,57.3962686186848,0.0,21.1835109879197,1,1,0,0,0,PortScan,True
2026-03-15 09:07:16.688819948,36713,6,60.15424542730406,1,0,53,0,62.48358875454262,0.0,8.764351841831107,1,1,0,0,0,PortScan,True
2026-03-15 09:07:17.898190731,43619,6,673.389859602749,2,0,87,0,51.64965396628372,0.0,15.67453697991659,1,0,0,0,0,PortScan,True
2026-03-15 09:07:19.316427007,39734,6,516.617513332468,1,0,77,0,51.721741580772445,0.0,31.99951954413312,1,0,0,0,0,PortScan,True
2026-03-15 09:07:20.488446493,20622,6,595.7022560253549,1,0,90,0,54.204014202198536,0.0,26.515006586852255,1,0,0,0,0,PortScan,True
2026-03-15 09:07:21.381030482,23044,6,614.9279335838238,2,0,52,0,57.70507550317108,0.0,14.42378699148153,1,1,0,0,0,PortScan,True
2026-03-15 09:07:22.764625127,46268,6,274.97565558171664,1,0,58,0,42.91722695635283,0.0,42.36473293650345,1,1,0,0,0,PortScan,True
2026-03-15 09:07:24.235623647,44831,6,453.51848590897737,2,0,73,0,53.357709534370294,0.0,34.06300571926651,1,0,0,0,0,PortScan,True
2026-03-15 09:07:24.921783405,56378,6,539.0303489622258,2,0,87,0,45.809828903455504,0.0,10.07302200533551,1,0,0,0,0,PortScan,True
2026-03-15 09:07:26.613098367,49018,6,484.6551113840755,1,0,44,0,62.027573464797385,0.0,28.290272396368966,1,1,0,0,0,PortScan,True
2026-03-15 09:07:27.397906894,35778,6,534.5482098737065,1,0,95,0,47.527652118217325,0.0,23.690754038346938,1,0,0,0,0,PortScan,True
2026-03-15 09:07:28.804349179,22524,6,248.92588783497746,2,0,42,0,62.116569589910995,0.0,35.73113670618505,1,0,0,0,0,PortScan,True
2026-03-15 09:07:29.954601857,35965,6,416.5712690060039,1,0,88,0,60.40368341381796,0.0,40.71925418238615,1,0,0,0,0,PortScan,True
2026-03-15 09:07:30.906077602,135,6,126.4365061549929,2,0,42,0,40.812745745252904,0.0,19.006860207590133,1,1,0,0,0,PortScan,True
2026-03-15 09:07:32.649238162,18094,6,200.63352671512519,2,0,41,0,40.2523425042619,0.0,46.57847104180078,1,1,0,0,0,PortScan,True
2026-03-15 09:07:33.572955136,6022,6,630.7297808002686,2,0,99,0,41.474978440119074,0.0,46.657892023695915,1,1,0,0,0,PortScan,True
2026-03-15 09:07:35.072560966,45494,6,368.20717858267125,1,0,110,0,44.90807089913745,0.0,19.07688020551355,1,1,0,0,0,PortScan,True
2026-03-15 09:07:35.872046340,63819,6,341.91836559724635,2,0,119,0,61.329215031579736,0.0,44.93252705807457,1,0,0,0,0,PortScan,True
2026-03-15 09:07:37.419765464,62557,6,676.6785764265039,1,0,92,0,56.59666046993095,0.0,7.152382434972609,1,1,0,0,0,PortScan,True
2026-03-15 09:07:38.653433744,55233,6,742.4215074938592,1,0,107,0,54.817357130977214,0.0,15.947822480660257,1,1,0,0,0,PortScan,True
2026-03-15 09:07:39.634099449,36807,6,428.22723838284145,2,0,104,0,54.67808157371355,0.0,10.086652346664827,1,1,0,0,0,PortScan,True
2026-03-15 09:07:40.621606672,34337,6,435.74350213114695,1,0,64,0,40.5358745588541,0.0,14.338261395541862,1,1,0,0,0,PortScan,True
2026-03-15 09:07:42.111148459,30791,6,440.02005658779024,1,0,44,0,54.3440152530681,0.0,27.646525645017096,1,0,0,0,0,PortScan,True
2026-03-15 09:07:43.229386839,55810,6,274.97883723645964,1,0,63,0,43.19272369237768,0.0,47.499425501097456,1,1,0,0,0,PortScan,True
2026-03-15 09:07:44.666717799,51097,6,609.1319756801969,2,0,118,0,46.30363600292684,0.0,31.22858018884553,1,0,0,0,0,PortScan,True
2026-03-15 09:07:45.563563237,11563,6,636.8663408895543,1,0,92,0,60.85203907477482,0.0,40.754863498897656,1,1,0,0,0,PortScan,True
2026-03-15 09:07:46.661108188,793,6,477.0005321238951,2,0,107,0,41.336920124655244,0.0,38.13756469474423,1,0,0,0,0,PortScan,True
2026-03-15 09:07:47.782972200,56374,6,256.70918863199495,1,0,49,0,44.62282906594815,0.0,36.98765173316307,1,1,0,0,0,PortScan,True
2026-03-15 09:07:49.319180141,21441,6,736.8482463353165,1,0,100,0,59.827117970087286,0.0,45.612694232614096,1,1,0,0,0,PortScan,True
2026-03-15 09:07:50.684465771,23856,6,156.52848394052276,1,0,97,0,47.96960982016151,0.0,44.84415215453814,1,1,0,0,0,PortScan,True
2026-03-15 09:07:51.317006262,26333,6,701.9896550485582,1,0,70,0,61.75620038309446,0.0,8.227740510198164,1,1,0,0,0,PortScan,True
2026-03-15 09:07:52.944267212,36639,6,365.2046268115784,2,0,107,0,48.66104012556541,0.0,42.314457723773266,1,1,0,0,0,PortScan,True
2026-03-15 09:07:54.256158217,48017,6,651.3682724602284,2,0,82,0,55.302746181012374,0.0,28.789473386676885,1,1,0,0,0,PortScan,True
2026-03-15 09:07:54.944868920,42514,6,105.46957995070117,2,0,43,0,48.524982481610245,0.0,5.56605273122191,1,1,0,0,0,PortScan,True
2026-03-15 09:07:56.166102027,50368,6,494.7755331972594,1,0,98,0,63.95965903064489,0.0,25.765205314296043,1,1,0,0,0,PortScan,True
2026-03-15 09:07:57.715174259,12926,6,292.7228520105379,2,0,119,0,44.714915656083065,0.0,48.48314504502183,1,1,0,0,0,PortScan,True
2026-03-15 09:07:58.888778025,44419,6,18.39884731639671,1,0,92,0,42.88792692370373,0.0,9.001214302423435,1,0,0,0,0,PortScan,True
2026-03-15 09:07:59.741296449,64968,6,36.60555599275541,2,0,98,0,51.74647418284609,0.0,45.996707984102855,1,1,0,0,0,PortScan,True
2026-03-15 09:08:01.400653651,35206,6,737.4966555094945,1,0,72,0,51.36403915837492,0.0,42.15508866283672,1,0,0,0,0,PortScan,True
2026-03-15 09:08:02.414054308,12962,6,738.1651170347357,1,0,46,0,49.188971671538,0.0,13.772580054454387,1,0,0,0,0,PortScan,True
2026-03-15 09:08:03.844318424,1929,6,779.3557992363344,1,0,53,0,50.367396541454994,0.0,16.52776269659066,1,1,0,0,0,PortScan,True
2026-03-15 09:08:05.026794528,31719,6,531.176387280386,2,0,53,0,52.25635025703538,0.0,10.933342047835225,1,1,0,0,0,PortScan,True
2026-03-15 09:08:06.187504661,37470,6,725.1601022133418,1,0,105,0,41.553753963330756,0.0,42.8199539507515,1,1,0,0,0,PortScan,True
2026-03-15 09:08:07.209539337,43867,6,653.7019741755969,2,0,57,0,41.324932608565035,0.0,22.27121264308876,1,1,0,0,0,PortScan,True
2026-03-15 09:08:08.251026385,64423,6,446.6084601327604,1,0,94,0,48.68452519319469,0.0,14.535466710043103,1,1,0,0,0,PortScan,True
2026-03-15 09:08:09.603585302,46136,6,453.08502836464896,1,0,75,0,63.20682973619794,0.0,16.628620909200485,1,1,0,0,0,PortScan,True
2026-03-15 09:08:10.560486826,15979,6,240.52974967125726,1,0,115,0,48.81596596922981,0.0,44.242719835927545,1,1,0,0,0,PortScan,True
2026-03-15 09:08:12.095307689,13973,6,243.54081809510225,1,0,103,0,56.02090453979925,0.0,21.02440902921487,1,0,0,0,0,PortScan,True
2026-03-15 09:08:12.980386331,49865,6,664.7778379135189,1,0,89,0,56.36715381382234,0.0,26.558006347482078,1,0,0,0,0,PortScan,True
2026-03-15 09:08:14.406703777,59038,6,34.578266527393076,1,0,63,0,48.79711038198244,0.0,26.733609172027222,1,0,0,0,0,PortScan,True
2026-03-15 09:08:15.332629184,61849,6,290.5969770603263,2,0,94,0,56.08854520106765,0.0,41.46012575447742,1,0,0,0,0,PortScan,True
2026-03-15 09:08:16.679707494,24482,6,765.7789392120416,2,0,105,0,43.09100781454364,0.0,26.901381450842575,1,1,0,0,0,PortScan,True
2026-03-15 09:08:17.839248276,64821,6,609.5598351118274,2,0,44,0,60.887305991921146,0.0,42.73455141086208,1,1,0,0,0,PortScan,True
2026-03-15 09:08:19.272018925,8409,6,509.5127944117104,1,0,60,0,49.51959302663436,0.0,40.28001020172195,1,0,0,0,0,PortScan,True
2026-03-15 09:08:20.572072027,46918,6,155.07098416851792,2,0,108,0,48.14370764822941,0.0,7.554729070154998,1,1,0,0,0,PortScan,True
2026-03-15 09:08:21.334381772,24245,6,643.8884624535217,2,0,46,0,54.47797815585538,0.0,5.626198545435602,1,0,0,0,0,PortScan,True
2026-03-15 09:08:23.010170211,22340,6,214.82041726813648,2,0,82,0,54.40756984673341,0.0,11.00301696131013,1,1,0,0,0,PortScan,True
2026-03-15 09:08:24.216460616,48844,6,104.17760167781444,2,0,53,0,54.74170950547079,0.0,27.607924214219203,1,1,0,0,0,PortScan,True
2026-03-15 09:08:25.105361444,53991,6,602.3697769696538,2,0,56,0,54.615011447540184,0.0,16.760909214497104,1,0,0,0,0,PortScan,True
2026-03-15 09:08:26.495402439,25124,6,222.20018312276179,2,0,105,0,55.609907399682356,0.0,15.094508807660304,1,1,0,0,0,PortScan,True
2026-03-15 09:08:27.541567819,48670,6,284.1288852788873,1,0,96,0,46.41576226970515,0.0,13.846983993484242,1,1,0,0,0,PortScan,True
2026-03-15 09:08:28.592514529,2599,6,288.1201489502627,2,0,85,0,56.861572204580554,0.0,15.231384847059404,1,1,0,0,0,PortScan,True
2026-03-15 09:08:30.017197451,20642,6,16.72675333943495,2,0,51,0,42.89686367098109,0.0,19.302062773664034,1,1,0,0,0,PortScan,True
2026-03-15 09:08:30.951815804,52327,6,94.90334884978917,2,0,60,0,46.92237986131575,0.0,32.89245931427176,1,1,0,0,0,PortScan,True
2026-03-15 09:08:32.627083293,5172,6,100.23604791876082,1,0,100,0,55.17436151048943,0.0,49.23752986763134,1,1,0,0,0,PortScan,True
2026-03-15 09:08:33.854573855,59024,6,104.28765333176888,1,0,97,0,40.904072772937695,0.0,20.692758933541924,1,1,0,0,0,PortScan,True
2026-03-15 09:08:34.992967882,60233,6,460.1351934358325,2,0,86,0,57.21088884072887,0.0,10.774487767761952,1,1,0,0,0,PortScan,True
2026-03-15 09:08:36.037516872,47913,6,34.05302119288421,2,0,107,0,63.79312150753748,0.0,19.037413135668334,1,1,0,0,0,PortScan,True
2026-03-15 09:08:37.234559154,2347,6,254.94944042722173,1,0,84,0,57.0755572805487,0.0,39.19774421337867,1,0,0,0,0,PortScan,True
2026-03-15 09:08:38.690764425,46513,6,441.83927840684635,1,0,66,0,54.93067781816467,0.0,32.51992656967573,1,1,0,0,0,PortScan,True
2026-03-15 09:08:39.448741013,25182,6,13.046639704049685,1,0,48,0,58.88196881962624,0.0,31.260197904453012,1,0,0,0,0,PortScan,True
2026-03-15 09:08:40.545569019,5498,6,523.8194611717286,2,0,55,0,58.71006409073765,0.0,31.82067960723219,1,0,0,0,0,PortScan,True
2026-03-15 09:08:42.037164554,31850,6,244.3416435346783,2,0,76,0,51.40591028096342,0.0,37.04143613241079,1,1,0,0,0,PortScan,True
2026-03-15 09:08:43.097271358,26416,6,550.8742842388227,1,0,43,0,60.31193920183844,0.0,36.87242104970369,1,1,0,0,0,PortScan,True
2026-03-15 09:08:44.293403263,4562,6,368.78568593285655,1,0,53,0,55.719905999635124,0.0,9.92723523652846,1,1,0,0,0,PortScan,True
2026-03-15 09:08:45.304251212,37238,6,481.52770018279546,1,0,96,0,42.26757343468878,0.0,26.1891817192538,1,1,0,0,0,PortScan,True
2026-03-15 09:08:46.857743645,9907,6,198.3787063302574,1,0,79,0,59.17314508519067,0.0,29.72462159599594,1,1,0,0,0,PortScan,True
2026-03-15 09:08:47.858420221,22868,6,108.35428617554275,1,0,59,0,63.3472986379089,0.0,8.897821856518041,1,0,0,0,0,PortScan,True
2026-03-15 09:08:49.012715128,9768,6,172.49827948383543,1,0,103,0,49.55088531877771,0.0,40.5903313366222,1,1,0,0,0,PortScan,True
2026-03-15 09:08:50.124259158,51422,6,717.4231123682976,2,0,106,0,63.67281411577889,0.0,46.98100481067922,1,0,0,0,0,PortScan,True
2026-03-15 09:08:51.518616945,29314,6,455.67204882422396,1,0,92,0,60.2359434143343,0.0,35.301200104707135,1,1,0,0,0,PortScan,True
2026-03-15 09:08:53.027381323,44586,6,658.2282818649386,1,0,65,0,55.77748965536151,0.0,14.091077818306353,1,1,0,0,0,PortScan,True
2026-03-15 09:08:53.902002484,4148,6,634.2906755733454,2,0,53,0,59.04527138291222,0.0,42.6872993194634,1,0,0,0,0,PortScan,True
2026-03-15 09:08:55.307444526,15574,6,162.22921002801806,1,0,51,0,59.28532144640996,0.0,18.193044245022918,1,1,0,0,0,PortScan,True
2026-03-15 09:08:56.553928178,8284,6,12.90834402804169,1,0,46,0,54.645782829140124,0.0,21.662267068880734,1,1,0,0,0,PortScan,True
2026-03-15 09:08:57.496860485,10066,6,502.7685427927883,1,0,80,0,54.66927032282825,0.0,35.631918080428804,1,0,0,0,0,PortScan,True
2026-03-15 09:08:58.992984441,46063,6,616.0694112005965,2,0,84,0,58.91304090592957,0.0,10.479414537758796,1,0,0,0,0,PortScan,True
2026-03-15 09:09:00.115127795,10343,6,317.9915041873719,1,0,49,0,41.9489091760656,0.0,8.634892266654248,1,0,0,0,0,PortScan,True
2026-03-15 09:09:01.235545337,8419,6,36.18552783648764,1,0,104,0,62.439604842535005,0.0,24.155383202654487,1,0,0,0,0,PortScan,True
2026-03-15 09:09:02.100595478,7391,6,656.6277219761234,1,0,82,0,45.72846410971047,0.0,6.377410815388741,1,0,0,0,0,PortScan,True
2026-03-15 09:09:03.321054459,60898,6,314.43823548111703,1,0,40,0,56.35420511324147,0.0,10.602609864469215,1,0,0,0,0,PortScan,True
2026-03-15 09:09:05.094519506,19011,6,618.9181469211027,2,0,110,0,58.44376550055437,0.0,18.38699750448056,1,0,0,0,0,PortScan,True
2026-03-15 09:09:06.169370354,12061,6,106.72155668854724,2,0,58,0,40.93045538552078,0.0,35.23831324025265,1,1,0,0,0,PortScan,True
2026-03-15 09:09:07.462539155,43792,6,211.77199860934647,1,0,116,0,49.42110614487817,0.0,42.0892989833972,1,0,0,0,0,PortScan,True
2026-03-15 09:09:08.641381922,22689,6,495.1495681604936,1,0,82,0,60.12338139431678,0.0,18.76386961280867,1,0,0,0,0,PortScan,True
2026-03-15 09:09:09.312265789,48454,6,508.1566592656807,1,0,85,0,54.214801932548184,0.0,11.169112191959764,1,0,0,0,0,PortScan,True
2026-03-15 09:09:10.975108373,35766,6,457.5297552208309,2,0,46,0,62.31137102680097,0.0,41.14929472914798,1,0,0,0,0,PortScan,True
2026-03-15 09:09:11.970687446,25393,6,114.29939747011424,2,0,117,0,54.14684196209483,0.0,19.298981097861628,1,1,0,0,0,PortScan,True
2026-03-15 09:09:13.373734922,61352,6,12.005368256564964,2,0,63,0,45.62006064283979,0.0,20.577966227555645,1,0,0,0,0,PortScan,True
2026-03-15 09:09:14.104029470,40337,6,379.63120809617476,2,0,94,0,41.42832016466862,0.0,43.017083126660935,1,1,0,0,0,PortScan,True
2026-03-15 09:09:15.472919580,56124,6,546.2308297663949,2,0,104,0,52.62575441071922,0.0,33.53051167577377,1,1,0,0,0,PortScan,True
2026-03-15 09:09:16.950794265,221,6,53.97617445903304,1,0,111,0,61.15594465058737,0.0,28.129368784046548,1,1,0,0,0,PortScan,True
2026-03-15 09:09:18.175812473,64400,6,706.7174874065443,2,0,77,0,42.35101259044444,0.0,26.629008553309585,1,0,0,0,0,PortScan,True
2026-03-15 09:09:19.271828760,52072,6,767.647232081157,1,0,65,0,58.85964325969637,0.0,31.854204224147256,1,0,0,0,0,PortScan,True
2026-03-15 09:09:20.280753713,46909,6,471.9148096212073,2,0,94,0,54.33616137666529,0.0,10.721492864954783,1,1,0,0,0,PortScan,True
2026-03-15 09:09:21.486217554,29305,6,323.4180251515832,1,0,42,0,63.46325652185176,0.0,19.063603543856356,1,0,0,0,0,PortScan,True
2026-03-15 09:09:23.080058378,36091,6,778.2402876171134,1,0,116,0,44.75871850336179,0.0,42.30697388024613,1,1,0,0,0,PortScan,True
2026-03-15 09:09:23.963527307,40035,6,606.252323989819,1,0,101,0,59.85233570673029,0.0,5.942578361921356,1,1,0,0,0,PortScan,True
2026-03-15 09:09:25.168275330,11789,6,655.2525952686244,2,0,42,0,58.169515580340104,0.0,10.34436331092877,1,0,0,0,0,PortScan,True
2026-03-15 09:09:26.431399650,13048,6,739.1939241263291,2,0,61,0,61.36492854324764,0.0,5.751836149757207,1,1,0,0,0,PortScan,True
2026-03-15 09:09:27.545701402,48570,6,698.5942128797838,2,0,111,0,48.8086437195344,0.0,19.607437195197008,1,1,0,0,0,PortScan,True
2026-03-15 09:09:28.831602938,14509,6,626.6108916025012,1,0,44,0,52.517739935679764,0.0,13.664777791589765,1,1,0,0,0,PortScan,True
2026-03-15 09:09:29.959401253,16363,6,765.6108451321948,1,0,83,0,62.81720295725812,0.0,23.093117978153593,1,0,0,0,0,PortScan,True
2026-03-15 09:09:31.396028951,23866,6,39.966141781068956,2,0,109,0,56.571754269938836,0.0,13.501026781507887,1,1,0,0,0,PortScan,True
2026-03-15 09:09:32.645430611,18427,6,390.92046446474046,2,0,59,0,48.91011854817049,0.0,17.768629632120664,1,1,0,0,0,PortScan,True
2026-03-15 09:09:33.859266155,44014,6,684.4018717061149,1,0,100,0,46.77921248403369,0.0,33.20171607502067,1,0,0,0,0,PortScan,True
2026-03-15 09:09:34.838577723,9753,6,412.9422357763049,2,0,85,0,46.21652409074805,0.0,29.05708034652937,1,1,0,0,0,PortScan,True
2026-03-15 09:09:35.965289134,17039,6,481.0204468427038,1,0,43,0,60.689327072185876,0.0,9.346641293937322,1,0,0,0,0,PortScan,True
2026-03-15 09:09:37.323144035,20985,6,329.8680583525695,2,0,93,0,40.154849679090795,0.0,41.50552163501804,1,0,0,0,0,PortScan,True
2026-03-15 09:09:38.602994154,49189,6,725.5548288138543,2,0,59,0,57.68813559370189,0.0,32.03654875985711,1,1,0,0,0,PortScan,True
2026-03-15 09:09:39.637789345,50056,6,150.6856304827888,1,0,105,0,53.56499134601921,0.0,40.18890965788885,1,1,0,0,0,PortScan,True
2026-03-15 09:09:40.919988613,62391,6,279.8614217895301,2,0,88,0,48.75455744131909,0.0,38.3266077150837,1,0,0,0,0,PortScan,True
2026-03-15 09:09:42.149837610,27814,6,745.1117658262189,2,0,106,0,60.681634992742886,0.0,46.12913854050397,1,1,0,0,0,PortScan,True
2026-03-15 09:09:43.305836266,16295,6,360.8429085842869,2,0,112,0,41.190048306183016,0.0,7.8612518635606055,1,0,0,0,0,PortScan,True
2026-03-15 09:09:44.547680133,6659,6,294.2459975336556,1,0,118,0,45.788793644929704,0.0,46.08463156181137,1,1,0,0,0,PortScan,True
2026-03-15 09:09:45.425187199,51756,6,629.9618946541206,2,0,102,0,42.875533804530185,0.0,26.554011927361866,1,0,0,0,0,PortScan,True
2026-03-15 09:09:46.799024728,63771,6,234.54761322895547,1,0,75,0,51.542310785371484,0.0,49.367577694051626,1,0,0,0,0,PortScan,True
2026-03-15 09:09:48.052961132,49877,6,141.90915165019737,2,0,44,0,47.329989412616094,0.0,48.21709128593666,1,1,0,0,0,PortScan,True
2026-03-15 09:09:48.901486758,43584,6,60.73026459452758,2,0,113,0,47.05161807170577,0.0,46.73292548900838,1,0,0,0,0,PortScan,True
2026-03-15 09:09:50.613577505,44865,6,229.93464435015954,1,0,90,0,59.15081796857738,0.0,33.35405940197737,1,0,0,0,0,PortScan,True
2026-03-15 09:09:51.666014705,45087,6,352.5742695901929,1,0,79,0,48.60933159705181,0.0,23.87956233992375,1,1,0,0,0,PortScan,True
2026-03-15 09:09:52.577481799,64895,6,508.4510679465388,2,0,118,0,61.64047641538261,0.0,42.2547256044937,1,1,0,0,0,PortScan,True
2026-03-15 09:09:54.189814243,13771,6,646.62481567658,2,0,82,0,62.873369520032014,0.0,21.46773561683575,1,1,0,0,0,PortScan,True
2026-03-15 09:09:55.330234179,16343,6,696.5130677273067,2,0,42,0,60.3522820430887,0.0,33.49556189330528,1,0,0,0,0,PortScan,True
2026-03-15 09:09:56.554979726,29424,6,725.3423644568603,2,0,80,0,60.37944541923648,0.0,41.558802243958894,1,0,0,0,0,PortScan,True
2026-03-15 09:09:57.535225477,22862,6,138.3137594382919,2,0,79,0,58.13364685413611,0.0,38.172910487515864,1,1,0,0,0,PortScan,True
2026-03-15 09:09:59.012521504,53336,6,484.4418950532408,1,0,67,0,54.23661888804643,0.0,36.32580154924497,1,0,0,0,0,PortScan,True
2026-03-15 09:09:59.948416549,22004,6,396.8558326397366,1,0,54,0,55.131153061510744,0.0,45.37650309406177,1,1,0,0,0,PortScan,True
2026-03-15 09:10:01.242305491,58870,6,758.1226026434282,2,0,103,0,48.509998640824385,0.0,25.16988190401379,1,1,0,0,0,PortScan,True
2026-03-15 09:10:02.100385382,6887,6,334.09013291855103,2,0,62,0,61.833502665924456,0.0,16.32865614547338,1,1,0,0,0,PortScan,True
2026-03-15 09:10:03.686923868,54627,6,608.0974215771289,2,0,46,0,59.33641922372083,0.0,14.497077342439955,1,1,0,0,0,PortScan,True
2026-03-15 09:10:04.930905475,18293,6,594.7337032988053,1,0,56,0,51.19258984944141,0.0,16.95105857741529,1,0,0,0,0,PortScan,True
2026-03-15 09:10:06.040265619,15281,6,676.3744267922127,1,0,57,0,45.57801175828327,0.0,7.104148453961663,1,1,0,0,0,PortScan,True
2026-03-15 09:10:07.197935290,1717,6,456.74614093216877,1,0,88,0,41.102311232521856,0.0,14.02203915913606,1,0,0,0,0,PortScan,True
2026-03-15 09:10:08.585961884,47416,6,705.0132083058267,2,0,48,0,57.851922936133995,0.0,47.911207438718854,1,0,0,0,0,PortScan,True
2026-03-15 09:10:09.708823630,45197,6,617.9586173316204,1,0,41,0,45.92149162452726,0.0,33.88461048425274,1,1,0,0,0,PortScan,True
2026-03-15 09:10:10.666844423,61287,6,329.17884415134023,2,0,93,0,53.17905752399047,0.0,47.17295895589463,1,1,0,0,0,PortScan,True
2026-03-15 09:10:12.275444002,11121,6,538.7433694028869,2,0,97,0,52.74299937773671,0.0,7.2808943399044725,1,1,0,0,0,PortScan,True
2026-03-15 09:10:13.324360316,9981,6,432.38430101111464,2,0,107,0,59.14487588013206,0.0,24.46452842568032,1,1,0,0,0,PortScan,True
2026-03-15 09:10:14.692763357,64,6,316.39184656858873,1,0,95,0,42.41689044097371,0.0,41.84353397642517,1,1,0,0,0,PortScan,True
2026-03-15 09:10:15.882756789,5114,6,396.48486423327716,2,0,50,0,42.12012106874591,0.0,7.043302249884276,1,1,0,0,0,PortScan,True
2026-03-15 09:10:17.051345833,13600,6,705.4911048608535,1,0,75,0,54.11347394323581,0.0,35.322732364175565,1,0,0,0,0,PortScan,True
2026-03-15 09:10:18.153222924,23778,6,548.459634985526,1,0,103,0,40.52991424777833,0.0,7.646981804556723,1,1,0,0,0,PortScan,True
2026-03-15 09:10:19.265657621,15755,6,778.8634898594352,2,0,52,0,58.26112993708871,0.0,40.699351640591196,1,1,0,0,0,PortScan,True
2026-03-15 09:10:20.203302398,7182,6,44.37933845064458,2,0,117,0,59.72100661728335,0.0,32.34588067103112,1,0,0,0,0,PortScan,True
2026-03-15 09:10:21.626010850,19764,6,283.8388151890443,1,0,68,0,58.266889336680705,0.0,47.3324269337709,1,1,0,0,0,PortScan,True
2026-03-15 09:10:22.959225913,56189,6,734.2705661821415,2,0,111,0,40.4436775800767,0.0,15.766435911031582,1,1,0,0,0,PortScan,True
2026-03-15 09:10:24.012514295,12979,6,186.0814868676815,2,0,100,0,47.59734130468221,0.0,32.096523288242224,1,1,0,0,0,PortScan,True
2026-03-15 09:10:25.420943477,51213,6,199.2983634451151,1,0,44,0,55.84333105208229,0.0,37.77896290897003,1,0,0,0,0,PortScan,True
2026-03-15 09:10:26.165793539,50322,6,405.8612171003598,1,0,87,0,56.63389975358116,0.0,17.284275751630254,1,0,0,0,0,PortScan,True
2026-03-15 09:10:27.528564208,53473,6,266.72241424254065,2,0,51,0,43.22268412155868,0.0,41.78351912882233,1,1,0,0,0,PortScan,True
2026-03-15 09:10:28.803578651,26263,6,681.8134593467217,1,0,108,0,57.09178710839438,0.0,44.6199890078634,1,0,0,0,0,PortScan,True
2026-03-15 09:10:29.959395177,37403,6,533.1585841238386,2,0,64,0,61.6699575814975,0.0,18.481360367649714,1,1,0,0,0,PortScan,True
2026-03-15 09:10:30.965151928,1041,6,302.1258556367823,1,0,43,0,58.007792664735064,0.0,17.896786530934204,1,0,0,0,0,PortScan,True
2026-03-15 09:10:32.192116976,23029,6,17.437641519186982,1,0,65,0,46.531539253893726,0.0,29.507332708102826,1,1,0,0,0,PortScan,True
2026-03-15 09:10:33.802570375,58469,6,441.44446748751267,2,0,81,0,59.42764654799311,0.0,7.396918343425064,1,1,0,0,0,PortScan,True
2026-03-15 09:10:34.790630555,4768,6,330.3222366446814,2,0,44,0,63.45677356474989,0.0,27.294149127480882,1,1,0,0,0,PortScan,True
2026-03-15 09:10:35.729233456,47555,6,374.6698913665852,1,0,76,0,48.85412759802804,0.0,40.70548556399013,1,0,0,0,0,PortScan,True
2026-03-15 09:10:36.909894755,23748,6,396.9925390694937,2,0,61,0,53.361250591527934,0.0,14.68452640400283,1,0,0,0,0,PortScan,True
2026-03-15 09:10:38.384085241,59391,6,596.028703843112,2,0,50,0,45.835107239825334,0.0,26.731111956644384,1,0,0,0,0,PortScan,True
2026-03-15 09:10:39.398627235,61994,6,488.76911839534415,2,0,69,0,42.32725881445639,0.0,32.647855750513784,1,0,0,0,0,PortScan,True
2026-03-15 09:10:40.923075567,62226,6,708.5345465442855,1,0,67,0,53.50514013255244,0.0,5.810126216835444,1,0,0,0,0,PortScan,True
2026-03-15 09:10:42.177194077,57033,6,283.5514277403408,2,0,97,0,59.48580872215928,0.0,20.940781233045275,1,1,0,0,0,PortScan,True
2026-03-15 09:10:43.036978025,22498,6,585.0555157190466,1,0,43,0,56.931528463476376,0.0,36.81050768792893,1,0,0,0,0,PortScan,True
2026-03-15 09:10:44.455306166,22882,6,709.5282205075233,2,0,105,0,53.99227730111931,0.0,8.884616486750339,1,0,0,0,0,PortScan,True
2026-03-15 09:10:45.392666786,57322,6,376.2558104614288,1,0,62,0,59.93912021635731,0.0,24.618037947544927,1,1,0,0,0,PortScan,True
2026-03-15 09:10:46.682149590,17401,6,738.3211366276537,2,0,86,0,49.29631061485668,0.0,49.255586226701,1,1,0,0,0,PortScan,True
2026-03-15 09:10:48.233277296,56333,6,311.780755055913,2,0,65,0,58.61938583228489,0.0,33.28890024007984,1,0,0,0,0,PortScan,True
2026-03-15 09:10:49.226458854,43856,6,754.4147058895256,2,0,80,0,59.82454698298791,0.0,5.397112547956312,1,1,0,0,0,PortScan,True
2026-03-15 09:10:50.631533217,45771,6,553.6859902647606,2,0,118,0,57.03935200949523,0.0,5.675930283862584,1,0,0,0,0,PortScan,True
2026-03-15 09:10:51.435148682,7483,6,196.99547529398455,2,0,60,0,40.99553755526067,0.0,32.770952195088114,1,1,0,0,0,PortScan,True
2026-03-15 09:10:52.698014605,39252,6,473.61196209560353,1,0,89,0,63.835560048501094,0.0,41.554944147943864,1,1,0,0,0,PortScan,True
2026-03-15 09:10:53.982571283,32597,6,661.220408395859,1,0,92,0,41.70798581143192,0.0,43.60524333995227,1,1,0,0,0,PortScan,True
2026-03-15 09:10:55.188048045,58554,6,222.81331413059917,1,0,109,0,46.79203276798697,0.0,48.67814391823702,1,0,0,0,0,PortScan,True
2026-03-15 09:10:56.698588780,34357,6,131.16892928154056,2,0,43,0,53.26218441888285,0.0,38.31479427760538,1,1,0,0,0,PortScan,True
2026-03-15 09:10:57.368667191,11853,6,739.5081406756144,1,0,43,0,43.37923218042696,0.0,13.59750237336973,1,1,0,0,0,PortScan,True
2026-03-15 09:10:59.011179021,24857,6,440.0569575995232,2,0,88,0,41.75769282444578,0.0,44.037255706793665,1,0,0,0,0,PortScan,True
2026-03-15 09:11:00.218209223,51384,6,553.1786490979035,1,0,114,0,63.82769588172107,0.0,23.465895993013618,1,0,0,0,0,PortScan,True
2026-03-15 09:11:01.231919178,40210,6,778.4840429221583,1,0,78,0,55.87663137623051,0.0,6.904180463088596,1,0,0,0,0,PortScan,True
2026-03-15 09:11:02.306422300,8417,6,771.8585172823787,2,0,113,0,59.774342966658644,0.0,27.522889343512887,1,1,0,0,0,PortScan,True
2026-03-15 09:11:03.611535662,64496,6,69.13370044654036,1,0,103,0,57.9777060817178,0.0,36.873378176220655,1,0,0,0,0,PortScan,True
2026-03-15 09:11:04.675480622,17281,6,649.8357210981534,1,0,55,0,50.163614779816555,0.0,7.498173187888049,1,1,0,0,0,PortScan,True
2026-03-15 09:11:06.179464469,63866,6,554.6604382613876,2,0,93,0,62.662189644491754,0.0,35.17233848526822,1,1,0,0,0,PortScan,True
2026-03-15 09:11:07.198967495,20591,6,392.31582257774556,2,0,83,0,46.04290469233186,0.0,37.68103164556485,1,0,0,0,0,PortScan,True
2026-03-15 09:11:08.655505307,18808,6,745.6129510442564,1,0,72,0,55.20565165783137,0.0,6.925972799235897,1,1,0,0,0,PortScan,True
2026-03-15 09:11:09.673614806,40173,6,606.1798252361509,1,0,74,0,49.65645779071559,0.0,43.616012984213135,1,1,0,0,0,PortScan,True
2026-03-15 09:11:10.808591599,3632,6,624.1657119299377,1,0,101,0,55.88670194544464,0.0,22.608358422595163,1,0,0,0,0,PortScan,True
2026-03-15 09:11:12.126641612,51860,6,164.04939556394825,1,0,71,0,61.48190588371781,0.0,32.55028627711572,1,0,0,0,0,PortScan,True
2026-03-15 09:11:13.202359778,36574,6,667.2280514242242,2,0,75,0,46.237153411386316,0.0,8.60327784699488,1,1,0,0,0,PortScan,True
2026-03-15 09:11:14.642703810,29452,6,468.84815248684504,2,0,54,0,54.520968710253314,0.0,20.773700477885903,1,1,0,0,0,PortScan,True
2026-03-15 09:11:15.410667576,47229,6,120.63322168459149,1,0,63,0,52.89552421339094,0.0,8.11170530351935,1,1,0,0,0,PortScan,True
2026-03-15 09:11:17.084009210,38008,6,304.169438107397,1,0,92,0,56.336963920996126,0.0,11.969122991745774,1,1,0,0,0,PortScan,True
2026-03-15 09:11:18.187314331,29779,6,346.6277043570357,2,0,60,0,42.360059217460034,0.0,46.639093167518034,1,1,0,0,0,PortScan,True
2026-03-15 09:11:19.416440017,30953,6,152.39261234484795,1,0,92,0,47.677209481113096,0.0,12.466542303854608,1,1,0,0,0,PortScan,True
2026-03-15 09:11:20.389744699,33183,6,719.6299157412108,1,0,68,0,46.875883330441454,0.0,21.802334067978386,1,1,0,0,0,PortScan,True
2026-03-15 09:11:21.802320929,19717,6,141.0703188306148,2,0,56,0,49.6301730945362,0.0,5.783402027100504,1,1,0,0,0,PortScan,True
2026-03-15 09:11:22.684064450,41450,6,100.76791694135989,1,0,73,0,55.783325019621515,0.0,31.371051231809346,1,0,0,0,0,PortScan,True
2026-03-15 09:11:24.157168907,61097,6,584.544437519764,2,0,104,0,44.41463100837349,0.0,6.654007818626975,1,1,0,0,0,PortScan,True
2026-03-15 09:11:24.984270095,55660,6,547.5389159177965,2,0,76,0,57.401218949793304,0.0,12.068610832523213,1,1,0,0,0,PortScan,True
2026-03-15 09:11:26.284231149,55987,6,702.7923071239903,2,0,89,0,59.219313563679336,0.0,19.745369208562547,1,0,0,0,0,PortScan,True
2026-03-15 09:11:27.567439598,36484,6,289.5183312702432,1,0,111,0,56.75419665586811,0.0,25.530870974609755,1,0,0,0,0,PortScan,True
2026-03-15 09:11:28.693391830,25791,6,478.3935409688122,2,0,89,0,57.707289860578726,0.0,15.926597843108954,1,1,0,0,0,PortScan,True
2026-03-15 09:11:29.932210269,34794,6,253.64085905898156,2,0,56,0,47.98675439152784,0.0,41.13265063664646,1,0,0,0,0,PortScan,True
2026-03-15 09:11:31.392062846,50458,6,431.08980719389666,1,0,113,0,59.864212224188975,0.0,40.065870791684475,1,1,0,0,0,PortScan,True
2026-03-15 09:11:32.254005535,26278,6,233.17329726351926,2,0,41,0,47.533722626747014,0.0,32.0430502374917,1,0,0,0,0,PortScan,True
2026-03-15 09:11:33.747168703,49064,6,789.4112949141802,2,0,47,0,49.95070118131376,0.0,40.874827348628656,1,0,0,0,0,PortScan,True
2026-03-15 09:11:34.544227241,48336,6,763.746941289934,1,0,69,0,56.557446052687546,0.0,5.8512268906161,1,1,0,0,0,PortScan,True
2026-03-15 09:11:36.159443464,32192,6,90.67912792988737,1,0,91,0,42.54050367344199,0.0,13.327813311513038,1,1,0,0,0,PortScan,True
2026-03-15 09:11:37.375213945,28412,6,60.12615661746832,2,0,89,0,41.4469078397262,0.0,37.31224301181753,1,1,0,0,0,PortScan,True
2026-03-15 09:11:38.341019265,55157,6,774.8393531358819,1,0,112,0,54.29123879573198,0.0,12.702552396805855,1,1,0,0,0,PortScan,True
2026-03-15 09:11:39.733486693,42040,6,690.6238856990714,2,0,50,0,40.68731194302017,0.0,21.15737675650113,1,0,0,0,0,PortScan,True
2026-03-15 09:11:41.049083042,33081,6,767.1853028901478,1,0,56,0,50.56290275264748,0.0,17.41238897922485,1,1,0,0,0,PortScan,True
2026-03-15 09:11:42.180427784,56484,6,750.622808939773,2,0,103,0,60.826075689890786,0.0,39.2500160986769,1,1,0,0,0,PortScan,True
2026-03-15 09:11:43.134267906,53053,6,656.701874372649,1,0,77,0,58.54424839055963,0.0,38.03044009030777,1,0,0,0,0,PortScan,True
2026-03-15 09:11:44.390528108,42661,6,235.67806935023765,2,0,108,0,49.77459982443244,0.0,12.997586589357134,1,1,0,0,0,PortScan,True
2026-03-15 09:11:45.767614526,57112,6,517.7157638331876,1,0,80,0,55.91529789746744,0.0,49.70452036810636,1,0,0,0,0,PortScan,True
2026-03-15 09:11:46.675556753,38670,6,780.7527877885129,2,0,101,0,60.52958557565757,0.0,41.11235244750479,1,0,0,0,0,PortScan,True
2026-03-15 09:11:48.182329644,51651,6,93.55478414906794,2,0,65,0,41.43145858783634,0.0,6.493932044547895,1,1,0,0,0,PortScan,True
2026-03-15 09:11:49.096842685,44136,6,734.4755205928248,1,0,89,0,51.038247015148244,0.0,42.28223636014325,1,1,0,0,0,PortScan,True
2026-03-15 09:11:50.583594349,32692,6,91.78648021321965,1,0,61,0,42.38551728550554,0.0,37.13762256049625,1,1,0,0,0,PortScan,True
2026-03-15 09:11:51.352080266,59315,6,422.09267945712054,1,0,47,0,57.48898813492037,0.0,32.090470266668746,1,1,0,0,0,PortScan,True
2026-03-15 09:11:52.526638378,37079,6,730.8087637267437,1,0,92,0,44.89338009435272,0.0,47.70403113161866,1,0,0,0,0,PortScan,True
2026-03-15 09:11:54.298605268,12052,6,196.86615560947456,1,0,51,0,57.033535205339106,0.0,40.11082328757007,1,1,0,0,0,PortScan,True
2026-03-15 09:11:55.421674273,24487,6,264.1732880460696,1,0,47,0,63.36333250996202,0.0,31.23085394856269,1,0,0,0,0,PortScan,True
2026-03-15 09:11:56.629708502,20788,6,246.00164444621797,1,0,65,0,57.09234736689526,0.0,29.717731962017684,1,1,0,0,0,PortScan,True
2026-03-15 09:11:57.870767968,49792,6,30.742215010640127,1,0,96,0,57.379041318840585,0.0,13.111192600249808,1,1,0,0,0,PortScan,True
2026-03-15 09:11:58.762989785,45029,6,703.2622507348166,1,0,88,0,56.044982303987815,0.0,36.53205538541163,1,0,0,0,0,PortScan,True
2026-03-15 09:11:59.872101332,21,6,24687.267475449582,17,11,3396,4177,314.47715829299375,81.80010879743473,383.97042988427756,1,0,1,1,0,FTP-Patator,True
2026-03-15 09:12:00.978014997,80,6,12033.103064203991,32,48,3244,4788,310.0478248227967,295.13480309304043,285.5504129626546,1,0,1,1,0,FTP-Patator,True
2026-03-15 09:12:02.400725480,21,6,44310.88871908412,32,33,1238,1330,347.47237600011346,119.03957050347532,265.5039041651332,0,0,1,1,0,FTP-Patator,True
2026-03-15 09:12:03.432028992,22,6,40670.885754654155,35,9,7186,3299,318.58919026584283,161.2093866269213,217.5823092025369,1,1,1,1,1,FTP-Patator,True
2026-03-15 09:12:05.061330514,80,6,35226.097920830354,13,46,6880,708,247.76443054214812,273.5571962233168,320.5703163393745,1,0,1,1,1,FTP-Patator,True
2026-03-15 09:12:05.702401897,22,6,25905.15636412489,30,26,9877,7584,397.78912342676153,289.29905628580946,308.60638175288403,1,0,1,1,1,FTP-Patator,True
2026-03-15 09:12:06.985918042,21,6,11678.243044802783,32,28,2040,1497,198.4494114750186,248.56884062414645,269.5871003444598,0,1,1,1,1,FTP-Patator,True
2026-03-15 09:12:08.247885511,443,6,10247.515555026266,30,13,5717,5043,170.0224621692559,153.08132673453628,377.850647758114,0,0,1,1,0,FTP-Patator,True
2026-03-15 09:12:09.419374026,22,6,19764.418843072406,27,27,3711,5823,343.56133667037557,198.69379980964027,364.7562035721155,0,0,1,1,1,FTP-Patator,True
2026-03-15 09:12:10.635467061,443,6,31803.84548938711,27,49,5624,5008,388.0085999287671,101.71537387059306,64.9186960421423,1,1,1,1,0,FTP-Patator,True
2026-03-15 09:12:12.093628563,443,6,49280.88493766894,22,38,7978,652,123.35850933007353,246.15325885412938,373.85711569309086,1,0,1,1,1,FTP-Patator,True
2026-03-15 09:12:13.096507246,22,6,21333.009552777894,17,45,11588,6241,340.5914238204826,171.02246925213836,58.70613591416891,1,1,1,1,0,FTP-Patator,True
2026-03-15 09:12:14.469014629,21,6,9166.426597669331,47,48,9084,2501,102.25520388918605,250.45080352096014,192.68077482740756,1,1,1,1,1,FTP-Patator,True
2026-03-15 09:12:15.834154760,80,6,20368.067954574668,12,37,4235,4396,346.6598249871629,150.32454222947064,214.82813885853457,0,1,1,1,1,FTP-Patator,True
2026-03-15 09:12:16.861534059,443,6,29982.71788835097,23,38,5037,2321,113.50690809842598,261.0230938649229,151.1984116258522,1,1,1,1,0,FTP-Patator,True
2026-03-15 09:12:18.116719674,21,6,28274.973792671462,18,48,4673,6588,165.79336256198533,124.19269549166798,316.87028059102397,0,0,1,1,0,FTP-Patator,True
2026-03-15 09:12:19.119301978,21,6,20211.974290774,51,24,5447,4187,126.426304063464,212.21148858525623,386.91692742134967,1,0,1,1,1,FTP-Patator,True
2026-03-15 09:12:20.195843080,443,6,8189.45632955146,46,23,7949,1944,316.55582587861807,138.27617570956272,141.38817975293676,1,0,1,1,1,FTP-Patator,True
2026-03-15 09:12:21.492350437,21,6,28684.19788470496,36,12,2610,7889,204.66567618630728,163.02361011808046,134.8362403113814,1,1,1,1,0,FTP-Patator,True
2026-03-15 09:12:23.078569589,443,6,11245.370532828128,31,28,8973,1990,281.5106765102412,147.73738854951478,172.3650109804292,1,0,1,1,0,FTP-Patator,True
2026-03-15 09:12:24.073086830,443,6,45024.41461113872,28,13,10276,7941,353.0581297454909,100.13196683514785,92.76094948297627,0,0,1,1,1,FTP-Patator,True
2026-03-15 09:12:25.066506671,443,6,3820.585456831518,53,27,6462,2428,349.74965882549395,256.63037646228315,318.098153709749,1,1,1,1,1,FTP-Patator,True
2026-03-15 09:12:26.370549160,443,6,31404.43433105744,42,12,4573,1157,381.5468505130027,149.5673335600644,150.0753577033226,0,1,1,1,1,FTP-Patator,True
2026-03-15 09:12:27.801307822,80,6,48443.300280837764,29,33,5542,2771,275.9187716271238,114.19820944184947,206.8351074895542,1,0,1,1,0,FTP-Patator,True
2026-03-15 09:12:28.901066142,80,6,44055.44934381569,32,48,2820,5207,261.5624731549104,218.35212129427038,86.4927696988731,0,1,1,1,1,FTP-Patator,True
2026-03-15 09:12:30.036391704,443,6,26905.06091451152,31,15,9605,6497,375.25937502231744,227.4391132761567,114.00219118099007,1,1,1,1,0,FTP-Patator,True
2026-03-15 09:12:31.431097725,80,6,35685.94483342795,18,39,6882,776,284.9557563423307,286.0684366559903,349.31884983102276,0,1,1,1,1,FTP-Patator,True
2026-03-15 09:12:32.503463743,21,6,14822.034184243252,17,11,2775,7786,108.71130304470694,120.61626633420745,284.9366516058198,1,0,1,1,1,FTP-Patator,True
2026-03-15 09:12:33.685637838,80,6,40530.89096108236,48,33,9243,5627,367.69232416625766,203.81150115284098,200.8667298984079,0,0,1,1,0,FTP-Patator,True
2026-03-15 09:12:34.613860882,21,6,28288.372793810613,51,15,8589,5690,126.65369992101839,212.08402514599214,275.33046966837315,1,1,1,1,1,FTP-Patator,True
2026-03-15 09:12:35.763833209,80,6,23336.72533903304,47,9,9667,4305,223.89663508839106,292.8194362185922,103.59505769329985,1,0,1,1,0,FTP-Patator,True
2026-03-15 09:12:37.479085270,443,6,32015.952430026704,59,13,7856,7167,344.79624988204023,223.94926192277072,131.5448788840206,1,1,1,1,1,FTP-Patator,True
2026-03-15 09:12:38.459315022,21,6,25240.02453458435,28,44,4586,7028,192.66487390097632,132.42846732068682,125.02115692765172,1,1,1,1,1,FTP-Patator,True
2026-03-15 09:12:39.549410045,443,6,46385.96390802095,52,11,10859,949,208.82050228258305,258.22273334855583,367.5910316631611,0,0,1,1,1,FTP-Patator,True
2026-03-15 09:12:40.853412492,22,6,21569.423172682495,38,22,3527,5738,132.534812527509,228.29633661997033,302.1450057698591,1,1,1,1,0,FTP-Patator,True
2026-03-15 09:12:41.737087176,21,6,3005.7717711281066,18,12,9867,1383,395.4311821750453,131.92300110274505,96.94361417433055,1,0,1,1,0,FTP-Patator,True
2026-03-15 09:12:43.393276364,22,6,8673.838124879261,21,24,1694,1381,231.99499965075196,112.6567261292832,327.35588022207685,0,0,1,1,0,FTP-Patator,True
2026-03-15 09:12:44.229987321,80,6,3333.018887745041,28,31,4088,1750,120.55522687577218,185.32984900158155,345.2726409904244,1,0,1,1,0,FTP-Patator,True
2026-03-15 09:12:45.782727603,443,6,15495.476264474886,32,48,4580,7994,382.7409992007654,257.06698115105183,121.53175016560354,1,0,1,1,1,FTP-Patator,True
2026-03-15 09:12:46.820627065,80,6,31621.14232955069,15,36,4535,3279,313.9574820339351,204.4518781087002,266.50017601195214,1,0,1,1,0,FTP-Patator,True
2026-03-15 09:12:47.865943208,80,6,10088.062831617466,12,36,6126,1294,114.38107909151772,110.18946476956452,212.85284074625184,1,0,1,1,1,FTP-Patator,True
2026-03-15 09:12:48.918125968,22,6,23266.792810561063,24,16,11034,756,212.64791273015817,282.2880644319074,163.68861247529014,1,1,1,1,1,FTP-Patator,True
2026-03-15 09:12:50.589500013,443,6,18234.91590493824,40,49,11386,1026,187.60294262505536,265.49512384292257,377.3277531633886,1,0,1,1,1,FTP-Patator,True
2026-03-15 09:12:51.405876084,22,6,10818.088620058574,48,45,11730,6210,219.75616879948183,133.94057935182693,315.87742745314586,1,1,1,1,1,FTP-Patator,True
2026-03-15 09:12:52.531083069,80,6,18022.024049788197,49,41,8770,5474,222.8344408866219,100.80847621984438,307.34931393884784,0,0,1,1,0,FTP-Patator,True
2026-03-15 09:12:54.153526638,443,6,17708.382150822104,55,29,4207,884,269.02043415054885,276.98510498168525,259.2733159586682,1,0,1,1,0,FTP-Patator,True
2026-03-15 09:12:55.110025933,21,6,43524.829030789646,40,33,10676,727,155.0992753245152,235.62207296693762,382.69944217899325,1,1,1,1,0,FTP-Patator,True
2026-03-15 09:12:56.333600403,22,6,42172.33526879057,32,10,5797,711,302.13004170759996,106.37397057626359,185.92594840254705,0,0,1,1,0,FTP-Patator,True
2026-03-15 09:12:57.448240552,80,6,17933.157165819226,37,11,7115,7749,101.00965599372755,266.49379420040646,70.21094784186442,1,1,1,1,1,FTP-Patator,True
2026-03-15 09:12:59.015507087,80,6,28024.363438055927,33,40,2311,1877,381.12774115683,85.13239331014753,243.01770948747009,1,1,1,1,1,FTP-Patator,True
2026-03-15 09:12:59.878397715,21,6,9849.37013894405,26,29,9695,4417,129.3609653963227,241.23515822842305,230.49046725778342,1,0,1,1,1,FTP-Patator,True
2026-03-15 09:13:01.026115541,443,6,8337.453916152763,36,43,11940,2557,277.7032332102523,142.53309081094542,295.7909011946954,0,0,1,1,1,FTP-Patator,True
2026-03-15 09:13:02.285549835,80,6,29819.73610693827,39,45,1689,1834,171.15747606027637,88.29539231255879,127.21116414468744,0,0,1,1,0,FTP-Patator,True
2026-03-15 09:13:03.421889745,21,6,21931.637723517437,39,40,940,6315,268.65576548176426,86.77183161486461,237.84395843852786,0,0,1,1,1,FTP-Patator,True
2026-03-15 09:13:04.690593132,22,6,47148.06742545865,39,28,3136,3525,144.62203086495407,97.23312729238668,53.67531417653957,1,0,1,1,1,FTP-Patator,True
2026-03-15 09:13:05.749761733,22,6,43472.09556592241,34,39,3162,7392,179.2029670771061,268.4028636909293,287.992949904198,1,1,1,1,1,FTP-Patator,True
2026-03-15 09:13:06.995118017,443,6,10494.248630446866,56,31,1704,5823,343.0543222370055,101.35360767716065,281.6162846529866,1,1,1,1,1,FTP-Patator,True
2026-03-15 09:13:08.350231730,22,6,26374.131456372896,14,23,6966,6776,173.3038809111476,199.53793407587597,376.08238336498846,1,1,1,1,0,FTP-Patator,True
2026-03-15 09:13:09.827680113,21,6,47139.000123841855,41,8,9057,7678,349.61253173823064,97.11656398353692,140.46363519605168,1,1,1,1,1,FTP-Patator,True
2026-03-15 09:13:10.534374448,443,6,17031.62608073242,20,34,10745,5494,231.19390726449996,209.29362405253573,395.0987128318898,1,0,1,1,1,FTP-Patator,True
2026-03-15 09:13:11.827604824,21,6,35033.98901019846,18,19,10901,4254,363.2895929875091,240.0918305544709,203.1098650191936,1,0,1,1,0,FTP-Patator,True
2026-03-15 09:13:13.445007405,80,6,6460.246555177532,21,37,2476,948,161.21431149764882,179.85269990947634,395.47981677943955,1,1,1,1,0,FTP-Patator,True
2026-03-15 09:13:14.634008804,21,6,3275.9305793159115,21,44,1790,6688,220.05536939695466,217.79845464998397,71.77659435218058,0,0,1,1,1,FTP-Patator,True
2026-03-15 09:13:15.707670499,22,6,21082.124100956808,55,32,2223,5858,180.39076568393807,109.68877231876638,253.0949134954091,1,1,1,1,0,FTP-Patator,True
2026-03-15 09:13:16.644284132,22,6,18970.74276415547,23,45,3546,2000,110.40012713382252,122.09171620816383,59.90459403005995,1,0,1,1,0,FTP-Patator,True
2026-03-15 09:13:17.951886336,443,6,20978.909307552818,28,12,8801,1396,384.0656043762732,233.13675666733815,273.5422793104691,1,0,1,1,1,FTP-Patator,True
2026-03-15 09:13:19.026732596,22,6,34037.19831187888,12,35,6965,3915,164.70147960682013,269.58616724678086,376.04509299335507,0,0,1,1,1,FTP-Patator,True
2026-03-15 09:13:20.177153105,22,6,39152.6448602034,24,28,2055,7459,361.9095084852995,107.77588578084047,99.8562791708813,0,1,1,1,1,FTP-Patator,True
2026-03-15 09:13:21.527999036,21,6,37003.22766903143,57,18,8998,5237,132.85630854567853,284.8105162678804,218.91044093093672,1,0,1,1,1,FTP-Patator,True
2026-03-15 09:13:22.845492963,21,6,29494.790196975584,57,10,4079,4439,377.31470230890596,179.85139125300464,215.42020340997496,1,1,1,1,1,FTP-Patator,True
2026-03-15 09:13:23.915959605,21,6,23312.664984729614,32,46,6101,6187,378.7548492304134,217.00475487509286,149.51532277230294,1,0,1,1,0,FTP-Patator,True
2026-03-15 09:13:25.266494730,443,6,21899.133782648885,31,36,5973,989,193.86682980550933,252.5124879186005,280.72677928719077,0,0,1,1,1,FTP-Patator,True
2026-03-15 09:13:26.277752841,21,6,2465.8114595074585,15,17,11918,1419,228.68594818518957,211.35717638960685,284.5642270792389,1,1,1,1,1,FTP-Patator,True
2026-03-15 09:13:27.507510316,80,6,10613.923591998604,15,25,10903,2854,339.20465061199593,249.37942089928524,333.7119924320482,1,0,1,1,1,FTP-Patator,True
2026-03-15 09:13:28.974404154,21,6,48928.93218220826,26,8,5040,2951,348.03794025194713,244.35918809146307,225.5519666734134,1,1,1,1,0,FTP-Patator,True
2026-03-15 09:13:30.226988838,80,6,30416.402847378362,22,41,4194,1501,309.20470751386927,91.84337561444787,306.9036043961007,0,0,1,1,0,FTP-Patator,True
2026-03-15 09:13:31.093220448,443,6,32178.759818954164,26,41,5629,1453,399.68227753033455,106.75496283689692,184.49455047378632,1,1,1,1,0,FTP-Patator,True
2026-03-15 09:13:32.442909480,22,6,20904.65316267601,39,42,9100,4524,356.8197190342762,94.15654681134073,150.47788411038945,1,0,1,1,0,FTP-Patator,True
2026-03-15 09:13:33.466897370,80,6,26223.77310762184,10,39,11107,2214,195.7337186542979,80.76040014986917,369.2520797226635,1,0,1,1,1,FTP-Patator,True
2026-03-15 09:13:34.532000785,443,6,20880.888483767634,43,25,5193,6901,247.46162605786304,241.87781215723888,366.7622048743733,1,1,1,1,0,FTP-Patator,True
2026-03-15 09:13:36.142714308,22,6,16657.770469697047,56,35,3423,4001,376.5995629949059,248.99252516967175,309.0426593696832,1,0,1,1,1,FTP-Patator,True
2026-03-15 09:13:37.002602089,80,6,3780.539372205812,14,13,3881,2609,383.8374808036986,123.32450919283077,184.0789725629309,0,0,1,1,1,FTP-Patator,True
2026-03-15 09:13:38.355427514,21,6,45161.76877649639,14,31,10720,3186,218.88611201695164,275.3208129704991,220.7360729828932,0,0,1,1,0,FTP-Patator,True
2026-03-15 09:13:39.592227296,80,6,29830.833534767145,25,24,6000,6655,287.95334046035543,135.46737939287226,190.72831506585246,1,0,1,1,0,FTP-Patator,True
2026-03-15 09:13:40.610682950,80,6,21519.565196563304,45,19,2191,1573,268.09416961953013,85.66661521663072,326.89204114537495,1,0,1,1,1,FTP-Patator,True
2026-03-15 09:13:41.756733210,22,6,30092.32316290102,38,48,4133,2681,223.78277219389224,225.84633156605,369.8935359451021,1,1,1,1,1,FTP-Patator,True
2026-03-15 09:13:43.108807808,80,6,36760.60347403773,14,25,7280,6561,171.5647506685513,143.41940917040853,93.00545784521523,0,0,1,1,1,FTP-Patator,True
2026-03-15 09:13:44.671371544,22,6,26590.160880908286,42,13,6993,5759,153.40349871532186,188.87486155745339,372.03704085357634,1,0,1,1,1,FTP-Patator,True
2026-03-15 09:13:45.669081353,443,6,22496.498985116563,13,28,4239,3565,385.42724915578026,253.03370536133374,263.49185902741124,1,1,1,1,0,FTP-Patator,True
2026-03-15 09:13:46.728846137,22,6,43585.14990966716,42,33,8135,6061,103.31461935952197,198.3418455173308,177.4645822086431,0,1,1,1,1,FTP-Patator,True
2026-03-15 09:13:47.723346492,21,6,5834.778355969322,46,34,1434,5221,171.56433652842617,86.06586495001329,64.02521151061246,1,0,1,1,0,FTP-Patator,True
2026-03-15 09:13:49.260163968,22,6,43736.89708908447,54,49,2896,6553,169.83005431180214,118.6852102462671,252.46648363901247,1,1,1,1,1,FTP-Patator,True
2026-03-15 09:13:50.155354584,22,6,49412.86440368338,34,29,9612,5121,209.21645465046868,203.11660158259747,128.46919438444598,1,1,1,1,1,FTP-Patator,True
2026-03-15 09:13:51.625526442,21,6,43349.59347857257,23,19,11868,7416,196.6433044100371,282.48706541594026,136.90050850431555,1,1,1,1,0,FTP-Patator,True
2026-03-15 09:13:52.951170304,443,6,26059.083308373578,52,41,5501,1118,159.56533307300614,224.94259993202527,111.81922640470198,1,1,1,1,0,FTP-Patator,True
2026-03-15 09:13:53.954151208,80,6,6832.835217569976,33,33,2410,1498,287.52817120600855,299.7847690026072,93.04156127518827,1,1,1,1,1,FTP-Patator,True
2026-03-15 09:13:55.079646896,21,6,40784.37230450331,11,21,3471,2364,206.50094287379216,129.47557348586324,214.75260749023448,0,0,1,1,0,FTP-Patator,True
2026-03-15 09:13:56.128430540,80,6,48217.38085238031,32,30,4172,5758,152.48171829291837,299.4064731571755,224.18823333734233,0,1,1,1,0,FTP-Patator,True
2026-03-15 09:13:57.314866725,443,6,17216.891205054293,24,43,5844,3454,333.60329295062013,119.37103108436929,99.67874689190344,0,0,1,1,0,FTP-Patator,True
2026-03-15 09:13:58.758015941,22,6,3202.808795725863,35,20,4034,7852,103.2751326158259,94.05109239267979,254.09733657855688,1,0,1,1,1,FTP-Patator,True
2026-03-15 09:14:00.230007162,80,6,25744.863831250404,43,12,6889,3134,129.42404850286195,285.2967264600916,89.4221016567215,1,0,1,1,1,FTP-Patator,True
2026-03-15 09:14:01.046437667,443,6,42311.83967713523,56,33,3740,2257,333.81366513367425,287.38558635521014,106.34574270622807,0,0,1,1,1,FTP-Patator,True
2026-03-15 09:14:02.444433303,22,6,4431.239769625106,16,40,7149,3131,189.2887019568337,208.25662412625604,331.2080717149578,0,0,1,1,0,FTP-Patator,True
2026-03-15 09:14:03.710583491,443,6,36706.772485347305,45,35,1639,6718,264.5932684607509,130.13580195525182,201.5863092693046,1,1,1,1,1,FTP-Patator,True
2026-03-15 09:14:04.536497920,443,6,32664.497942441554,32,16,2790,2916,318.5239343669822,248.0240050488318,390.7689196594466,1,0,1,1,1,FTP-Patator,True
2026-03-15 09:14:05.791860225,80,6,37382.114330768854,59,30,5878,822,393.1050141625366,292.3498305574645,231.34989398474755,1,0,1,1,0,FTP-Patator,True
2026-03-15 09:14:07.098766076,21,6,21653.107106334497,50,17,7103,2707,284.19867239440003,246.929212369689,362.5123948726837,1,0,1,1,0,FTP-Patator,True
2026-03-15 09:14:08.502055904,22,6,42992.637078111286,44,43,9078,3215,162.17811190995423,228.1458507525357,314.83083553916646,1,0,1,1,1,FTP-Patator,True
2026-03-15 09:14:09.563421067,443,6,31200.593055330635,37,38,1307,2946,137.9000249672423,166.0154094261572,380.67097772368214,1,1,1,1,1,FTP-Patator,True
2026-03-15 09:14:10.940517040,21,6,6788.444965114003,23,37,3190,5345,365.8926999078614,199.7337017195485,135.95070551283484,1,1,1,1,1,FTP-Patator,True
2026-03-15 09:14:12.220558719,21,6,21861.224877628178,14,16,10207,5825,319.4959704636817,135.772081729669,165.04801034695714,1,0,1,1,0,FTP-Patator,True
2026-03-15 09:14:13.355023365,22,6,36733.57891031944,21,24,10227,2818,310.2129358228219,193.40533278826115,202.5528144060186,1,0,1,1,1,FTP-Patator,True
2026-03-15 09:14:14.695348324,443,6,18291.97570854873,11,23,3453,5414,106.31579904078451,234.0099860370377,314.66960622394635,1,0,1,1,0,FTP-Patator,True
2026-03-15 09:14:15.752616641,443,6,15300.99742860102,28,46,1077,920,237.0146076248145,138.16384362962205,293.5548289203888,1,0,1,1,0,FTP-Patator,True
2026-03-15 09:14:17.011307517,443,6,27036.191447590663,55,43,1572,5587,334.01009060736214,181.45076800354826,392.6948924134311,0,1,1,1,1,FTP-Patator,True
2026-03-15 09:14:18.199419815,443,6,27018.87164613405,30,30,1942,1430,139.96385317788526,173.0125264619887,371.33580068968456,0,0,1,1,0,FTP-Patator,True
2026-03-15 09:14:19.338159457,21,6,19856.250842073267,24,24,11584,5598,130.21547791464636,91.82562198818412,232.71522162919985,1,0,1,1,0,FTP-Patator,True
2026-03-15 09:14:20.581081089,21,6,17304.83611372872,44,8,8861,6646,331.8316033580618,150.455868839566,251.00437590246938,1,0,1,1,1,FTP-Patator,True
2026-03-15 09:14:21.860809936,80,6,18024.788295782782,46,41,3503,669,204.72883901440179,182.86307835878145,314.22161838668706,0,1,1,1,1,FTP-Patator,True
2026-03-15 09:14:22.785124427,22,6,10653.14998549304,21,29,6523,3273,280.13652154948545,273.786232361688,360.2199384422158,1,1,1,1,1,FTP-Patator,True
2026-03-15 09:14:24.082972214,21,6,44449.33716752451,48,42,8772,3177,173.58829356476252,252.87138271937565,56.87556083208387,1,1,1,1,1,FTP-Patator,True
2026-03-15 09:14:25.208963832,21,6,40717.6006088395,58,11,9571,5629,337.0901438011885,103.19675923927079,219.89471634275108,1,0,1,1,0,FTP-Patator,True
2026-03-15 09:14:26.610622192,22,6,39169.54676613985,15,18,3455,1359,254.91447607363642,99.19496801121777,200.89602900936802,0,0,1,1,0,FTP-Patator,True
2026-03-15 09:14:27.558815761,22,6,25507.062723488696,30,26,9558,1129,205.1108316473335,88.62855464322115,137.77543239733603,0,0,1,1,1,FTP-Patator,True
2026-03-15 09:14:28.991836062,22,6,11348.70662515773,56,37,8985,4360,200.75475918636383,168.3046945704121,87.92311924579039,1,0,1,1,1,FTP-Patator,True
2026-03-15 09:14:30.179612745,21,6,30393.216197444493,30,39,1200,1815,195.12999924980056,235.20450139487966,208.67080823854644,1,0,1,1,1,FTP-Patator,True
2026-03-15 09:14:31.477131660,80,6,16376.272640559206,42,22,10674,5855,120.4662904285353,88.29487631572177,300.6430198147357,1,1,1,1,1,FTP-Patator,True
2026-03-15 09:14:32.249352419,80,6,11993.234064417586,33,9,6184,4539,248.88901438404594,286.223435201558,297.9298744439688,1,1,1,1,1,FTP-Patator,True
2026-03-15 09:14:33.725771705,22,6,29841.703130230646,38,15,6483,4181,170.38958550694542,281.34197513484537,245.82252811700513,1,0,1,1,0,FTP-Patator,True
2026-03-15 09:14:34.954151698,443,6,30039.41949997023,24,14,4274,624,177.76773778983204,146.90294504572898,379.4602130004785,1,0,1,1,1,FTP-Patator,True
2026-03-15 09:14:36.261767095,80,6,47990.669379619605,28,34,11344,5512,257.57039191948616,260.78388647477846,163.36859680238086,1,0,1,1,0,FTP-Patator,True
2026-03-15 09:14:37.444141450,80,6,8549.960853139233,11,43,10137,609,227.34274707741048,160.1278559430335,185.68604622818862,1,1,1,1,1,FTP-Patator,True
2026-03-15 09:14:38.444115517,443,6,40569.58891788215,44,18,5112,5387,173.4195685376898,132.37167951205424,377.1162418432729,1,0,1,1,0,FTP-Patator,True
2026-03-15 09:14:39.647491911,22,6,37654.44335164009,51,47,2842,7457,314.2487466994796,222.50239858963258,92.29400467518093,0,0,1,1,1,FTP-Patator,True
2026-03-15 09:14:40.600374737,21,6,43812.6419793726,55,40,4227,4808,193.10320116850494,196.63768244328756,333.12379145132627,1,1,1,1,1,FTP-Patator,True
2026-03-15 09:14:42.284977621,22,6,33591.445153275505,16,48,9390,5599,150.11811437943823,151.90781178763018,76.49306610330372,0,0,1,1,1,FTP-Patator,True
2026-03-15 09:14:43.053010477,22,6,17360.738912234614,19,18,4569,2301,155.2106912882865,87.48836012247577,268.34449762162484,1,0,1,1,1,FTP-Patator,True
2026-03-15 09:14:44.534841731,443,6,22345.43032440441,39,31,4193,5564,115.40360746955642,117.9596721252493,212.0996658614082,0,0,1,1,0,FTP-Patator,True
2026-03-15 09:14:45.777477002,22,6,42793.80699605554,31,10,7463,4414,237.15896732229942,183.9319132278436,159.00725237147702,0,0,1,1,0,FTP-Patator,True
2026-03-15 09:14:46.764729302,443,6,35765.558556801,49,22,1431,833,325.65975384330204,136.06516484287167,362.7324894642607,1,0,1,1,0,FTP-Patator,True
2026-03-15 09:14:47.826716232,21,6,41343.01544346428,59,22,11178,2658,279.49905603633704,138.66127650359016,181.15559461055472,0,1,1,1,1,FTP-Patator,True
2026-03-15 09:14:49.013376230,21,6,40017.10441429006,31,12,1466,7979,204.56685666753248,289.31756243770394,286.7596733651857,0,1,1,1,1,FTP-Patator,True
2026-03-15 09:14:50.613897600,443,6,10987.363415594024,19,10,11475,6358,272.83471616393587,121.1737419929197,169.09057053957758,0,1,1,1,0,FTP-Patator,True
2026-03-15 09:14:51.606453892,443,6,20147.268245738207,48,41,2861,7730,159.1077433519679,171.17323283269485,237.78546934528336,0,0,1,1,0,FTP-Patator,True
2026-03-15 09:14:52.554082189,22,6,39745.306837730524,12,46,4597,5771,124.87419346220454,227.54671253390222,278.6795158994564,1,0,1,1,1,FTP-Patator,True
2026-03-15 09:14:54.130211683,80,6,45256.78123993814,52,17,2041,1523,203.4295310419734,292.376134891305,105.08673914512882,0,1,1,1,0,FTP-Patator,True
2026-03-15 09:14:55.050102631,80,6,28813.736979429592,17,39,955,7952,110.86562079970895,204.3744857876904,268.6695212656264,0,0,1,1,1,FTP-Patator,True
2026-03-15 09:14:56.625836850,22,6,21108.28038408774,49,48,3656,7729,172.0749577372207,207.02334857065844,340.60934948397454,1,1,1,1,0,FTP-Patator,True
2026-03-15 09:14:57.485743071,21,6,13310.918882863765,55,38,8021,5307,207.84825272196633,201.46933247603215,291.67940547017116,1,0,1,1,1,FTP-Patator,True
2026-03-15 09:14:58.620162498,443,6,8806.11696379054,21,10,3007,758,242.97517488319187,200.05820371725753,80.22504375056474,0,0,1,1,1,FTP-Patator,True
2026-03-15 09:14:59.750915066,443,6,25505.147261668815,14,44,9637,1668,307.94063122219353,138.42142508348115,92.49645670065607,0,1,1,1,0,FTP-Patator,True
2026-03-15 09:15:01.206918681,443,6,18217.856539191365,54,15,8917,3816,200.3626021827663,158.54370955116707,61.82658268835257,1,0,1,1,1,FTP-Patator,True
2026-03-15 09:15:02.370442552,443,6,28213.113779998897,43,9,2440,6220,223.83950526182082,159.06646960538887,102.0717385676765,1,0,1,1,0,FTP-Patator,True
2026-03-15 09:15:03.750787286,80,6,6530.353642368834,51,36,2787,2691,322.0495320729078,94.76796527902047,153.8930689009989,1,0,1,1,0,FTP-Patator,True
2026-03-15 09:15:04.778761552,443,6,48348.67943216045,49,9,5016,6094,211.79530761102492,202.09615326493363,308.4972523173768,1,0,1,1,0,FTP-Patator,True
2026-03-15 09:15:05.906289581,80,6,28128.042483067074,25,35,7396,4851,138.4422410254253,158.1101767272188,310.62703273691693,0,1,1,1,0,FTP-Patator,True
2026-03-15 09:15:07.056992949,21,6,18358.669933728255,49,43,4823,7286,270.2050210299949,102.41948665686245,385.183043851766,1,1,1,1,0,FTP-Patator,True
2026-03-15 09:15:08.266888047,443,6,43055.491121650346,35,48,1937,3433,143.4150431370654,202.6822711718999,106.62551978202387,1,1,1,1,0,FTP-Patator,True
2026-03-15 09:15:09.856708741,22,6,35868.272438861095,57,31,4846,4061,354.43545157897984,184.72092944271878,395.47822024749263,0,0,1,1,1,FTP-Patator,True
2026-03-15 09:15:10.599047161,22,6,8520.552474212727,36,22,2888,4447,178.2973156749572,116.21360799951711,143.92093323786145,0,0,1,1,0,FTP-Patator,True
2026-03-15 09:15:12.292905854,443,6,9728.6769086502,57,42,814,2961,327.5745969306022,138.74462901599784,357.6213118530934,1,1,1,1,1,FTP-Patator,True
2026-03-15 09:15:13.096151673,443,6,30066.36459050421,45,48,9565,4042,342.56897837865154,104.74805801728873,295.2897065543991,1,0,1,1,0,FTP-Patator,True
2026-03-15 09:15:14.153034141,443,6,37222.95068954244,49,41,9022,5551,128.75656645387167,228.5206577539423,274.4153694263965,0,0,1,1,1,FTP-Patator,True
2026-03-15 09:15:15.449214228,443,6,33416.93450719993,33,33,4726,4018,306.160319445344,150.81569717971638,132.53091328078145,1,1,1,1,1,FTP-Patator,True
2026-03-15 09:15:16.535048627,22,6,38677.88520692358,30,9,11078,2934,262.7737503449995,280.2576799271238,155.08754096490935,1,0,1,1,0,FTP-Patator,True
2026-03-15 09:15:18.174017861,22,6,43481.473639904,46,14,11671,861,162.14271025617697,272.77922109198573,170.26006948175677,1,0,1,1,0,FTP-Patator,True
2026-03-15 09:15:19.207531747,80,6,13777.991146916267,36,9,5138,4345,130.20251666041145,174.9636421473331,247.26951118546725,0,0,1,1,0,FTP-Patator,True
2026-03-15 09:15:20.302191971,22,6,46761.25806288874,15,33,2409,7572,257.3148790944999,256.7167466220491,83.68812258787602,1,0,1,1,1,FTP-Patator,True
2026-03-15 09:15:21.697229762,22,6,36188.436929897696,53,21,1788,5333,323.23060873742907,86.56512682761029,109.40481251785933,1,0,1,1,0,FTP-Patator,True
2026-03-15 09:15:22.878387915,80,6,44692.153193315185,20,47,1371,3363,397.86297919075474,268.4474357868322,244.55015687211284,1,1,1,1,1,FTP-Patator,True
2026-03-15 09:15:24.263923253,22,6,11265.145171739525,26,41,5635,5567,106.45705671178814,180.30793077838737,165.23941429150167,0,1,1,1,0,FTP-Patator,True
2026-03-15 09:15:25.476756310,21,6,32259.115501323467,27,31,3841,7844,176.1516895084896,131.81048951315734,269.5197748288955,1,1,1,1,0,FTP-Patator,True
2026-03-15 09:15:26.508410265,443,6,2240.153616282841,25,10,8881,1081,170.8267528421992,213.08503341454397,138.09639334890826,0,0,1,1,1,FTP-Patator,True
2026-03-15 09:15:27.790689556,22,6,30577.540497659807,55,27,3099,4236,399.0890451984229,86.92800272742927,106.42547244040854,1,0,1,1,1,FTP-Patator,True
2026-03-15 09:15:28.975455060,443,6,36724.4087098706,44,35,7293,2166,372.4030014023677,195.06072455521854,53.168592948569795,0,0,1,1,0,FTP-Patator,True
2026-03-15 09:15:29.994782119,21,6,3332.604570830078,20,19,1774,7232,276.6511972135479,151.93277778758528,80.83874103484698,1,1,1,1,0,FTP-Patator,True
2026-03-15 09:15:31.322674972,80,6,14751.483349072256,59,32,3738,1560,388.5151254487498,265.04358097981003,273.0510218031817,1,0,1,1,0,FTP-Patator,True
2026-03-15 09:15:32.146955404,22,6,17631.81294417503,14,44,10538,5641,222.0415532882475,298.58098881227704,112.11912745368619,0,0,1,1,1,FTP-Patator,True
2026-03-15 09:15:33.754812649,80,6,5888.048576487097,11,47,4624,7674,203.03472448050806,229.17725177746118,352.41054813982265,1,0,1,1,0,FTP-Patator,True
2026-03-15 09:15:35.077099804,443,6,14424.73223426154,56,41,4928,6533,151.0751761531446,163.40354681857906,98.93233398988596,1,0,1,1,1,FTP-Patator,True
2026-03-15 09:15:35.750984851,21,6,4401.447443203697,29,32,6629,5932,210.84651083906982,260.06931313314215,195.85617386235353,1,0,1,1,1,FTP-Patator,True
2026-03-15 09:15:37.401669470,443,6,29266.31260881681,57,23,1043,6275,115.10170175012578,139.95537481096687,150.25139076963976,1,1,1,1,1,FTP-Patator,True
2026-03-15 09:15:38.659788015,80,6,5134.890973153713,32,46,11664,3309,138.8999959016702,263.2310797766381,361.62078582459117,0,0,1,1,1,FTP-Patator,True
2026-03-15 09:15:39.435713333,22,6,3041.6937630168677,56,49,8729,2997,243.93026913735477,91.12498829003059,66.42842588058323,0,0,1,1,1,FTP-Patator,True
2026-03-15 09:15:40.814886712,21,6,17635.735948717203,35,41,5852,654,287.20578034995754,191.57818614809167,182.49165493192396,1,0,1,1,1,FTP-Patator,True
2026-03-15 09:15:42.256714935,22,6,30723.94989173129,41,16,2848,1807,176.78688494452445,282.01286791240796,338.19455565204987,1,1,1,1,1,FTP-Patator,True
2026-03-15 09:15:43.476135602,22,6,31754.639465521253,27,31,5184,2206,399.09213092172365,244.01442355922228,323.5376129719621,1,0,1,1,0,FTP-Patator,True
2026-03-15 09:15:44.176729430,443,6,37159.858185137826,42,33,11103,4598,215.74462112554215,128.49902638584433,372.8417148198005,1,1,1,1,0,FTP-Patator,True
2026-03-15 09:15:45.509402535,80,6,22752.70969220333,15,41,2208,3507,124.39558725959263,144.69206296851672,53.889093321814656,1,0,1,1,1,FTP-Patator,True
2026-03-15 09:15:46.918886784,21,6,49370.53558839387,36,28,4346,7035,156.81132765827212,138.25744098128774,164.9851456159901,1,1,1,1,0,FTP-Patator,True
2026-03-15 09:15:47.832935099,22,6,13193.70178929545,52,31,7437,6682,272.56218298476085,128.89670722449912,255.0143026553821,1,0,1,1,0,FTP-Patator,True
2026-03-15 09:15:49.094862377,21,6,26311.410721949323,49,21,10359,1665,250.11823767768325,110.45441931149237,199.55665111318407,1,0,1,1,0,FTP-Patator,True
2026-03-15 09:15:50.113974636,22,6,15392.678644530615,16,30,7035,7980,117.76538636898582,99.99045349488867,328.9241237449587,1,0,1,1,0,FTP-Patator,True
2026-03-15 09:15:51.392113008,443,6,48593.96853524155,34,29,7810,1790,221.80226093542228,137.34201041789518,109.04270680729884,1,0,1,1,1,FTP-Patator,True
2026-03-15 09:15:52.837397696,80,6,11869.892499472562,54,28,2233,4164,313.7694764635573,164.03688320260719,221.1810079488496,0,0,1,1,0,FTP-Patator,True
2026-03-15 09:15:54.091854039,22,6,9217.404047971082,57,41,5662,7639,377.7098703024422,182.42051605900008,150.39946049201683,1,0,1,1,1,FTP-Patator,True
2026-03-15 09:15:55.289347098,80,6,15754.320820285677,43,22,9303,5396,325.4368603969293,168.4008648454345,352.37415693487446,1,0,1,1,1,FTP-Patator,True
2026-03-15 09:15:56.567016282,21,6,13420.725714966227,44,41,3075,4240,395.1386232085781,275.1166739772998,145.44233299072033,0,1,1,1,0,FTP-Patator,True
2026-03-15 09:15:57.549168848,21,6,28165.73004694616,22,40,6827,6202,188.27156920603082,114.18097293288966,114.2818658338081,1,0,1,1,0,FTP-Patator,True
2026-03-15 09:15:58.664094429,80,6,48883.88170727232,36,46,7252,1080,339.3004045701407,134.5423228392995,302.80474398763675,0,0,1,1,1,FTP-Patator,True
2026-03-15 09:15:59.709348420,21,6,18782.786452598662,37,45,10780,754,119.16795551565957,166.8564318098932,297.5488738481673,1,0,1,1,1,FTP-Patator,True
2026-03-15 09:16:01.023977895,22,6,27414.47984724326,28,23,10523,1213,147.3437900527751,239.34000765051266,333.51907585040806,1,0,1,1,1,FTP-Patator,True
2026-03-15 09:16:02.287432687,21,6,29337.272328750172,11,49,6053,2424,100.43290229803048,287.43071936641593,110.685531603329,0,0,1,1,1,FTP-Patator,True
2026-03-15 09:16:03.406924113,22,6,38719.99578858989,59,29,7267,4664,236.56280640988209,85.56486234139827,147.25084643285214,1,0,1,1,1,FTP-Patator,True
2026-03-15 09:16:04.512086682,80,6,26353.743936323168,59,19,8325,3652,183.60645405612877,179.8212050801505,302.3424310765739,1,1,1,1,1,FTP-Patator,True
2026-03-15 09:16:05.794468565,443,6,46273.295305002,38,14,9342,6546,163.98081536211484,90.80648546878767,89.07776369010786,1,0,1,1,0,FTP-Patator,True
2026-03-15 09:16:07.299659732,22,6,25421.973937689545,41,42,5062,1522,358.4246549178314,239.4319538945118,223.31479579633256,1,1,1,1,0,FTP-Patator,True
2026-03-15 09:16:08.477751249,80,6,9189.737526661374,30,12,7123,5327,380.8884942146473,88.48019505766291,224.03956833816866,0,0,1,1,1,FTP-Patator,True
2026-03-15 09:16:09.861410183,22,6,48621.91021850666,49,34,6226,607,369.55353549177664,233.47586147280586,387.4689905017437,0,0,1,1,0,FTP-Patator,True
2026-03-15 09:16:10.978900974,80,6,42915.718697356184,16,10,9300,6593,239.23161943123674,232.07096315640695,310.9430566505286,1,0,1,1,1,FTP-Patator,True
2026-03-15 09:16:12.040653670,80,6,3226.254861738754,57,49,3341,4999,120.93133090114799,82.22922940674496,357.23125300079477,1,0,1,1,1,FTP-Patator,True
2026-03-15 09:16:12.982533808,443,6,36196.32783478663,48,13,11546,4007,359.5191629353526,226.90249938702135,255.03138765447767,1,0,1,1,1,FTP-Patator,True
2026-03-15 09:16:14.438443091,443,6,40875.854686911414,17,14,3147,7433,121.60876915730418,259.28029395051993,213.72966468970236,1,0,1,1,1,FTP-Patator,True
2026-03-15 09:16:15.336957036,21,6,44274.661241075286,59,22,2790,1984,360.7163077304846,185.72719340052686,252.82595498878095,0,1,1,1,1,FTP-Patator,True
2026-03-15 09:16:16.758530938,21,6,2967.152753013048,32,47,1103,5748,247.54774644487154,175.21793184067337,249.1063952324281,0,0,1,1,1,FTP-Patator,True
2026-03-15 09:16:17.934155177,22,6,15468.349079513726,43,47,8067,4829,120.99712926059819,210.90249331323216,394.9410885729168,1,0,1,1,0,FTP-Patator,True
2026-03-15 09:16:19.156688285,80,6,6737.417370711114,33,16,4133,4785,296.06606335665066,252.3562184034468,239.20474031411365,0,0,1,1,1,FTP-Patator,True
2026-03-15 09:16:20.267895551,443,6,22606.83798214663,44,28,10620,1923,208.5017353463147,109.0902964545221,121.58346270219636,1,1,1,1,1,FTP-Patator,True
2026-03-15 09:16:21.711498268,443,6,30300.62448896222,53,11,4207,3285,105.65797392039183,259.8151656679089,330.9211006226732,1,0,1,1,0,FTP-Patator,True
2026-03-15 09:16:23.004566680,22,6,5628.051471954384,15,21,11791,7537,120.62666956744229,288.81059702282664,235.037875600885,1,0,1,1,0,FTP-Patator,True
2026-03-15 09:16:24.161110195,21,6,30733.443393512014,37,8,5661,1689,103.96974684995914,138.6689355525709,300.1877666920027,1,0,1,1,1,FTP-Patator,True
2026-03-15 09:16:25.276651257,22,6,9127.427372837303,14,41,1467,4393,315.0810149957977,98.26456074433992,309.3457052598173,1,0,1,1,0,FTP-Patator,True
2026-03-15 09:16:26.423006879,21,6,21975.51513973731,47,14,8054,6753,155.0946591374307,244.1033705930393,119.6031153694694,0,0,1,1,1,FTP-Patator,True
2026-03-15 09:16:27.318650508,21,6,18633.46864010373,30,30,7595,4873,211.7916053607075,100.61355960499947,139.8815060946137,0,1,1,1,1,FTP-Patator,True
2026-03-15 09:16:28.933760399,443,6,40987.95260259973,51,41,824,7104,244.61671758866422,250.4198682874594,385.9451629764509,1,1,1,1,0,FTP-Patator,True
2026-03-15 09:16:30.026989763,80,6,44902.72800705948,21,18,1098,3199,366.38366806109485,102.1870583744132,222.90535207426905,1,0,1,1,0,FTP-Patator,True
2026-03-15 09:16:31.062444630,443,6,21998.815432141455,11,45,5883,3657,326.69904777068996,211.6998266631609,123.53976206037244,1,0,1,1,1,FTP-Patator,True
2026-03-15 09:16:32.296705223,443,6,47404.900565275086,28,49,7095,2694,141.24567873136826,218.33110379611315,197.991638179779,1,0,1,1,1,FTP-Patator,True
2026-03-15 09:16:33.861364071,443,6,18085.518257555974,26,32,7636,3938,309.98395652927746,255.78253891754386,357.9132771257416,1,0,1,1,1,FTP-Patator,True
2026-03-15 09:16:34.874617347,21,6,25567.416040967724,50,41,1728,1070,312.71092300624025,98.50220269960502,59.69614934981102,1,0,1,1,0,FTP-Patator,True
2026-03-15 09:16:35.985547460,22,6,28413.60935552233,48,10,9013,4615,244.0763381287685,296.8410900128648,120.73345514609258,0,0,1,1,1,FTP-Patator,True
2026-03-15 09:16:37.272553043,443,6,6619.52432842816,20,27,8980,4827,342.38900394566053,266.096736002614,133.62707257749383,0,1,1,1,1,FTP-Patator,True
2026-03-15 09:16:38.348245394,21,6,36686.69591747149,18,26,3461,2485,201.26641724937343,254.82432432148443,309.8929024593554,1,1,1,1,0,FTP-Patator,True
2026-03-15 09:16:39.582109363,21,6,12104.448824394196,45,43,7527,998,370.3064195707748,253.55283028482947,303.25322915235347,1,1,1,1,0,FTP-Patator,True
2026-03-15 09:16:40.674185554,21,6,14529.932401390568,39,13,7959,2893,164.42244246093557,114.05742918345771,255.61010031726286,1,1,1,1,0,FTP-Patator,True
2026-03-15 09:16:41.963911980,80,6,46903.48577749273,42,42,6985,6022,231.21766931262485,188.1066738120075,142.61693477836212,1,0,1,1,1,FTP-Patator,True
2026-03-15 09:16:43.311355339,22,6,28503.928131148165,53,39,2552,4042,301.97171194662656,129.41967021145368,63.67345297627539,1,0,1,1,1,FTP-Patator,True
2026-03-15 09:16:44.123965155,21,6,10035.7071904933,31,33,5610,3639,243.2887372587194,272.3736548526094,77.48538534609236,1,0,1,1,0,FTP-Patator,True
2026-03-15 09:16:45.777016444,21,6,34146.03537038257,40,17,7589,1963,338.39855723818255,123.6942404161286,272.5524035356109,1,1,1,1,0,FTP-Patator,True
2026-03-15 09:16:46.669787724,443,6,47485.796460899226,53,27,5532,6441,244.39249173029282,253.23379948722607,188.4742847632206,0,0,1,1,1,FTP-Patator,True
2026-03-15 09:16:48.109535876,22,6,33928.84333433215,15,16,10361,4259,213.06872026522655,170.2020316875943,350.43490584643615,1,0,1,1,0,FTP-Patator,True
2026-03-15 09:16:49.285635188,443,6,4604.446176492655,49,27,9545,6405,128.10457342011443,231.56845880829903,109.90625918704622,0,0,1,1,1,FTP-Patator,True
2026-03-15 09:16:50.491576829,22,6,17467.357875399626,24,37,4764,4424,359.89591028056,196.05188865524053,387.20990260579504,1,0,1,1,0,FTP-Patator,True
2026-03-15 09:16:51.664877349,443,6,44936.981209773934,13,35,1019,7649,259.2650970311629,280.6063991334113,318.30583730147924,1,1,1,1,0,FTP-Patator,True
2026-03-15 09:16:53.075461102,443,6,14309.729613776957,41,30,10363,3316,152.75049488105935,172.67403518539498,113.61005871368775,1,0,1,1,1,FTP-Patator,True
2026-03-15 09:16:54.005006497,80,6,30637.63419142581,38,49,9281,1885,215.3246500663835,284.87260732146376,292.1876866501153,0,1,1,1,0,FTP-Patator,True
2026-03-15 09:16:55.339391469,80,6,37124.2283005013,23,40,8759,1703,101.62183680839067,134.86391510693738,170.71362022402894,1,0,1,1,1,FTP-Patator,True
2026-03-15 09:16:56.523269598,80,6,44779.99052457918,39,49,7826,6505,160.77995850810538,192.482873063841,370.50730636640895,0,0,1,1,0,FTP-Patator,True
2026-03-15 09:16:57.441760546,21,6,47672.95493704827,40,10,6205,7371,291.95857278725896,267.3373804147702,150.2156872494887,1,1,1,1,1,FTP-Patator,True
2026-03-15 09:16:58.669983503,80,6,20366.851961042412,52,12,10761,7440,376.28963647156297,101.39367259324169,78.47018336645522,0,1,1,1,0,FTP-Patator,True
2026-03-15 09:16:59.954410258,80,6,40382.2508677867,22,24,3531,6536,231.5314531956425,172.97067562234224,380.27227586554187,0,0,1,1,0,FTP-Patator,True
2026-03-15 09:17:01.066618758,443,6,30179.208776938587,57,29,6481,7666,397.94884817250994,88.99022866582871,107.91838021911336,1,1,1,1,0,FTP-Patator,True
2026-03-15 09:17:02.320045859,22,6,13090.87504773905,28,37,11635,5011,269.36900604061964,85.04989706170903,260.5854638553154,1,0,1,1,0,FTP-Patator,True
2026-03-15 09:17:03.534576368,21,6,6371.353237348606,18,11,7755,6780,317.25310380342523,108.24237051701886,160.61623266481598,1,0,1,1,1,FTP-Patator,True
2026-03-15 09:17:04.862318736,80,6,34183.55022556987,28,43,7990,4335,322.58049526651075,87.57447187287157,104.27428773939427,1,0,1,1,0,FTP-Patator,True
2026-03-15 09:17:05.831934025,443,6,48915.97394042715,20,16,9836,5815,177.98167125012287,87.51556660535883,84.44276349015881,0,0,1,1,1,FTP-Patator,True
2026-03-15 09:17:07.382575119,21,6,7903.8481478826025,41,25,1586,1397,151.40857579537354,139.50092083701975,344.589911982742,1,0,1,1,1,FTP-Patator,True
2026-03-15 09:17:08.362521814,443,6,19833.385697428337,16,32,9793,1316,364.0598837165486,211.00479567191982,51.5172593087005,1,0,1,1,1,FTP-Patator,True
2026-03-15 09:17:09.723746467,80,6,18018.26271221452,16,40,9362,6142,193.94645988793405,249.6732006828132,299.31592106828674,1,0,1,1,1,FTP-Patator,True
2026-03-15 09:17:10.548865488,21,6,44621.9859848775,59,35,11408,4984,343.28142048576615,146.95199699002353,205.39099360744956,1,0,1,1,0,FTP-Patator,True
2026-03-15 09:17:11.981979236,21,6,31281.070922464045,18,49,7970,4733,125.62322709882854,277.9074889928712,80.0751454183519,1,0,1,1,0,FTP-Patator,True
2026-03-15 09:17:12.916931719,443,6,46326.908280747935,59,27,3085,783,256.1765643195466,197.14082922682698,310.5310889762139,1,0,1,1,0,FTP-Patator,True
2026-03-15 09:17:14.505545995,443,6,28148.131082093496,40,30,10286,2964,270.7789851783309,294.6295138166747,159.78216626481216,1,1,1,1,0,FTP-Patator,True
2026-03-15 09:17:15.506226046,22,6,29532.258116186917,41,23,10760,941,328.2348501244825,123.74299384038596,362.2195175745527,1,0,1,1,0,FTP-Patator,True
2026-03-15 09:17:17.069551688,22,6,19946.214203928404,51,43,3670,3309,274.95699348697894,136.50136037569501,377.3665496905366,0,0,1,1,0,FTP-Patator,True
2026-03-15 09:17:17.894474528,21,6,11997.26102132411,20,40,6511,7382,280.05558901382744,267.8842434454226,330.20522011297174,0,0,1,1,1,FTP-Patator,True
2026-03-15 09:17:19.238283538,22,6,41931.56790218365,59,37,7702,5495,333.9137569957658,230.25324741464905,376.8582364881147,1,0,1,1,1,FTP-Patator,True
2026-03-15 09:17:20.254432545,21,6,21380.57702032022,41,25,7928,5283,369.9006698248673,247.15176876819322,57.80614627457677,0,0,1,1,1,FTP-Patator,True
2026-03-15 09:17:21.672067577,80,6,26176.985123399176,41,21,5617,5261,128.70909518785547,210.90860026151836,332.9725725508131,0,0,1,1,1,FTP-Patator,True
2026-03-15 09:17:22.780225410,443,6,10430.277965264077,36,28,8680,7428,118.20619777431203,280.01299450167505,116.62733374801294,1,0,1,1,1,FTP-Patator,True
2026-03-15 09:17:23.922376956,22,6,16500.758786999322,59,20,11156,1992,389.62695658296946,227.7949793680128,288.7019850275935,1,1,1,1,1,FTP-Patator,True
2026-03-15 09:17:25.022213609,80,6,15659.483328662984,42,15,10137,5336,175.7822525438857,174.56466285822296,349.4532453065007,1,1,1,1,0,FTP-Patator,True
2026-03-15 09:17:26.166912806,21,6,12258.26388203713,24,36,11735,2511,376.0235749144221,155.88014790455014,150.7044535181916,1,1,1,1,1,FTP-Patator,True
2026-03-15 09:17:27.371927480,22,6,23130.576737843254,45,27,11385,6774,145.93394948541598,91.2291822554368,52.08214891008595,1,1,1,1,1,FTP-Patator,True
2026-03-15 09:17:29.099424010,80,6,31278.340688422042,59,36,6501,4923,364.6518797765793,83.2205134603864,213.27502205762931,1,1,1,1,0,FTP-Patator,True
2026-03-15 09:17:29.947386436,80,6,3226.230853150943,11,34,3619,5225,195.8014818399951,198.74504413134068,258.836312360973,1,0,1,1,0,FTP-Patator,True
2026-03-15 09:17:30.901157824,80,6,20680.712867616312,48,36,8029,4698,148.6767096477205,234.14073669984958,196.067823753906,0,1,1,1,1,FTP-Patator,True
2026-03-15 09:17:32.671757274,22,6,36903.59582830899,24,32,3627,5226,208.0621208591923,137.8490121194721,257.22240507699007,1,0,1,1,1,FTP-Patator,True
2026-03-15 09:17:33.311987954,443,6,20070.66244518015,29,31,5565,6890,108.23685749256029,157.83808531036732,310.0216270664052,1,0,1,1,1,FTP-Patator,True
2026-03-15 09:17:34.751151675,80,6,45254.322546876014,29,29,9205,6070,159.5246823036348,184.05885993095552,151.95258639876073,1,0,1,1,1,FTP-Patator,True
2026-03-15 09:17:36.130486551,21,6,25920.735430818022,30,40,6667,1625,171.6810060482411,162.72743355699637,310.82029861948376,1,1,1,1,0,FTP-Patator,True
2026-03-15 09:17:37.448759546,21,6,38446.22612372553,11,16,4645,4381,158.914550965285,285.9420430483236,227.51776285040407,1,0,1,1,0,FTP-Patator,True
2026-03-15 09:17:38.527731774,21,6,34841.09155341378,15,22,7191,4271,130.7130946140735,144.45169289254795,215.58754835343166,0,0,1,1,0,FTP-Patator,True
2026-03-15 09:17:39.578175452,21,6,16645.15412419397,44,34,2859,5619,184.8602493753445,176.92786541422004,269.9609577217998,1,1,1,1,1,FTP-Patator,True
2026-03-15 09:17:41.084665223,443,6,25899.42293863948,38,17,6309,1512,123.17235464268897,264.341066953211,366.8937936425981,1,0,1,1,1,FTP-Patator,True
2026-03-15 09:17:41.723591629,22,6,35713.37602285974,13,25,3920,7397,390.55847064485465,197.46499664234108,322.87582919209683,1,1,1,1,0,FTP-Patator,True
2026-03-15 09:17:43.492135321,22,6,49901.72321563657,16,15,1602,6509,212.43630057165268,167.6809470661988,143.5038390482429,0,1,1,1,1,FTP-Patator,True
2026-03-15 09:17:44.609634931,21,6,48552.43002861115,12,44,6153,4255,216.4666541080714,136.110621346015,397.56718740622034,1,1,1,1,1,FTP-Patator,True
2026-03-15 09:17:45.857358010,80,6,46392.364439108096,21,12,9698,4309,384.63776473609477,209.7769630108968,187.78993805002196,0,1,1,1,1,FTP-Patator,True
2026-03-15 09:17:46.652863454,22,6,11931.753676578259,29,23,7010,1007,267.1762729495391,212.01436578084397,346.88938362290804,0,0,1,1,0,FTP-Patator,True
2026-03-15 09:17:47.785474843,21,6,26618.59116251652,57,44,3555,2821,128.9559567209129,238.43472614305426,218.0992013681118,1,0,1,1,0,FTP-Patator,True
2026-03-15 09:17:49.297989167,21,6,31945.400455757597,51,16,3296,2727,142.48224237213955,236.59501993002044,253.80198308043003,1,0,1,1,0,FTP-Patator,True
2026-03-15 09:17:50.409515662,80,6,38262.47035876302,50,45,2838,4700,218.19271331015278,182.00017105297022,235.94107950718757,1,0,1,1,0,FTP-Patator,True
2026-03-15 09:17:51.613900776,443,6,46947.99219663033,44,47,7551,6586,150.53001370726503,210.89496649778602,206.0896965675936,0,0,1,1,1,FTP-Patator,True
2026-03-15 09:17:53.054771507,21,6,15026.721758884378,14,46,2488,1812,328.00651804684315,138.3402035604401,323.71627537631883,0,0,1,1,0,FTP-Patator,True
2026-03-15 09:17:54.072048543,80,6,23808.371469215763,21,49,9700,6052,161.7282407446039,292.6155283493346,288.4690065037298,1,1,1,1,1,FTP-Patator,True
2026-03-15 09:17:55.086638301,22,6,11644.756373449934,46,12,2233,2081,304.0466241133928,259.7932933467208,318.0139335593112,1,0,1,1,0,FTP-Patator,True
2026-03-15 09:17:56.340039933,443,6,13369.403212354915,50,12,11571,4173,249.4663759028702,105.18134431699713,261.2337033518685,1,0,1,1,1,FTP-Patator,True
2026-03-15 09:17:57.380097501,21,6,34882.652647797106,25,11,6510,2492,222.87833349348477,85.21687772799278,319.93030921377556,1,0,1,1,0,FTP-Patator,True
2026-03-15 09:17:58.615388424,22,6,42652.105880674804,46,37,8291,2911,294.8600723883625,281.79273814850535,126.88570865780639,1,1,1,1,0,FTP-Patator,True
2026-03-15 09:17:59.786010042,80,6,48047.869831308264,56,38,9010,3267,281.1875916706991,222.65598342965745,103.94611635847338,0,0,1,1,0,FTP-Patator,True
2026-03-15 09:18:01.386174804,80,6,37765.0045885997,38,45,3984,3347,284.8323540859093,210.86408900259784,215.38913168143367,1,0,1,1,0,FTP-Patator,True
2026-03-15 09:18:02.522924080,22,6,48527.05320288947,27,31,11474,5071,273.6122844626666,219.30712295536554,200.28156729353498,0,0,1,1,0,FTP-Patator,True
2026-03-15 09:18:03.618207010,80,6,48663.93386755192,51,39,11199,5707,353.3309657200797,213.52530084363934,283.6737176664669,1,0,1,1,0,FTP-Patator,True
2026-03-15 09:18:04.724620700,21,6,6650.459852180438,37,14,8185,1205,351.27747677772925,151.12901696539933,120.94066541860103,1,1,1,1,0,FTP-Patator,True
2026-03-15 09:18:06.101096574,443,6,44919.612047177805,49,45,2087,3101,208.95671679515164,285.01715283478563,309.65578508030654,1,1,1,1,1,FTP-Patator,True
2026-03-15 09:18:07.387743208,21,6,25942.10330462326,13,21,10831,767,121.66788819913876,268.9923988708767,322.0839310520247,0,0,1,1,1,FTP-Patator,True
2026-03-15 09:18:08.628739929,21,6,12039.668808630937,22,14,10481,7315,341.5156772267671,168.83280913798058,269.1143071394831,1,0,1,1,1,FTP-Patator,True
2026-03-15 09:18:09.628209736,21,6,32603.07812618535,37,27,5372,3478,186.31552731662464,174.44174907063962,269.733723978095,1,1,1,1,0,FTP-Patator,True
2026-03-15 09:18:10.991931073,80,6,27675.006572682003,51,23,7637,5092,364.5020415141985,250.50830961791482,165.7563020151,1,0,1,1,0,FTP-Patator,True
2026-03-15 09:18:12.006783572,21,6,21187.81980390346,21,46,6519,741,288.339217570142,107.31878307671688,232.51799643393198,0,0,1,1,1,FTP-Patator,True
2026-03-15 09:18:13.184718053,22,6,8367.516016601849,33,24,6617,6229,183.27081902806918,248.20491801452994,130.81785081568003,1,0,1,1,1,FTP-Patator,True
2026-03-15 09:18:14.619259113,80,6,49992.531447035784,17,45,3364,4688,191.53260582449587,98.0810011118006,58.71226586696542,0,0,1,1,1,FTP-Patator,True
2026-03-15 09:18:15.531824361,80,6,24968.88731030292,58,34,998,1309,302.92798688898756,252.74039456795558,130.72850000543397,1,0,1,1,0,FTP-Patator,True
2026-03-15 09:18:16.737547607,443,6,34986.59466772555,50,8,6441,2575,269.09897588170907,194.34994431368813,390.00467163349725,1,0,1,1,0,FTP-Patator,True
2026-03-15 09:18:17.882946807,22,6,30190.750578457766,39,37,11010,1912,349.228730144458,218.59884869582578,73.60295250320881,0,1,1,1,1,FTP-Patator,True
2026-03-15 09:18:19.211221036,21,6,9773.851442222549,25,30,3262,1714,289.56259082744276,121.29844590993196,326.96118430876555,0,1,1,1,1,FTP-Patator,True
2026-03-15 09:18:20.426910020,22,6,9879.69032559952,48,46,2762,5819,366.1570043471631,156.29872960560198,352.28134150788435,1,0,1,1,1,FTP-Patator,True
2026-03-15 09:18:21.696276687,21,6,7991.226720953168,57,38,5909,6014,264.5352280336466,189.35940174818188,118.37551539990598,1,0,1,1,1,FTP-Patator,True
2026-03-15 09:18:22.758301386,443,6,23601.629518583766,36,34,1247,1351,329.1355435631019,80.72060283100055,274.7543051933502,1,1,1,1,0,FTP-Patator,True
2026-03-15 09:18:23.830702375,22,6,5801.399415953744,52,16,1543,6252,154.75611909715678,178.3529716576818,377.8216211921149,0,1,1,1,1,FTP-Patator,True
2026-03-15 09:18:25.420105237,443,6,21473.396477200753,58,27,10693,3636,348.190915504067,259.0768181804667,180.6969149542929,1,0,1,1,1,FTP-Patator,True
2026-03-15 09:18:26.307600520,80,6,18129.645436438106,12,49,4561,6145,162.2909027386132,196.97264802576063,392.9508341034128,0,0,1,1,0,FTP-Patator,True
2026-03-15 09:18:27.853766051,80,6,29955.259779540946,23,18,5020,7278,195.3972934635539,290.828813665751,51.447162439152,1,0,1,1,0,FTP-Patator,True
2026-03-15 09:18:28.624411999,22,6,16609.949821758622,54,18,7339,2988,225.76051682768986,102.29435398479495,372.8179648967532,1,1,1,1,1,FTP-Patator,True
2026-03-15 09:18:30.036034485,80,6,39151.12225827138,20,32,824,645,364.79749898303703,262.80332905339446,304.45311478439004,1,0,1,1,0,FTP-Patator,True
2026-03-15 09:18:31.221969056,22,6,33037.70289633275,17,45,5709,5172,272.691106556829,154.57686638206889,221.67775702452116,0,0,1,1,0,FTP-Patator,True
2026-03-15 09:18:32.597188708,21,6,12855.121767924667,13,25,1976,3428,382.1275312526723,121.1058088254041,150.25482298471798,1,0,1,1,0,FTP-Patator,True
2026-03-15 09:18:33.383310832,22,6,2210.606735552547,48,17,11513,3661,327.83492755339864,282.5775972996911,356.8814699669466,0,0,1,1,0,FTP-Patator,True
2026-03-15 09:18:35.045962303,22,6,27553.405482991802,50,40,8611,3223,243.1629122056918,213.75542149899115,144.69718720298627,1,0,1,1,1,FTP-Patator,True
2026-03-15 09:18:36.018856903,21,6,39231.67788029043,17,17,2973,3691,274.3593480281406,173.57291672859617,275.9107635716707,1,0,1,1,1,FTP-Patator,True
2026-03-15 09:18:37.251665630,80,6,21685.957019375684,46,36,11039,7075,295.851268625098,115.1620631845058,195.6469495627915,1,0,1,1,1,FTP-Patator,True
2026-03-15 09:18:38.406099775,80,6,38600.736061834905,45,42,2142,3240,209.8551563094283,126.4701875876446,233.52112673525025,1,0,1,1,1,FTP-Patator,True
2026-03-15 09:18:39.321614944,80,6,9478.248199597638,26,25,10372,2575,114.64004977846477,154.59408515855387,301.3264846275696,1,0,1,1,0,FTP-Patator,True
2026-03-15 09:18:40.798254397,21,6,7863.848864321931,25,38,7412,5407,336.7159735982071,131.3351945636664,202.00068299772008,1,1,1,1,0,FTP-Patator,True
2026-03-15 09:18:41.858129797,443,6,8347.125889372306,30,47,9319,1678,396.732888197674,211.77418074530004,224.6494130776109,0,1,1,1,0,FTP-Patator,True
2026-03-15 09:18:43.105612908,80,6,4305.654961757435,30,39,1052,2057,162.3228388382786,212.1740042823932,303.1915606583477,1,1,1,1,0,FTP-Patator,True
2026-03-15 09:18:44.489460959,80,6,41257.37666624771,53,16,2558,4970,350.7589869416875,254.5041308041675,67.94441832813577,1,1,1,1,1,FTP-Patator,True
2026-03-15 09:18:45.598618277,22,6,7209.497091948103,41,42,5327,5980,131.96160946329408,256.3087419431115,196.23728624923484,1,0,1,1,0,FTP-Patator,True
2026-03-15 09:18:46.555930927,443,6,16430.16443161806,31,44,11282,5630,283.5471287163741,299.48948327698645,171.55354090637223,1,0,1,1,0,FTP-Patator,True
2026-03-15 09:18:47.743824764,443,6,48055.008662869855,33,25,8678,4630,386.4721939463808,248.45805548012203,307.8125720459171,1,0,1,1,0,FTP-Patator,True
2026-03-15 09:18:49.011394617,21,6,31750.058827501893,30,13,5734,4965,261.89461965937005,211.2353610908552,339.3745087208524,1,0,1,1,0,FTP-Patator,True
2026-03-15 09:18:50.214531087,80,6,5889.062583703184,24,34,2387,4999,222.15814926268473,285.8886578595757,91.76199767755475,0,1,1,1,0,FTP-Patator,True
2026-03-15 09:18:51.664980454,22,6,33245.42606162414,26,39,8875,5254,186.3414890773322,102.78913571042315,397.9609837624786,1,1,1,1,0,FTP-Patator,True
2026-03-15 09:18:52.606688678,21,6,36071.34983655518,31,49,1936,5340,386.5698671086732,113.1089384493535,118.9698816100474,1,0,1,1,0,FTP-Patator,True
2026-03-15 09:18:54.229031653,443,6,35033.79961317163,42,27,8006,1963,178.30670122843162,170.46298168845692,231.75439178805905,1,0,1,1,1,FTP-Patator,True
2026-03-15 09:18:55.025856396,22,6,36897.34127201841,25,15,3692,1244,232.977039939783,245.17041176697424,108.1890920349984,1,0,1,1,1,FTP-Patator,True
2026-03-15 09:18:56.154678867,22,6,5651.330362353107,15,11,3797,5916,209.84465516270126,116.43542050204019,142.12045372721508,1,1,1,1,1,FTP-Patator,True
2026-03-15 09:18:57.825447609,21,6,31205.53103010202,49,30,4957,7144,124.38213019912068,257.89652703176546,140.39486587878272,1,1,1,1,1,FTP-Patator,True
2026-03-15 09:18:58.677196545,443,6,42806.74967694135,22,42,8706,3958,217.915669590167,194.08089445051218,149.789460154617,1,0,1,1,1,FTP-Patator,True
2026-03-15 09:18:59.955253577,443,6,4977.469158975316,46,16,8191,7132,358.4835753268939,152.40751188428186,270.7572362806678,0,1,1,1,1,FTP-Patator,True
2026-03-15 09:19:01.475415830,443,6,5674.541986344394,58,19,8884,1360,219.62826530355076,81.13280725805556,323.9880181433292,1,0,1,1,1,FTP-Patator,True
2026-03-15 09:19:02.666621531,22,6,17103.78656850516,45,10,9566,2921,165.45135973662462,86.43543874067281,314.6571285613125,0,0,1,1,0,FTP-Patator,True
2026-03-15 09:19:03.728950133,80,6,46242.46104295349,54,38,6336,6505,180.96775538989277,263.711424274871,195.38317756619932,1,0,1,1,1,FTP-Patator,True
2026-03-15 09:19:04.541363371,443,6,47523.292410199996,55,25,997,3265,284.27351070047524,80.7951697166955,161.13559354072248,0,0,1,1,1,FTP-Patator,True
2026-03-15 09:19:06.056004075,21,6,11072.693773266663,16,30,11894,3535,397.28855265279134,94.32260796913485,344.2398221537535,1,0,1,1,1,FTP-Patator,True
2026-03-15 09:19:07.493446761,21,6,18839.46176987062,16,15,2832,1872,382.62677715417493,86.51059462805145,223.05615181926885,1,0,1,1,1,FTP-Patator,True
2026-03-15 09:19:08.668149737,80,6,23742.750265369625,22,33,5192,1107,264.03842715600706,192.591648756999,113.64925890467309,1,0,1,1,1,FTP-Patator,True
2026-03-15 09:19:09.363601495,22,6,21420.244637485994,38,28,9548,5577,242.3611745837472,173.81023281895557,220.05526486450103,1,1,1,1,0,FTP-Patator,True
2026-03-15 09:19:10.737580381,22,6,25739.76122272609,31,13,3065,5997,396.00829141469336,216.13644685400888,182.95150993211584,0,0,1,1,1,FTP-Patator,True
2026-03-15 09:19:11.889322047,443,6,26623.68770533699,54,31,11825,3596,100.14741768322591,218.29756139804496,126.6986847194913,0,0,1,1,1,FTP-Patator,True
2026-03-15 09:19:12.977836864,22,6,13880.373165163524,26,49,6836,6783,316.3570192956107,157.8561429186056,75.05899766949764,1,0,1,1,0,FTP-Patator,True
2026-03-15 09:19:14.516878986,22,6,28865.973625758023,12,23,7066,5829,314.37612796830996,130.19416627013115,134.75893874518812,1,1,1,1,0,FTP-Patator,True
2026-03-15 09:19:15.464309018,80,6,44522.61530845779,32,18,6875,1546,279.6922651160092,140.62806005834568,193.06698244516932,0,0,1,1,0,FTP-Patator,True
2026-03-15 09:19:16.706919481,21,6,20543.11100717295,18,32,9424,1550,208.14579527268137,294.3318988255329,94.06015638235948,1,1,1,1,1,FTP-Patator,True
2026-03-15 09:19:17.754215326,443,6,4886.420112510256,55,46,5021,3833,151.5665610579014,276.1130596917475,199.4077961311409,1,0,1,1,1,FTP-Patator,True
2026-03-15 09:19:19.198780535,22,6,44633.81939749293,35,25,2706,1382,257.6511405235562,151.50843237213576,124.38517356676121,0,0,1,1,1,FTP-Patator,True
2026-03-15 09:19:20.194900718,80,6,15354.023181605657,23,38,6936,7076,308.29159052843613,257.1152196922851,250.622165346251,1,1,1,1,0,FTP-Patator,True
2026-03-15 09:19:21.559254254,443,6,34249.200160966866,46,14,9215,1342,252.87451649211815,273.6847724787245,391.49998937582836,1,0,1,1,0,FTP-Patator,True
2026-03-15 09:19:22.586005333,22,6,36461.08024534908,52,9,5393,7658,264.81039584101893,139.60863288148164,63.05164654769838,1,0,1,1,1,FTP-Patator,True
2026-03-15 09:19:24.272309933,21,6,26753.8208369792,36,14,4206,3991,175.30099354386718,162.44649964635957,320.67107632897546,0,1,1,1,0,FTP-Patator,True
2026-03-15 09:19:24.986989519,21,6,4068.1860409901506,31,19,10846,3243,156.9664525745603,274.971999904552,156.6508053123899,1,1,1,1,0,FTP-Patator,True
2026-03-15 09:19:26.413132292,22,6,37833.20057483267,40,30,3835,3414,337.40925444275297,143.58477300955983,162.44164098641315,1,0,1,1,1,FTP-Patator,True
2026-03-15 09:19:27.418187895,21,6,43439.96874955659,57,44,8123,1951,392.8635974050011,225.52688244014487,257.5324916244375,1,1,1,1,0,FTP-Patator,True
2026-03-15 09:19:28.545817082,21,6,30086.911625272027,39,45,887,6058,241.2113578126347,202.8635676864132,297.52740066466856,1,0,1,1,0,FTP-Patator,True
2026-03-15 09:19:29.821385171,21,6,31726.870562228738,35,18,9176,6650,226.99480231001505,276.8903090779242,94.77782977360596,1,0,1,1,0,FTP-Patator,True
2026-03-15 09:19:30.932864464,22,6,12168.982660775593,37,9,4074,2088,209.30807933023704,165.51737078356,188.95993131262762,0,0,1,1,0,FTP-Patator,True
2026-03-15 09:19:32.183638429,22,6,30451.30571649634,23,28,2039,1876,276.3737999768532,87.71826500243601,166.645500954008,1,1,1,1,0,FTP-Patator,True
2026-03-15 09:19:33.596090494,443,6,23969.474602579936,26,16,5408,1862,322.0564482988434,88.98939195700677,310.8436042242109,1,1,1,1,0,FTP-Patator,True
2026-03-15 09:19:34.891089312,80,6,44418.34629965607,39,14,9739,3103,214.4986228402336,145.7769628634622,153.14995414956414,0,1,1,1,1,FTP-Patator,True
2026-03-15 09:19:35.752403889,443,6,27025.08773861552,40,45,3273,1789,296.1180642306237,91.42313794530486,395.7088369186472,1,1,1,1,1,FTP-Patator,True
2026-03-15 09:19:37.164611174,80,6,35154.549890824885,43,35,2952,6513,148.46397968113638,116.01910352524189,126.85278579985194,1,0,1,1,0,FTP-Patator,True
2026-03-15 09:19:38.448748213,80,6,25107.461501928283,21,17,10939,3252,156.32831054241797,264.2175147891695,380.9266482893605,1,0,1,1,1,FTP-Patator,True
2026-03-15 09:19:39.440535405,80,6,37326.88857319924,48,44,5150,5474,259.44269428855864,120.1389635583644,180.97888091368011,0,1,1,1,1,FTP-Patator,True
2026-03-15 09:19:40.723247046,443,6,23129.399908843745,14,43,8640,2916,231.8714469659842,254.85092309249237,152.62282427537446,1,1,1,1,1,FTP-Patator,True
2026-03-15 09:19:41.743100921,21,6,13527.57011438452,49,15,1440,725,244.10480671061705,121.10439759197072,277.92251376656674,1,1,1,1,1,FTP-Patator,True
2026-03-15 09:19:43.032078648,22,6,16220.859226861916,28,38,1720,6827,248.86138450093023,153.98536579733016,296.2461588691509,0,0,1,1,0,FTP-Patator,True
2026-03-15 09:19:44.380051755,443,6,14971.066781954476,18,41,3824,5834,255.85987148473816,232.07400628836035,81.28957403681113,1,1,1,1,0,FTP-Patator,True
2026-03-15 09:19:45.894265307,443,6,27066.43433608782,45,34,5088,6305,314.8730542773667,94.47779772070952,343.3533185527636,0,0,1,1,1,FTP-Patator,True
2026-03-15 09:19:47.097759037,22,6,19974.0780508555,34,27,1026,3358,127.91391370202658,213.88272299817388,291.1747624595244,0,1,1,1,0,FTP-Patator,True
2026-03-15 09:19:48.287773008,22,6,35664.132125075,48,30,11015,1486,353.34865606623146,290.69551880044776,345.5168391316023,1,0,1,1,1,FTP-Patator,True
2026-03-15 09:19:49.153851831,443,6,32369.910103934748,37,48,4613,5928,177.87305488864195,116.10789050249147,148.47523938711208,1,1,1,1,0,FTP-Patator,True
2026-03-15 09:19:50.148408227,22,6,16489.507921729382,21,47,9841,2343,123.51423532637519,199.90775278736686,52.082114002949865,1,1,1,1,0,FTP-Patator,True
2026-03-15 09:19:51.494144062,22,6,42540.7937257418,14,36,9857,1329,168.36828843746866,130.0145895845883,122.00656386036049,1,1,1,1,0,FTP-Patator,True
2026-03-15 09:19:52.642628625,21,6,28383.601309757367,56,31,6590,4941,341.70305291603177,290.67993246163235,50.94136622494661,1,0,1,1,0,FTP-Patator,True
2026-03-15 09:19:53.708475944,80,6,9057.228643645118,41,37,7168,978,351.01741578760635,245.56475488392834,193.2446257977746,1,1,1,1,0,FTP-Patator,True
2026-03-15 09:19:54.957140166,443,6,10646.53314123889,29,27,2824,1482,173.77859070725677,162.54043176629256,301.0605197580253,1,0,1,1,0,FTP-Patator,True
2026-03-15 09:19:56.371915161,80,6,3279.9807815335316,16,28,3998,3719,338.9337905473738,98.04551951232641,347.47496373466015,0,0,1,1,1,FTP-Patator,True
2026-03-15 09:19:57.503797478,80,6,26715.42776386374,51,37,1714,1360,328.5231347290416,137.7085945954176,114.07162031769127,1,1,1,1,1,FTP-Patator,True
2026-03-15 09:19:58.608212232,80,6,13494.334587823649,42,44,10633,7052,297.49950865831795,96.34375098773141,131.24369784214815,1,1,1,1,0,FTP-Patator,True
2026-03-15 09:20:00.129659982,443,6,44457.04492140576,25,48,5070,6975,259.7022911662858,215.14137596056634,93.73499487112576,0,1,1,1,1,FTP-Patator,True
2026-03-15 09:20:01.114269357,443,6,24899.581158028792,41,29,5892,1249,334.99901684265916,95.70053090049088,185.44733262576142,1,1,1,1,0,FTP-Patator,True
2026-03-15 09:20:02.611120713,443,6,40299.336893915926,58,16,11544,7902,190.67046943360884,295.88825937055844,78.42833728544375,1,0,1,1,1,FTP-Patator,True
2026-03-15 09:20:03.444586296,80,6,39436.71822615321,57,35,1923,6390,126.4172289347276,162.17226688432817,167.7728249687961,1,0,1,1,0,FTP-Patator,True
2026-03-15 09:20:04.823036094,443,6,42516.010521883196,22,49,10786,772,143.23553569302692,231.37913212949724,190.81700591666203,1,1,1,1,0,FTP-Patator,True
2026-03-15 09:20:05.810483530,443,6,26016.22948212084,25,21,4192,3973,187.1847425838572,154.71988194867274,145.29628240665284,0,0,1,1,1,FTP-Patator,True
2026-03-15 09:20:07.197180369,443,6,20747.847542054114,56,23,8163,4215,239.90846746938882,251.41353474689677,389.4133617264023,1,0,1,1,0,FTP-Patator,True
2026-03-15 09:20:08.191479905,443,6,16154.41750618914,10,36,7598,5568,141.14560434487362,178.85650087888973,197.63666731147762,1,0,1,1,0,FTP-Patator,True
2026-03-15 09:20:09.396947174,443,6,5975.819879812024,39,37,8291,6421,260.9034388379756,256.4374691056172,113.34007143634149,0,1,1,1,1,FTP-Patator,True
2026-03-15 09:20:10.867334026,22,6,14609.435666035917,12,38,10095,3983,285.18525586899904,253.06206449744965,65.6643829461317,1,0,1,1,1,FTP-Patator,True
2026-03-15 09:20:11.858271625,21,6,47170.37948467413,28,41,7488,6297,177.01757161521056,160.21431407909233,325.47351048892074,0,1,1,1,1,FTP-Patator,True
2026-03-15 09:20:13.003420335,443,6,45047.31218889224,54,12,1327,3662,200.7763719463429,293.61201984300135,100.66219771934159,1,1,1,1,1,FTP-Patator,True
2026-03-15 09:20:14.657860950,22,6,40682.75594204631,58,48,3624,5422,258.02773167143334,223.72811551583692,148.15472398952582,1,0,1,1,1,FTP-Patator,True
2026-03-15 09:20:15.325801950,443,6,22508.200422877042,57,33,7727,1362,127.73978772304616,289.65322307396116,304.1229085411547,0,0,1,1,1,FTP-Patator,True
2026-03-15 09:20:16.839088867,443,6,23525.465177320075,39,38,10154,4481,290.00070735279496,184.06171030430346,276.85823519742286,0,0,1,1,1,FTP-Patator,True
2026-03-15 09:20:18.028958305,21,6,43483.02462231778,32,46,7202,6288,119.47602364615899,218.1407889347471,183.49683173739072,1,0,1,1,0,FTP-Patator,True
2026-03-15 09:20:19.050365324,21,6,7818.0409258666705,16,9,8769,4036,214.0951385058229,103.3240045772275,127.40538569492867,1,0,1,1,1,FTP-Patator,True
2026-03-15 09:20:20.371663047,443,6,11869.941135219988,53,39,2424,5448,166.67103203641338,285.0341581151458,232.9309399440654,0,0,1,1,0,FTP-Patator,True
2026-03-15 09:20:21.352642669,443,6,16873.094448394302,55,48,10726,5067,303.96763950863067,120.4431801759535,80.14740328635264,1,0,1,1,1,FTP-Patator,True
2026-03-15 09:20:22.932762087,80,6,26786.895771122607,32,32,9184,7978,314.76750913984426,159.206600637554,339.7283545108223,0,0,1,1,0,FTP-Patator,True
2026-03-15 09:20:23.833018289,443,6,46857.1040414064,59,42,10587,3857,318.558109245216,137.37221628555756,186.49991675939194,1,0,1,1,0,FTP-Patator,True
2026-03-15 09:20:25.016031215,22,6,33731.71947379981,22,40,7494,3438,302.40290245189794,278.6555450461042,84.99483866388871,1,0,1,1,0,FTP-Patator,True
2026-03-15 09:20:26.288927086,443,6,20435.607894651042,12,22,9691,6282,152.8923887436997,131.08872970028293,346.6672004395201,1,0,1,1,1,FTP-Patator,True
2026-03-15 09:20:27.841421952,80,6,14166.195684772636,48,41,3953,694,176.95023436466153,154.16702947531394,350.7988433567683,1,0,1,1,1,FTP-Patator,True
2026-03-15 09:20:28.977879988,22,6,26576.999784002866,50,45,6488,2602,150.21906291252816,258.8009457583571,300.111984556468,1,1,1,1,1,FTP-Patator,True
2026-03-15 09:20:30.268135374,80,6,39458.079716070475,29,47,10696,5080,348.380940364617,256.2949925770611,144.5817967895924,1,1,1,1,0,FTP-Patator,True
2026-03-15 09:20:31.291177407,22,6,2136.3204649722024,36,31,3491,3541,192.0790047523888,249.63978351342078,273.0914280284969,0,0,1,1,0,FTP-Patator,True
2026-03-15 09:20:32.497752906,22,6,26915.55834284738,12,40,5248,5064,116.74531671164652,182.63453277821253,385.83009385258913,1,1,1,1,0,FTP-Patator,True
2026-03-15 09:20:33.588018599,80,6,23905.608693280177,11,34,4993,6299,121.17677730927409,283.1432769121682,307.5508285268369,1,1,1,1,0,FTP-Patator,True
2026-03-15 09:20:35.043111794,80,6,33799.849113330594,17,43,8005,2108,102.88901012739646,147.6683417287039,203.10920605034175,1,0,1,1,0,FTP-Patator,True
2026-03-15 09:20:36.006526289,443,6,41572.3373171033,42,21,3341,5973,381.76008616621493,170.10369454943682,243.19574694711042,0,1,1,1,1,FTP-Patator,True
2026-03-15 09:20:37.113036042,443,6,2959.385745405804,29,43,11541,1702,352.62963625532655,199.21905120943256,179.5557802402995,1,1,1,1,0,FTP-Patator,True
2026-03-15 09:20:38.484225005,443,6,10755.14216936939,48,31,11140,7196,246.29739468930273,194.96713193407567,247.32292245613647,1,0,1,1,1,FTP-Patator,True
2026-03-15 09:20:39.627683696,21,6,9466.868156738074,39,41,4471,877,352.62862466690495,244.96235588005803,328.3899009938224,0,1,1,1,1,FTP-Patator,True
2026-03-15 09:20:40.574411889,21,6,2960.534308893333,58,25,9653,2143,396.7112940273836,177.46909533255314,147.87940131661497,1,0,1,1,1,FTP-Patator,True
2026-03-15 09:20:41.935635248,80,6,17928.70366918669,24,47,1458,4493,195.93731630359545,260.93219569722146,71.86591833978653,0,1,1,1,0,FTP-Patator,True
2026-03-15 09:20:43.087995246,80,6,30183.41612235715,18,48,3651,4066,346.18027236488376,275.6185486239127,341.75525507126537,1,0,1,1,1,FTP-Patator,True
2026-03-15 09:20:44.608100265,443,6,45535.16788509149,46,36,1563,7978,359.66008330942185,95.60636139804,225.5828616581545,0,1,1,1,1,FTP-Patator,True
2026-03-15 09:20:45.527305534,80,6,4790.744919641885,38,18,4682,5192,258.7820920750378,296.66469487649664,170.14135865392885,1,1,1,1,1,FTP-Patator,True
2026-03-15 09:20:46.992933139,21,6,9177.284065943477,40,17,4091,2252,189.1837622601157,90.29731982891524,238.78306322681289,1,0,1,1,1,FTP-Patator,True
2026-03-15 09:20:47.965433756,22,6,6760.150195253443,37,47,3485,6987,246.60373900119714,218.12729561104186,155.4809691636275,0,0,1,1,0,FTP-Patator,True
2026-03-15 09:20:49.352100338,21,6,37935.93678651146,44,37,1218,5562,285.334065463093,145.49278093071484,90.41914590565553,1,1,1,1,1,FTP-Patator,True
2026-03-15 09:20:50.181169157,80,6,33615.88023835063,46,36,10033,4803,383.47048066526276,81.33045763148813,101.33424261036991,1,0,1,1,0,FTP-Patator,True
2026-03-15 09:20:51.854790131,443,6,37803.58955544829,49,30,9167,4496,114.95053092297437,181.4852228561263,262.80744208797546,0,0,1,1,1,FTP-Patator,True
2026-03-15 09:20:52.788335934,22,6,7585.89462442867,55,18,4262,2514,197.61498377099187,232.86501687744453,161.53527502440843,1,1,1,1,0,FTP-Patator,True
2026-03-15 09:20:53.855878947,21,6,27898.506399284335,57,47,6112,4362,151.0462309136592,111.47825532135602,364.6133355694251,1,0,1,1,1,FTP-Patator,True
2026-03-15 09:20:55.044893763,80,6,13111.729125148568,18,25,11111,7964,162.55559485780248,195.30696575670103,347.85189466513526,1,1,1,1,1,FTP-Patator,True
2026-03-15 09:20:56.259046373,22,6,39418.49614455559,22,48,5522,5453,279.3700350822304,279.24658710986284,176.54152686544526,1,1,1,1,1,FTP-Patator,True
2026-03-15 09:20:57.520034503,22,6,30310.118741211027,31,15,10182,7961,221.36081888190262,94.27034248448436,124.21964013040986,1,0,1,1,1,FTP-Patator,True
2026-03-15 09:20:58.930511719,80,6,10006.951973149617,18,11,2869,4949,102.43086193750314,284.79014933239574,139.60610664545186,1,0,1,1,1,FTP-Patator,True
2026-03-15 09:21:00.269761825,443,6,48217.377064207416,35,10,6051,6975,119.09120179084756,177.8929041446064,144.77537640912465,1,0,1,1,1,FTP-Patator,True
2026-03-15 09:21:01.301422458,80,6,14183.30921857806,15,12,10090,5636,232.68133783536993,171.74671420825769,387.37878966001574,0,1,1,1,0,FTP-Patator,True
2026-03-15 09:21:02.428299762,22,6,28862.864302819333,44,35,8941,3764,139.61327545616712,140.43289361527255,138.33816267732288,1,0,1,1,1,FTP-Patator,True
2026-03-15 09:21:03.569158684,443,6,23222.285383278784,46,32,1121,3200,377.48486600319853,292.30196657843544,172.80711667551742,1,1,1,1,0,FTP-Patator,True
2026-03-15 09:21:04.996916680,443,6,20125.870375007253,38,25,9770,7777,286.72371949080286,218.6290761036008,302.43833933510797,1,0,1,1,1,FTP-Patator,True
2026-03-15 09:21:06.209794321,443,6,41281.3724905517,32,35,961,1665,142.1223209379607,171.49758079408156,280.6822850783837,1,0,1,1,1,FTP-Patator,True
2026-03-15 09:21:07.075822604,80,6,24831.776200115546,53,24,8844,3440,280.9416424070841,140.39248631612938,224.13732106523753,1,0,1,1,1,FTP-Patator,True
2026-03-15 09:21:08.672052149,22,6,14831.454591195123,36,8,5451,7365,208.310101417588,135.45985315903073,216.62017329992977,0,1,1,1,0,FTP-Patator,True
2026-03-15 09:21:09.537069217,443,6,15258.956322609622,59,48,4852,1184,100.99998849599824,80.91014139861872,131.82127112387698,0,1,1,1,1,FTP-Patator,True
2026-03-15 09:21:10.980046841,80,6,21835.70786421188,58,29,4210,5134,128.46428581529165,183.35963421940022,385.7809469758575,0,0,1,1,0,FTP-Patator,True
2026-03-15 09:21:12.280091926,22,6,43687.53105355613,37,12,4773,2235,202.91973647444536,265.0022683624122,214.2579408585013,1,0,1,1,0,FTP-Patator,True
2026-03-15 09:21:13.322194860,22,6,48758.564755574946,17,28,11429,1134,371.90836062469424,289.897950074958,133.0118524053138,1,1,1,1,0,FTP-Patator,True
2026-03-15 09:21:14.196930435,80,6,22644.90030925779,26,32,9428,2359,201.52320999511173,240.4679535556447,347.2571218704508,0,0,1,1,1,FTP-Patator,True
2026-03-15 09:21:15.651682173,22,6,17088.374192908203,25,36,4305,1887,341.2068754828442,150.71200985342625,167.30396461179265,0,0,1,1,1,FTP-Patator,True
2026-03-15 09:21:16.571266273,80,6,41571.28140450542,39,22,7859,4813,341.0279842447097,83.65016292535657,295.62761107749463,1,0,1,1,1,FTP-Patator,True
2026-03-15 09:21:18.173485223,22,6,49359.54598465661,56,22,2791,5324,231.81199900718372,166.3363380046506,157.50655994283665,0,0,1,1,1,FTP-Patator,True
2026-03-15 09:21:19.068789104,21,6,27419.63994432702,26,15,3191,4042,276.1237229292516,208.20793289750034,226.84220574325462,1,1,1,1,0,FTP-Patator,True
2026-03-15 09:21:20.517128893,21,6,4663.7844034741465,34,19,4779,3791,162.48948973081804,186.12832093791008,62.84830155763002,1,0,1,1,1,FTP-Patator,True
2026-03-15 09:21:21.846053804,22,6,47653.67075810468,53,47,8178,3696,156.85564060037956,197.1262143588391,310.11303098330507,1,0,1,1,1,FTP-Patator,True
2026-03-15 09:21:22.608605910,443,6,48618.06010958652,43,29,8527,2436,112.15530123166917,102.91010361146726,322.02838959197453,1,0,1,1,1,FTP-Patator,True
2026-03-15 09:21:23.935714703,22,6,40195.97044980611,31,20,9886,1895,391.7722749600421,277.3181255631987,93.90341132325631,1,1,1,1,1,FTP-Patator,True
2026-03-15 09:21:25.288271272,80,6,23299.178040364397,12,44,1334,5327,211.17188971541242,139.67445067191696,347.8860809993477,1,1,1,1,1,FTP-Patator,True
2026-03-15 09:21:26.351795155,443,6,20646.953364921115,19,23,4474,2804,338.4177579708387,107.42091489450986,217.72264333894114,1,1,1,1,0,FTP-Patator,True
2026-03-15 09:21:27.404891364,22,6,3706.2650199319905,12,25,11533,4991,356.4249257793358,196.21925959796263,143.03456005819658,1,0,1,1,1,FTP-Patator,True
2026-03-15 09:21:28.517442968,80,6,22112.52825380905,11,15,5528,3321,207.58336169968072,168.4784336460634,307.21243787948595,0,0,1,1,0,FTP-Patator,True
2026-03-15 09:21:29.943958886,80,6,14368.193500597243,29,29,3904,1999,122.07321660152054,299.20065246551974,209.32213998725896,1,1,1,1,0,FTP-Patator,True
2026-03-15 09:21:31.289525415,443,6,29257.222445479547,35,12,2567,4542,178.9683309508583,137.47799753513522,147.1549128929633,0,0,1,1,0,FTP-Patator,True
2026-03-15 09:21:32.444390524,21,6,39038.954826254485,12,10,8141,5199,331.7335288036473,176.17723482033648,161.7636355146348,1,0,1,1,0,FTP-Patator,True
2026-03-15 09:21:33.393744743,443,6,31926.802191456172,39,45,5164,1990,373.4303733211772,145.5325114547988,306.3229686792388,0,1,1,1,1,FTP-Patator,True
2026-03-15 09:21:34.770416066,443,6,19118.174336286844,19,24,4261,4936,184.0663647349429,206.00194193074339,360.6688830483191,1,0,1,1,1,FTP-Patator,True
2026-03-15 09:21:35.921682627,21,6,27247.251702401078,42,21,1064,5596,111.0683323540252,171.8332350938391,195.03920183031724,1,1,1,1,1,FTP-Patator,True
2026-03-15 09:21:37.064521441,80,6,41346.98573184922,41,17,7592,5900,324.78521938862025,251.17627907662202,328.17410432868814,0,0,1,1,1,FTP-Patator,True
2026-03-15 09:21:38.537562746,443,6,7950.122758536187,17,32,11742,3678,201.02013840567062,81.89048401840955,189.38628351722818,0,0,1,1,0,FTP-Patator,True
2026-03-15 09:21:39.485791218,443,6,42282.5572370429,51,23,2836,660,291.0630709866182,95.53854212978928,362.9366123466183,0,0,1,1,0,FTP-Patator,True
2026-03-15 09:21:40.824085171,21,6,3110.627092235358,15,42,11040,3798,374.8961747512524,228.8606757163862,54.55690150868904,1,1,1,1,0,FTP-Patator,True
2026-03-15 09:21:42.253934121,443,6,37159.020447197996,23,31,7818,5570,347.2313321311455,285.96029592570113,328.82919811066876,1,0,1,1,0,FTP-Patator,True
2026-03-15 09:21:43.223565589,443,6,28698.921455841075,43,37,1429,1086,225.22397826228064,161.30581925976134,303.5611055089777,1,0,1,1,1,FTP-Patator,True
2026-03-15 09:21:44.470213746,80,6,10140.550444837289,24,32,1744,6876,371.75195591966786,147.85786690598076,336.6082931786005,1,0,1,1,0,FTP-Patator,True
2026-03-15 09:21:45.343947591,22,6,2706.4968379659576,48,30,7808,2370,255.25406494728284,172.04054808569998,118.38613348407988,1,1,1,1,1,FTP-Patator,True
2026-03-15 09:21:46.606880486,22,6,24908.62193409976,11,37,2656,1959,125.04186962855277,200.6918689901829,54.02572028928424,0,1,1,1,1,FTP-Patator,True
2026-03-15 09:21:47.760570719,80,6,20365.98849597831,24,30,8427,3917,178.06358971415995,261.7571908298765,390.439407039426,0,0,1,1,1,FTP-Patator,True
2026-03-15 09:21:49.358887769,443,6,3761.7809337898634,27,19,5232,6849,304.4964892840384,220.95541981589997,264.19975824702226,1,1,1,1,1,FTP-Patator,True
2026-03-15 09:21:50.601552648,443,6,25169.263592273765,49,29,9519,6979,236.72897543637905,153.50440652954848,193.5474770374402,1,0,1,1,0,FTP-Patator,True
2026-03-15 09:21:51.411873175,443,6,6888.410756724719,56,11,2117,4789,309.42220298474604,214.99473607838985,304.4154737162948,1,1,1,1,1,FTP-Patator,True
2026-03-15 09:21:52.631563050,443,6,38768.03293407826,45,30,3392,4201,332.4810604165259,101.75094127862126,136.4750889608727,1,0,1,1,1,FTP-Patator,True
2026-03-15 09:21:53.893924373,80,6,38030.85542565702,47,9,9014,4043,328.76802363645845,227.18220191337508,238.17787079819593,0,1,1,1,0,FTP-Patator,True
2026-03-15 09:21:55.254646570,80,6,6050.98777365611,17,14,9589,5258,175.5138421018141,197.26688454996363,381.26361944670447,1,0,1,1,0,FTP-Patator,True
2026-03-15 09:21:56.473077716,80,6,10749.32687380618,19,46,3055,1870,116.3848529902241,111.40002969891165,113.87324499438779,1,1,1,1,0,FTP-Patator,True
2026-03-15 09:21:57.712052375,21,6,22992.103803200735,17,41,10922,6950,385.24938123682,107.9134054631007,296.9390066800927,1,0,1,1,1,FTP-Patator,True
2026-03-15 09:21:59.043115653,443,6,35455.28763379016,22,35,3564,2196,199.70834087239913,201.82725058241755,98.44716885546065,0,1,1,1,0,FTP-Patator,True
2026-03-15 09:21:59.877024084,80,6,10884.814764764298,10,38,1645,909,328.0993137753168,252.94024305002984,74.97364485710577,1,0,1,1,0,FTP-Patator,True
2026-03-15 09:22:01.295255393,22,6,39642.23820919341,52,48,3739,2609,333.0289706191995,155.25102206333193,324.59648841021794,1,0,1,1,1,FTP-Patator,True
2026-03-15 09:22:02.435833707,443,6,48596.012895126165,44,31,4861,6935,348.29234300259304,188.57818185546543,225.2851662424049,1,0,1,1,0,FTP-Patator,True
2026-03-15 09:22:03.483502344,443,6,3986.007982583956,41,20,1678,2208,138.70883933730838,227.9770973393202,188.4943562037901,0,0,1,1,0,FTP-Patator,True
2026-03-15 09:22:05.044449111,21,6,22491.782975282844,39,25,11263,1453,329.551812407997,153.71235666301683,314.06780633520043,1,1,1,1,1,FTP-Patator,True
2026-03-15 09:22:05.757290047,80,6,45975.35049171342,54,44,4143,7398,271.9500880461255,129.27672238301392,254.75954678577378,1,1,1,1,1,FTP-Patator,True
2026-03-15 09:22:07.327200616,22,6,40607.850902800994,32,16,6271,3444,229.46111800425817,146.56569730401782,204.6774524880382,1,0,1,1,1,FTP-Patator,True
2026-03-15 09:22:08.536724227,80,6,11635.91097012126,46,36,4312,1144,100.47777409591986,131.2698310171271,120.8259622188747,1,1,1,1,1,FTP-Patator,True
2026-03-15 09:22:09.849195916,22,6,33823.359392869716,45,34,10056,7038,105.29285795065348,269.9295031436617,214.6483393873796,1,1,1,1,0,FTP-Patator,True
2026-03-15 09:22:10.811148355,80,6,46787.501182351814,13,10,2721,5501,304.44737012900885,264.8287198108018,215.00547550712855,0,0,1,1,0,FTP-Patator,True
2026-03-15 09:22:11.892973402,80,6,19106.542339077456,32,17,7927,2407,134.66631152925362,90.5864800070988,361.7350016311246,1,0,1,1,0,FTP-Patator,True
2026-03-15 09:22:13.396644401,80,6,7493.814441557825,25,19,8676,6703,137.90217749338257,102.9452796502924,245.34802522984026,1,0,1,1,1,FTP-Patator,True
2026-03-15 09:22:14.562486169,80,6,44780.26466925219,55,24,6040,7126,272.0151165145516,283.323672095265,288.3022376086865,1,0,1,1,0,FTP-Patator,True
2026-03-15 09:22:15.600189368,22,6,23500.358279702716,43,45,4764,849,285.3980996027108,163.14443908204206,191.27073503749386,1,0,1,1,1,FTP-Patator,True
2026-03-15 09:22:16.960714425,80,6,38445.50708712472,25,39,1831,6325,147.3618921218675,128.3614058546062,247.57343773492798,1,0,1,1,1,FTP-Patator,True
2026-03-15 09:22:17.860725361,22,6,34418.91812357624,24,48,5087,6523,267.8118937045655,181.2823827676744,381.31333862514447,1,0,1,1,0,FTP-Patator,True
2026-03-15 09:22:19.253703798,22,6,42586.65238150113,24,42,3566,2198,318.4116925245091,265.05492953595717,374.7030019946969,1,0,1,1,1,FTP-Patator,True
2026-03-15 09:22:20.619110072,21,6,10940.94598529078,17,16,8534,7232,354.65103418155013,141.3750067165522,183.14656927655065,1,0,1,1,0,FTP-Patator,True
2026-03-15 09:22:21.490790702,21,6,21567.43954176439,20,25,4872,5681,204.09696140919775,180.82876426557817,162.47576705801995,1,0,1,1,0,FTP-Patator,True
2026-03-15 09:22:22.790129989,80,6,22593.08595626353,48,10,1312,7486,204.63900476925684,246.66030396290432,367.4251042094321,0,0,1,1,0,FTP-Patator,True
2026-03-15 09:22:24.270626912,80,6,28192.048764234474,54,48,4282,6458,110.64890229388439,207.05296311429936,296.0931905557778,1,0,1,1,1,FTP-Patator,True
2026-03-15 09:22:25.378927105,21,6,43546.055497933296,39,24,1486,6136,360.83578266713164,163.7252065525031,106.25792970753857,1,0,1,1,0,FTP-Patator,True
2026-03-15 09:22:26.632223412,443,6,42932.78660520546,51,10,8050,6918,380.6399541529512,231.01620138550473,369.0731289082555,1,0,1,1,1,FTP-Patator,True
2026-03-15 09:22:27.531148236,443,6,49224.52636433177,53,19,2917,5243,166.05966061703157,166.62617130383097,268.4204784625754,0,1,1,1,0,FTP-Patator,True
2026-03-15 09:22:29.097903155,22,6,34860.41243906047,16,40,11355,5251,231.32713526008774,107.75110816955728,122.4524376819366,1,0,1,1,1,FTP-Patator,True
2026-03-15 09:22:29.791539362,21,6,14673.846656680495,47,40,8350,1957,372.1737272023242,168.0326396687978,69.41079181691688,0,0,1,1,1,FTP-Patator,True
2026-03-15 09:22:31.211262349,22,6,23608.53563112308,35,38,9455,4040,302.9926891093354,128.0195336252644,345.866579840118,1,0,1,1,0,FTP-Patator,True
2026-03-15 09:22:32.387564029,21,6,36720.36519938014,36,35,1896,5200,252.8161617216832,108.39342616973917,301.8171865081813,0,0,1,1,0,FTP-Patator,True
2026-03-15 09:22:33.779059314,443,6,41948.51036025783,26,16,5909,2907,368.85752940529176,202.85835908494096,330.45677237023784,1,1,1,1,0,FTP-Patator,True
2026-03-15 09:22:35.045170663,22,6,7724.355386913869,32,26,6110,1067,190.21508137693058,125.8634758874729,63.52690652086292,1,0,1,1,0,FTP-Patator,True
2026-03-15 09:22:36.138683626,21,6,45803.801651108355,46,48,7752,4586,149.93828322806954,248.97949062558317,193.01267670357308,1,1,1,1,1,FTP-Patator,True
2026-03-15 09:22:37.276089741,443,6,4871.273268831917,51,24,5113,6260,260.4850297244535,155.17185201996222,64.18587059998453,0,0,1,1,0,FTP-Patator,True
2026-03-15 09:22:38.356457514,21,6,40382.00161431841,21,10,8902,1885,156.3983142242044,270.2666403994284,371.69939739953276,1,1,1,1,1,FTP-Patator,True
2026-03-15 09:22:39.606195550,21,6,9128.149343371464,26,14,3740,907,261.55767241513394,128.68031017298978,249.08422271092638,0,0,1,1,1,FTP-Patator,True
2026-03-15 09:22:40.805580187,22,6,19616.316013550422,46,18,1564,3797,251.00736088937302,136.62033307656668,321.7377865930955,1,0,1,1,0,FTP-Patator,True
2026-03-15 09:22:41.712221084,21,6,6035.463487243302,48,41,11318,997,323.8917382560181,169.14585434078714,199.1224062462623,1,0,1,1,1,FTP-Patator,True
2026-03-15 09:22:43.201827482,21,6,36495.57536982005,14,16,10921,728,266.4575857029839,221.01526299658443,96.46620956338344,1,0,1,1,1,FTP-Patator,True
2026-03-15 09:22:44.613582480,21,6,29265.069499908197,46,25,8197,6094,319.54691681814126,126.30473613516412,58.9665138848807,0,1,1,1,0,FTP-Patator,True
2026-03-15 09:22:45.725564406,80,6,19705.382262371182,20,33,5091,1427,235.00897112792885,145.5802637294785,154.81933911023228,1,1,1,1,1,FTP-Patator,True
2026-03-15 09:22:46.977425173,22,6,11144.801791326468,53,49,1495,1243,304.75867275287743,243.5516783396449,143.51160232627785,0,1,1,1,1,FTP-Patator,True
2026-03-15 09:22:47.934290993,80,6,36929.00341836197,58,34,11212,2830,249.40322028769282,287.8416056417464,336.596202572068,0,0,1,1,0,FTP-Patator,True
2026-03-15 09:22:49.217383942,80,6,47503.28481939537,31,36,7582,3939,387.9613777216783,153.99736688429545,205.45115262619305,1,0,1,1,0,FTP-Patator,True
2026-03-15 09:22:50.120090141,443,6,5337.3967426734625,39,14,11228,7729,196.28918543767486,110.72976560612301,172.83348176434168,1,1,1,1,0,FTP-Patator,True
2026-03-15 09:22:51.529798765,22,6,10524.645060878636,47,13,8458,4847,135.07991857757145,99.3873296577032,310.3768082120889,1,0,1,1,1,FTP-Patator,True
2026-03-15 09:22:52.784649626,80,6,4349.851188318084,47,43,7908,1475,222.73514282952002,158.37004059024804,301.41926795683815,1,1,1,1,0,FTP-Patator,True
2026-03-15 09:22:53.853125339,22,6,27981.22136242789,11,46,1664,3841,272.891176775586,227.51106550406024,369.3090587666976,1,1,1,1,1,FTP-Patator,True
2026-03-15 09:22:54.918744587,443,6,45148.86319762538,59,36,2198,7214,198.57286360565325,171.18286889255614,275.87060538449686,0,1,1,1,0,FTP-Patator,True
2026-03-15 09:22:56.514244865,80,6,41323.19685825173,33,23,10378,969,279.6344365700095,244.95161957747,265.84628102088334,1,1,1,1,0,FTP-Patator,True
2026-03-15 09:22:57.561052650,80,6,12766.880878060058,10,49,3316,3958,168.7297699606961,160.2664407002489,208.78117424901873,1,1,1,1,1,FTP-Patator,True
2026-03-15 09:22:58.749406915,80,6,14757.988412222941,29,22,2073,923,225.85722847810922,209.61044172120287,382.30137489660655,0,0,1,1,0,FTP-Patator,True
2026-03-15 09:22:59.849992052,22,6,49801.77107732613,38,43,4956,3650,117.47105040110654,205.63907859486835,123.52488279321261,0,1,1,1,0,FTP-Patator,True
2026-03-15 09:23:01.222698239,22,6,6855.264359692565,48,17,10001,1617,286.85931978824647,138.75452175038498,284.84697154873277,1,0,1,1,0,FTP-Patator,True
2026-03-15 09:23:02.362816068,80,6,27172.634891198275,43,33,8873,7054,340.61999931560604,200.94297883292208,334.6697729507976,1,1,1,1,1,FTP-Patator,True
2026-03-15 09:23:03.584390683,80,6,14197.638776712449,21,38,4043,1576,373.3280032263543,156.02007341829898,217.09966631051458,0,1,1,1,1,FTP-Patator,True
2026-03-15 09:23:04.848522809,443,6,11019.43737714524,33,41,8570,7916,388.00174722438845,148.45428398838658,251.50313103456725,0,1,1,1,1,FTP-Patator,True
2026-03-15 09:23:05.703794788,22,6,48815.097466584455,17,20,10616,4500,105.51611589671522,249.5807494968274,108.27507521045561,1,1,1,1,0,FTP-Patator,True
2026-03-15 09:23:07.444617542,80,6,40678.18011275248,49,32,6750,3590,128.26461491346492,178.73861584469387,344.40077657495925,0,1,1,1,0,FTP-Patator,True
2026-03-15 09:23:08.142652438,80,6,2614.037944825638,31,22,10902,4304,387.6963845894673,235.15108735220804,253.36257349322358,1,0,1,1,0,FTP-Patator,True
2026-03-15 09:23:09.570554848,22,6,30535.21725598192,48,20,3252,5649,180.16322150840097,202.95326592872235,349.683542635888,0,1,1,1,1,FTP-Patator,True
2026-03-15 09:23:10.624423725,443,6,17223.12692408667,59,16,10354,7006,239.92052676939528,148.4980779993947,53.63351386734666,0,0,1,1,1,FTP-Patator,True
2026-03-15 09:23:12.014269421,22,6,15270.356719309133,35,21,11206,6888,148.86347976320923,287.97598334324334,188.7509895510886,1,1,1,1,0,FTP-Patator,True
2026-03-15 09:23:13.068138065,22,6,27378.573234909534,22,44,2377,2495,368.2876422791882,122.12566070465152,349.0382459376903,1,0,1,1,1,FTP-Patator,True
2026-03-15 09:23:14.616003898,21,6,10303.747636742059,20,37,8767,3992,141.08327526793465,245.33904379947074,164.4193553147365,1,0,1,1,1,FTP-Patator,True
2026-03-15 09:23:15.537815900,443,6,28012.397265296346,36,11,4024,2666,219.3767943094292,205.8447157694965,109.3251560865003,1,0,1,1,0,FTP-Patator,True
2026-03-15 09:23:16.883253333,21,6,46949.639358189634,35,9,2790,4455,213.1582285247531,213.66951784684397,262.6711393767446,1,0,1,1,1,FTP-Patator,True
2026-03-15 09:23:17.849327836,21,6,26085.56531931718,30,40,3206,3537,349.4292046204032,252.6313435551882,83.35202336924209,0,0,1,1,1,FTP-Patator,True
2026-03-15 09:23:18.911643690,22,6,20997.66342525027,23,47,7277,4038,227.90747586619227,178.81636150100036,164.84578158586896,0,0,1,1,1,FTP-Patator,True
2026-03-15 09:23:20.342492721,80,6,48792.83675005518,17,42,9920,2862,153.5048966317366,192.02203303869777,83.11364011630113,1,1,1,1,1,FTP-Patator,True
2026-03-15 09:23:21.621891893,80,6,21622.920795534854,52,9,4319,2275,276.3695871388147,273.3120645476861,163.8194557244749,1,0,1,1,0,FTP-Patator,True
2026-03-15 09:23:22.775728290,443,6,27971.5411744445,28,11,11360,3374,260.0287251119278,111.95296159618772,313.7774564623835,0,1,1,1,0,FTP-Patator,True
2026-03-15 09:23:24.277208618,443,6,21219.965313981553,44,44,9649,4505,214.01277779623592,226.03642752629617,185.76732146934904,1,0,1,1,1,FTP-Patator,True
2026-03-15 09:23:25.324103504,80,6,31517.171651686334,18,46,8686,602,148.2859118119479,188.68439506032274,284.3779653958212,0,0,1,1,1,FTP-Patator,True
2026-03-15 09:23:26.697401880,21,6,20245.783379486747,26,14,3474,5648,185.61851568940546,115.43261033825519,183.3585224529891,0,0,1,1,0,FTP-Patator,True
2026-03-15 09:23:27.477036054,21,6,45949.18131069956,11,20,2812,1995,328.6096740737055,258.58405598631236,247.0521862504522,1,1,1,1,1,FTP-Patator,True
2026-03-15 09:23:28.973431967,443,6,20799.794831932202,29,48,827,2511,140.44502825260702,134.40136249616643,374.12472860072086,1,0,1,1,0,FTP-Patator,True
2026-03-15 09:23:30.033335080,21,6,30128.1820078881,16,23,1125,6533,391.86427279041317,188.7366423178214,112.0927296287762,1,0,1,1,0,FTP-Patator,True
2026-03-15 09:23:31.267056212,21,6,19756.01814770091,45,11,3430,3674,155.75196934367332,88.63981355621604,224.16848554536432,0,1,1,1,1,FTP-Patator,True
2026-03-15 09:23:32.691511920,80,6,47534.64205947788,27,14,805,7496,133.5507311708392,157.96994154841713,79.51655362962266,1,0,1,1,1,FTP-Patator,True
2026-03-15 09:23:33.692392319,80,6,20276.57193827662,48,10,9640,2469,144.46871133287013,181.16780515522942,298.61214259775295,0,1,1,1,0,FTP-Patator,True
2026-03-15 09:23:35.039290135,22,6,34698.1107930277,59,12,1816,3481,239.51454287972066,183.05766189080066,145.63279434716154,1,0,1,1,0,FTP-Patator,True
2026-03-15 09:23:36.135450140,21,6,44946.127425217695,16,48,2263,780,175.57032714664888,215.5300411059145,171.0154302501624,0,1,1,1,1,FTP-Patator,True
2026-03-15 09:23:36.976431673,22,6,8365.755182730125,32,37,1539,7184,391.2515694634783,145.5818867138311,324.5516264974717,1,1,1,1,1,FTP-Patator,True
2026-03-15 09:23:38.519654226,21,6,45809.74133770627,45,23,2063,2316,275.7253860824063,158.5873515821924,245.25019996795393,1,1,1,1,1,FTP-Patator,True
2026-03-15 09:23:39.590589353,21,6,9736.965706972012,12,9,2353,7050,235.45655904622978,219.84847303646194,75.5298702844198,1,0,1,1,1,FTP-Patator,True
2026-03-15 09:23:41.051278795,443,6,5993.629152668276,13,22,4644,1612,395.33450179274587,179.29052767197783,214.0946793813589,0,0,1,1,0,FTP-Patator,True
2026-03-15 09:23:42.184100668,21,6,32149.438914640243,13,49,3624,3038,342.4125658004494,292.4104049498582,388.7881481983446,1,1,1,1,0,FTP-Patator,True
2026-03-15 09:23:42.962480812,80,6,33818.5314891788,39,36,3234,5302,208.42857529827592,94.4551953502072,209.79223264559843,1,1,1,1,1,FTP-Patator,True
2026-03-15 09:23:44.180349386,22,6,31084.03870893902,28,8,5418,624,150.73599322585676,280.92543054593654,349.9919915657124,1,0,1,1,1,FTP-Patator,True
2026-03-15 09:23:45.341766601,80,6,6661.764639590887,13,27,7755,4666,394.38982315175457,256.5590312444277,378.37665313909474,1,1,1,1,1,FTP-Patator,True
2026-03-15 09:23:46.795946924,80,6,27232.526923251797,48,32,2745,7268,131.39943701046076,204.38394912507084,187.29210680165667,1,1,1,1,0,FTP-Patator,True
2026-03-15 09:23:47.748463055,80,6,27727.417423374052,44,27,2899,5564,108.0036691214722,261.05701419594163,367.2700942002058,0,0,1,1,0,FTP-Patator,True
2026-03-15 09:23:49.334207001,80,6,39047.7136460399,56,10,7695,4604,216.46359076405548,245.19096848315195,273.69599088019834,1,0,1,1,1,FTP-Patator,True
2026-03-15 09:23:50.431415148,22,6,22150.723870548612,33,15,1083,6021,210.96037269307607,207.3264956060488,285.62116772858326,1,0,1,1,1,FTP-Patator,True
2026-03-15 09:23:51.801531010,22,6,38289.872022453026,18,21,3461,4659,225.56301876490073,167.39480712549965,71.93856691957448,0,0,1,1,1,FTP-Patator,True
2026-03-15 09:23:52.667877473,80,6,5024.04201078981,19,29,7746,1618,117.15026342454566,244.00047591640208,87.97492714156533,0,1,1,1,1,FTP-Patator,True
2026-03-15 09:23:54.011484470,443,6,28846.405645653856,17,14,8566,4737,118.68150400751458,166.77470914909574,296.55770815295625,1,1,1,1,0,FTP-Patator,True
2026-03-15 09:23:54.970487811,80,6,47901.5558277002,47,36,10964,739,129.5787394181245,192.9403430651677,233.42134555354963,1,0,1,1,1,FTP-Patator,True
2026-03-15 09:23:56.630766001,21,6,11777.487538921529,37,47,9412,1494,371.2219510704872,275.9504998302779,67.66815595640608,1,0,1,1,0,FTP-Patator,True
2026-03-15 09:23:57.405002977,443,6,46348.76681984463,30,10,5267,5109,257.37811495834814,170.11687255011663,56.65438334211566,0,0,1,1,1,FTP-Patator,True
2026-03-15 09:23:58.561417350,21,6,32783.6956484136,42,38,10348,2138,341.5042290761135,170.42799292012597,67.21339197014659,1,1,1,1,1,FTP-Patator,True
2026-03-15 09:23:59.823030359,443,6,2670.829585280618,12,13,7126,6242,294.23819178433246,81.21911132795371,273.306847867648,1,0,1,1,1,FTP-Patator,True
2026-03-15 09:24:01.383738893,443,6,29669.661046053963,30,38,10820,1821,134.83796887643626,193.1921924915133,234.75418760581732,1,1,1,1,1,FTP-Patator,True
2026-03-15 09:24:02.163488716,22,6,10399.910263741791,43,43,5482,6254,255.59324020621045,146.9316355109213,380.4944336605596,0,1,1,1,1,FTP-Patator,True
2026-03-15 09:24:03.668656496,80,6,30616.550839317824,41,13,7851,4772,126.38181656302294,285.024079594725,149.96191300122877,1,1,1,1,0,FTP-Patator,True
2026-03-15 09:24:04.947708780,443,6,36312.24137395067,37,46,3121,7266,246.2951747450467,198.04283649347613,203.6693136799111,0,0,1,1,0,FTP-Patator,True
2026-03-15 09:24:06.150648696,21,6,13983.748228267526,30,27,7873,3527,230.61741124502265,80.05082225345772,292.4462138729756,0,0,1,1,1,FTP-Patator,True
2026-03-15 09:24:07.014036531,22,6,49590.93022939648,59,10,7432,6649,350.4501463727608,223.07171744113958,395.1679829234264,1,0,1,1,0,FTP-Patator,True
2026-03-15 09:24:08.136974399,22,6,11331.311246158728,50,36,11031,7953,242.68775431786668,86.40084367825017,189.83733420140462,0,1,1,1,0,FTP-Patator,True
2026-03-15 09:24:09.569283830,80,6,23972.630791245978,15,18,6869,2088,210.39449374752036,277.3372185664309,259.51087674390493,0,0,1,1,0,FTP-Patator,True
2026-03-15 09:24:10.621491207,80,6,23092.53611651168,23,26,2511,1023,115.98175746553014,93.36883398745255,306.8749968628901,1,0,1,1,0,FTP-Patator,True
2026-03-15 09:24:12.119562485,443,6,5318.687000904378,57,27,2918,1616,170.7716753912755,114.87702472105416,390.66702757668287,1,1,1,1,1,FTP-Patator,True
2026-03-15 09:24:13.114015679,22,6,10978.122895054827,24,45,6869,7871,275.895068519638,278.71198389701135,335.64258813666436,1,0,1,1,1,FTP-Patator,True
2026-03-15 09:24:14.369612364,443,6,20477.18963036155,37,49,1326,5458,129.3963747189975,168.91140787151278,59.59346526385091,0,1,1,1,0,FTP-Patator,True
2026-03-15 09:24:15.368090959,21,6,46796.05328268546,28,15,2035,3253,301.3630744650543,297.7718293457915,294.94447298919744,1,0,1,1,0,FTP-Patator,True
2026-03-15 09:24:16.840530171,443,6,27114.359124146486,54,15,2702,689,327.59669742841425,114.7509097205757,224.18458297194286,0,0,1,1,0,FTP-Patator,True
2026-03-15 09:24:17.811314513,21,6,7668.030310305187,16,35,7761,1829,325.60411488987404,194.68781534586054,171.27313193888074,1,0,1,1,0,FTP-Patator,True
2026-03-15 09:24:19.307391396,21,6,27184.260115175384,25,9,1967,5979,206.93666353609177,125.05338192636917,52.81792188857723,0,0,1,1,0,FTP-Patator,True
2026-03-15 09:24:20.142701293,80,6,9358.824307814935,23,30,10556,2038,386.39915758023926,204.25581339128945,328.8177823942592,1,0,1,1,0,FTP-Patator,True
2026-03-15 09:24:21.885536755,21,6,31935.607374529227,30,41,10998,1616,128.96440554178045,237.3655688822695,50.13734019302964,1,1,1,1,1,FTP-Patator,True
2026-03-15 09:24:22.910716187,21,6,6349.961894520634,16,16,2829,4682,198.1894753962667,266.08283457931543,210.41808941645814,1,0,1,1,1,FTP-Patator,True
2026-03-15 09:24:23.809037740,22,6,23625.48051213155,27,28,3838,4032,351.41884209021396,84.52218360754418,130.82068008194648,1,1,1,1,0,FTP-Patator,True
2026-03-15 09:24:24.908456787,80,6,15736.77127759084,41,39,4081,4731,216.68436344384656,92.19341265507613,278.5564309754172,0,0,1,1,1,FTP-Patator,True
2026-03-15 09:24:26.300677735,80,6,14157.188026950458,33,14,3198,3081,367.46277531161564,295.59447615567814,331.144424712935,1,1,1,1,0,FTP-Patator,True
2026-03-15 09:24:27.391687958,80,6,44344.99890264513,38,26,9928,5005,150.97705092785748,189.38374408122758,169.52269127288832,1,0,1,1,1,FTP-Patator,True
2026-03-15 09:24:28.631046799,21,6,18750.24145761367,51,19,9019,3920,204.489926111013,279.77271689079794,106.4407566468775,1,0,1,1,1,FTP-Patator,True
2026-03-15 09:24:30.223650155,80,6,36624.23150908663,32,27,4576,1172,154.0500294711074,116.29105463698761,316.5445273271063,1,0,1,1,0,FTP-Patator,True
2026-03-15 09:24:31.261922796,22,6,33319.55792480355,25,34,4500,2749,308.4901637000651,133.37299729033754,163.3396933396565,1,1,1,1,0,FTP-Patator,True
2026-03-15 09:24:32.205874591,443,6,19212.326117068467,31,33,4771,3001,186.86570716563511,175.02830877667762,117.41453442172181,1,1,1,1,1,FTP-Patator,True
2026-03-15 09:24:33.633995640,21,6,16085.371737326741,33,23,5082,1035,279.5639929321362,109.63780618371348,161.36136842912077,0,0,1,1,1,FTP-Patator,True
2026-03-15 09:24:34.653468392,21,6,49651.50863265686,45,36,1634,2406,222.29732237329506,218.14787327016538,353.5867805075385,1,0,1,1,1,FTP-Patator,True
2026-03-15 09:24:36.285720518,21,6,19967.69410613228,19,32,11605,5251,177.03197470604567,240.27909612189964,165.33177565440195,0,1,1,1,1,FTP-Patator,True
2026-03-15 09:24:36.919654338,443,6,16119.669647636654,29,40,3482,833,261.93519326605485,295.948432472592,325.9674342959556,1,0,1,1,1,FTP-Patator,True
2026-03-15 09:24:38.539391053,22,6,11221.800039541387,58,38,1354,6127,255.0619970801751,133.94803699243164,265.7962376338829,1,1,1,1,0,FTP-Patator,True
2026-03-15 09:24:39.763798215,22,6,40543.0305455031,16,48,5415,4296,159.77577478429063,275.88361604057803,190.8191652510466,1,0,1,1,0,FTP-Patator,True
2026-03-15 09:24:40.540297658,22,6,35263.31358760007,37,29,11452,6652,181.41955498505206,202.5771141060479,74.82251659360881,0,0,1,1,0,FTP-Patator,True
2026-03-15 09:24:41.803121618,80,6,5615.56282193096,10,8,9452,1945,347.66216970351906,157.308745128328,365.8582182992776,1,1,1,1,0,FTP-Patator,True
2026-03-15 09:24:43.130583995,80,6,24479.83181182391,27,10,5633,7230,171.66665517798458,216.44780956928403,286.7889446941466,1,0,1,1,1,FTP-Patator,True
2026-03-15 09:24:44.620892895,21,6,33846.43002246617,27,37,8055,6601,275.1626383982996,163.35226420250547,171.76126972631948,0,0,1,1,1,FTP-Patator,True
2026-03-15 09:24:45.622199963,443,6,30467.122496325832,41,35,3306,730,154.1234046534046,155.025073693654,254.571259240118,0,0,1,1,0,FTP-Patator,True
2026-03-15 09:24:46.893184110,80,6,9869.665636877764,53,22,4656,5726,180.22765579610322,84.41769891083132,189.6675659056823,0,1,1,1,1,FTP-Patator,True
2026-03-15 09:24:48.169807701,22,6,31423.64106836015,43,21,8982,1391,295.3442658891414,172.339975246752,200.44005901831898,1,1,1,1,0,FTP-Patator,True
2026-03-15 09:24:49.396873673,22,6,46983.25104409247,31,30,5755,4205,250.46419981084654,251.46029356522834,388.6397605138299,1,0,1,1,1,FTP-Patator,True
2026-03-15 09:24:50.385770725,22,6,33376.484427849166,25,30,11991,4689,241.8236430598594,155.28059214572616,208.45728373999827,1,1,1,1,0,FTP-Patator,True
2026-03-15 09:24:51.605275883,443,6,40868.504990095564,31,25,7593,5422,376.8486970180258,210.25913451849223,265.89052068729177,0,0,1,1,1,FTP-Patator,True
2026-03-15 09:24:52.930803514,21,6,31238.62749123788,28,42,5103,7500,339.0271365368435,265.9311538735755,388.8112698850347,0,0,1,1,0,FTP-Patator,True
2026-03-15 09:24:53.858005415,21,6,46645.311450918656,56,33,2858,7425,367.099915294928,133.96235265338532,199.73870834335852,1,0,1,1,1,FTP-Patator,True
2026-03-15 09:24:55.412693841,443,6,39076.962104291735,18,22,3349,7917,160.8136469911364,195.9583712719848,283.72111209675097,1,1,1,1,1,FTP-Patator,True
2026-03-15 09:24:56.112472094,80,6,9551.77443894383,37,23,2693,2923,188.6505199457683,126.58551505341472,115.00150461506543,1,1,1,1,0,FTP-Patator,True
2026-03-15 09:24:57.417462961,80,6,12922.304608424956,49,37,6642,2329,181.33310056570875,170.35269244091572,296.7655049500253,1,1,1,1,0,FTP-Patator,True
2026-03-15 09:24:58.980119965,21,6,29448.77568163056,49,12,4374,1471,192.67107047444307,103.09488958437284,321.41053552351553,1,1,1,1,0,FTP-Patator,True
2026-03-15 09:24:59.904154927,21,6,27117.996173197113,21,10,1718,5546,106.56445170734852,280.5274761766989,200.93362465052255,0,0,1,1,1,FTP-Patator,True
2026-03-15 09:25:00.989899699,21,6,11117.55762945491,54,17,8179,7868,356.172892826045,200.67607174240732,115.10439598413268,0,1,1,1,1,FTP-Patator,True
2026-03-15 09:25:02.212052853,22,6,3246.457464019608,27,39,2323,6529,294.6245041642329,158.93205160835953,257.1855244355339,1,1,1,1,0,FTP-Patator,True
2026-03-15 09:25:03.618453841,80,6,47672.2105188178,47,8,2975,4716,166.99295641517256,235.65452745551377,246.63189962900378,0,0,1,1,1,FTP-Patator,True
2026-03-15 09:25:05.007708917,443,6,4024.2677424083463,31,28,3115,3000,156.54707131986683,180.92788171547724,152.91412134275924,1,0,1,1,1,FTP-Patator,True
2026-03-15 09:25:05.742390429,443,6,32574.885256159963,39,29,1777,7708,310.95497748166224,231.54166088446993,291.66810598186566,1,1,1,1,1,FTP-Patator,True
2026-03-15 09:25:06.918288545,443,6,48984.83217672073,54,30,6210,1116,187.07927274626027,265.99533489181806,298.737439034545,1,1,1,1,1,FTP-Patator,True
2026-03-15 09:25:08.379100881,80,6,6567.011676214887,35,33,2910,3388,252.42761599966363,151.845939539332,150.53683683382815,1,0,1,1,0,FTP-Patator,True
2026-03-15 09:25:09.873712449,80,6,5590.510608564003,48,47,4083,2477,153.27604029087573,265.39184316328084,285.8645012157498,1,0,1,1,0,FTP-Patator,True
2026-03-15 09:25:10.667405882,22,6,33632.580349372336,12,38,3523,4584,241.2169451711265,129.17537031970892,79.39920000585263,0,1,1,1,0,FTP-Patator,True
2026-03-15 09:25:12.275502323,21,6,26379.49872675601,45,13,5805,7064,154.97796387473556,295.5263119978506,165.57922587451165,1,0,1,1,0,FTP-Patator,True
2026-03-15 09:25:13.432608705,80,6,25966.857835951505,17,20,2798,3179,230.58633608374862,263.9624603511243,225.01766813601765,0,0,1,1,1,FTP-Patator,True
2026-03-15 09:25:14.269881045,21,6,33090.980119184016,14,19,3164,1635,207.10591900204426,294.97904641630697,242.94531536425896,0,1,1,1,0,FTP-Patator,True
2026-03-15 09:25:15.790168838,22,6,46479.082556192916,23,22,8478,7136,342.7615914072355,121.0935177829011,386.8047233079169,1,1,1,1,0,FTP-Patator,True
2026-03-15 09:25:16.911520381,22,6,5871.292648874519,43,24,11116,1599,315.0124628872326,256.3369463193783,389.35145642018176,1,1,1,1,1,FTP-Patator,True
2026-03-15 09:25:18.007093433,21,6,29679.038728528794,55,9,7503,7798,234.69126547422047,255.29341903121994,182.04985428158457,1,0,1,1,1,FTP-Patator,True
2026-03-15 09:25:19.153749685,22,6,26084.75379893723,20,25,2532,1441,263.78951983454317,110.06312031094362,294.38930995089856,1,1,1,1,1,FTP-Patator,True
2026-03-15 09:25:20.589301653,22,6,8762.430691210737,59,34,9625,5767,327.80623955229834,236.06829066572,270.0807959275999,1,1,1,1,1,FTP-Patator,True
2026-03-15 09:25:21.775847659,21,6,41165.93394835077,17,8,8203,7927,188.2621173254084,112.92517484012453,323.25256369294544,0,0,1,1,1,FTP-Patator,True
2026-03-15 09:25:22.954161801,80,6,2836.6664718900533,22,33,5150,1485,172.43446022633862,298.58508595005605,246.0953703453621,1,0,1,1,1,FTP-Patator,True
2026-03-15 09:25:24.298953570,80,6,15980.503117380344,11,43,3972,7162,385.63050053859655,191.02941425119633,257.540066432196,1,0,1,1,1,FTP-Patator,True
2026-03-15 09:25:25.187107476,21,6,34111.701429923705,32,13,11562,4017,100.44211529519926,228.44350405149922,233.25423535776906,1,1,1,1,0,FTP-Patator,True
2026-03-15 09:25:26.584153786,21,6,45156.362617344574,14,41,6535,6146,271.23673001465113,182.60834522844792,264.99384700085216,1,1,1,1,0,FTP-Patator,True
2026-03-15 09:25:27.817487020,22,6,12242.43025199601,57,48,2617,4887,270.0003347306538,87.33267820071474,371.4355060557371,1,1,1,1,0,FTP-Patator,True
2026-03-15 09:25:28.626961548,443,6,12083.619361907646,26,36,5044,2872,224.43337233115858,261.962119436536,314.34388613860074,0,0,1,1,1,FTP-Patator,True
2026-03-15 09:25:29.725239865,443,6,31343.7887502734,18,19,3828,6987,266.8495878562809,295.601934069525,279.46901898862654,1,0,1,1,1,FTP-Patator,True
2026-03-15 09:25:31.142849041,443,6,21696.947175656995,59,18,2625,1816,196.71170313675015,155.2353413570198,199.05209522428967,0,0,1,1,1,FTP-Patator,True
2026-03-15 09:25:32.614042010,21,6,13159.72136060897,37,36,6109,881,293.1429240637302,286.2540302573408,148.820517156571,1,0,1,1,0,FTP-Patator,True
2026-03-15 09:25:33.473461968,443,6,19045.25376427347,10,24,4270,766,188.35310116933056,261.0808391793071,152.00980906191887,0,0,1,1,1,FTP-Patator,True
2026-03-15 09:25:34.920006092,80,6,44658.90992635711,15,42,4018,4481,393.4873954756037,145.23359892190163,399.81212335657136,1,0,1,1,0,FTP-Patator,True
2026-03-15 09:25:35.704408883,80,6,24748.90016223572,39,24,1362,6385,247.54600297239844,225.924571724766,383.567526414583,1,0,1,1,1,FTP-Patator,True
2026-03-15 09:25:37.113218659,22,6,35505.594387059784,21,43,10198,6114,316.15348885468256,178.40045761557948,354.1324101015623,1,0,1,1,1,FTP-Patator,True
2026-03-15 09:25:38.469310016,80,6,11747.205488920265,25,22,8067,604,386.4152284615626,294.76866436251737,193.0758054087087,0,0,1,1,1,FTP-Patator,True
2026-03-15 09:25:39.377854314,80,6,21002.594790511306,11,22,3154,5196,117.19414762598464,222.2866216343669,356.5127327363365,1,0,1,1,0,FTP-Patator,True
2026-03-15 09:25:41.037964147,21,6,14740.391537132635,22,36,5111,5789,272.69617873386824,160.5885024598166,223.72979123587444,0,0,1,1,1,FTP-Patator,True
2026-03-15 09:25:41.793764386,21,6,6234.736004562741,27,29,3245,5175,300.3028305546394,283.0143044208054,323.3925553815377,1,1,1,1,1,FTP-Patator,True
2026-03-15 09:25:43.445876127,21,6,31471.755434345716,51,22,10242,5969,385.59307035522323,118.16166509274552,130.22518444599058,0,1,1,1,0,FTP-Patator,True
2026-03-15 09:25:44.229833585,22,6,37425.458926477615,12,29,2707,3584,368.91302194404796,175.07178411830975,266.43991116896393,1,0,1,1,0,FTP-Patator,True
2026-03-15 09:25:45.896567204,443,6,28049.04308330399,17,48,9643,2531,118.09925042046609,243.062178601827,298.3571141213158,1,0,1,1,0,FTP-Patator,True
2026-03-15 09:25:46.862849227,21,6,4964.528002200275,40,29,4334,5158,359.6091799529176,199.20949314887991,103.18472898647414,1,1,1,1,1,FTP-Patator,True
2026-03-15 09:25:47.750606936,22,6,21847.339002178353,48,25,1556,718,204.765035645082,98.34448419687412,255.41076394385902,1,0,1,1,1,FTP-Patator,True
2026-03-15 09:25:48.939166340,443,6,22028.391269032913,47,42,10417,6399,315.99134142823164,84.37331831917916,230.72428472054412,1,0,1,1,0,FTP-Patator,True
2026-03-15 09:25:50.144953017,443,6,42402.353169447044,55,31,11867,1736,137.27078841866535,81.81574744033308,297.1466078843073,1,0,1,1,0,FTP-Patator,True
2026-03-15 09:25:51.653935648,22,6,42332.99080735178,58,15,9048,1069,389.70841652217297,199.32702284287586,320.331528022024,1,1,1,1,0,FTP-Patator,True
2026-03-15 09:25:52.985747521,80,6,32347.79598552733,42,38,11165,678,308.71404611936396,269.8209625334751,175.67881111226035,1,0,1,1,0,FTP-Patator,True
2026-03-15 09:25:53.941777645,21,6,3219.4685406439075,27,30,902,982,277.72822012057213,162.6153926474043,52.403941381835104,0,1,1,1,0,FTP-Patator,True
2026-03-15 09:25:55.166901455,80,6,41118.708696912974,46,20,9725,3342,323.976694163679,205.3550183703555,212.66598930122473,0,1,1,1,1,FTP-Patator,True
2026-03-15 09:25:56.453572622,80,6,34252.42151746803,36,35,3482,4868,128.32602524826845,150.26888512588778,168.86633410815227,1,1,1,1,0,FTP-Patator,True
2026-03-15 09:25:57.619824362,80,6,42986.08305998984,26,48,9599,1234,218.62307283418497,185.43315976207924,250.64714812449907,0,0,1,1,0,FTP-Patator,True
2026-03-15 09:25:58.912837039,443,6,34178.011741325914,37,26,8791,1744,227.5321008151954,196.9012483246782,277.7709938807708,1,0,1,1,1,FTP-Patator,True
2026-03-15 09:25:59.983071432,22,6,34973.58800482574,30,44,10591,2401,353.25209989608106,80.44471345811925,369.278463611972,1,0,1,1,1,FTP-Patator,True
2026-03-15 09:26:01.328316411,22,6,26683.078718507204,23,48,3623,2852,282.70209377307117,195.02890083659898,127.39479086964135,1,1,1,1,1,FTP-Patator,True
2026-03-15 09:26:02.698386445,443,6,46479.891746696485,57,46,9961,1518,368.2461421960414,147.27838604939075,249.52729399875778,1,0,1,1,0,FTP-Patator,True
2026-03-15 09:26:03.510178705,21,6,42892.793216786005,53,8,6888,1889,198.19822638970703,242.4223635898737,218.16269012160632,1,1,1,1,1,FTP-Patator,True
2026-03-15 09:26:04.507329277,22,6,18321.568542768895,41,41,10419,3204,383.7755657314596,137.30311695246596,337.029889486056,1,0,1,1,0,FTP-Patator,True
2026-03-15 09:26:05.775375027,22,6,5772.728711415317,42,22,6526,4301,125.78748899936014,112.19271602761188,197.75475490069996,0,1,1,1,0,FTP-Patator,True
2026-03-15 09:26:07.232108510,22,6,9417.11141728747,12,47,4241,6400,164.66536297315412,125.4508814919379,196.53954496631528,1,1,1,1,1,FTP-Patator,True
2026-03-15 09:26:08.306554672,21,6,35027.37600677162,51,16,10573,3924,318.85302623237794,202.12862003762837,109.2738772509014,1,0,1,1,0,FTP-Patator,True
2026-03-15 09:26:09.863989556,21,6,48529.05593892011,46,31,10772,1308,219.0236011048596,175.88651894855275,107.00474804270411,1,1,1,1,0,FTP-Patator,True
2026-03-15 09:26:10.876467654,443,6,17312.645561860736,24,46,7488,1950,189.13757925746765,285.7130196013141,170.6788361433821,1,0,1,1,0,FTP-Patator,True
2026-03-15 09:26:12.012213111,80,6,5008.0261623780125,19,22,5452,7890,251.60317839983307,169.61291651855294,121.55278155343957,1,0,1,1,0,FTP-Patator,True
2026-03-15 09:26:13.378823700,80,6,48297.93114457517,50,47,2634,2186,171.57655413263785,207.62267999696604,199.5958072724415,1,0,1,1,0,FTP-Patator,True
2026-03-15 09:26:14.255153922,22,6,7436.06243227846,37,20,5808,621,383.6023901249722,144.53843886543234,277.29869421991486,0,1,1,1,0,FTP-Patator,True
2026-03-15 09:26:15.791843124,80,6,13559.478988049037,14,12,10390,6410,116.97128644152667,215.93230583267726,160.43621244463196,1,1,1,1,0,FTP-Patator,True
2026-03-15 09:26:16.501836662,443,6,19785.738089289247,40,31,6505,6011,161.30867767203574,254.73187599224372,170.72804578095113,0,0,1,1,1,FTP-Patator,True
2026-03-15 09:26:18.071806417,21,6,48636.24395632986,47,43,4309,6200,378.794862470354,225.0744166123627,231.71179493111393,1,1,1,1,0,FTP-Patator,True
2026-03-15 09:26:19.460854290,80,6,38915.76732309853,35,19,1226,3847,353.19214866450585,195.19021871098104,340.07328173189603,0,1,1,1,0,FTP-Patator,True
2026-03-15 09:26:20.572715971,443,6,3788.0678168718196,48,30,8014,6040,310.0166460175671,201.04654127713076,324.26717671057736,1,1,1,1,0,FTP-Patator,True
2026-03-15 09:26:21.812180515,443,6,44274.85350958756,59,40,10827,4907,384.0596958389984,111.13049744001144,77.26091291655081,1,1,1,1,1,FTP-Patator,True
2026-03-15 09:26:22.738172817,22,6,25689.300198319812,35,39,10057,4582,134.03664046496326,223.6900471013816,101.4031441320701,1,0,1,1,0,FTP-Patator,True
2026-03-15 09:26:24.194543367,443,6,24317.134715745502,43,30,10098,4201,188.49992359555247,250.96565530048758,72.63706532360078,1,0,1,1,0,FTP-Patator,True
2026-03-15 09:26:25.230498999,80,6,27087.74219831751,44,46,10322,2499,399.81589025293107,209.55319675763835,138.23922377640417,1,1,1,1,1,FTP-Patator,True
2026-03-15 09:26:26.471124141,21,6,41125.14119554307,16,31,9874,6537,326.71205253522726,163.8917035428961,222.45503400636238,1,0,1,1,1,FTP-Patator,True
2026-03-15 09:26:27.335349203,443,6,7289.518181566237,56,43,7309,1486,331.72441354867806,128.83979577586916,374.92823970341675,1,0,1,1,0,FTP-Patator,True
2026-03-15 09:26:28.620931018,443,6,20145.773307321564,40,12,9740,6486,306.10994437134764,138.92088749191967,110.53483423582719,1,0,1,1,1,FTP-Patator,True
2026-03-15 09:26:30.030578649,443,6,27575.081059090717,39,28,6969,4157,251.27345559037084,271.87567164885434,109.80420779291171,0,0,1,1,0,FTP-Patator,True
2026-03-15 09:26:30.935280634,443,6,42446.32172329585,40,49,8786,4172,100.21265042313081,121.82635177194771,80.48298046233278,1,0,1,1,0,FTP-Patator,True
2026-03-15 09:26:32.544868083,443,6,17007.504093775537,27,45,1516,1158,194.0202166253601,189.97585176779768,194.05510216330083,1,1,1,1,1,FTP-Patator,True
2026-03-15 09:26:33.804034205,80,6,21197.098470242123,52,48,10500,4938,358.1127959618106,182.38188623258725,58.94852238361448,1,1,1,1,1,FTP-Patator,True
2026-03-15 09:26:35.052217416,80,6,9297.913292249734,24,28,9839,7058,224.95938747620016,193.9959079143335,399.15955734785325,1,0,1,1,0,FTP-Patator,True
2026-03-15 09:26:35.761061075,443,6,26701.00517693613,33,29,11103,4933,118.85968249906115,259.69909218530177,74.33646033116534,0,0,1,1,1,FTP-Patator,True
2026-03-15 09:26:37.463832148,443,6,17189.311982518666,48,27,6917,7410,302.9164869275216,155.3305692176437,376.88307958413293,0,0,1,1,0,FTP-Patator,True
2026-03-15 09:26:38.140572004,443,6,5407.612031362147,21,47,4268,6688,166.83460237642197,103.50475570151906,277.66359975371967,1,1,1,1,0,FTP-Patator,True
2026-03-15 09:26:39.584433729,80,6,38292.23255818246,58,48,8774,2533,291.81025567186884,248.3128710211454,240.14638878450344,0,0,1,1,1,FTP-Patator,True
2026-03-15 09:26:41.004150612,22,6,42189.81163798197,33,17,1800,1723,211.25507224327362,184.35963202609622,273.8486693988356,0,0,1,1,1,FTP-Patator,True
2026-03-15 09:26:41.742186683,21,6,45658.37684593925,16,45,10598,4436,369.774112604401,198.27428343225273,75.6754485928126,1,0,1,1,0,FTP-Patator,True
2026-03-15 09:26:42.910938643,22,6,28096.06010698946,12,18,7155,4632,142.10803468485813,83.83314590700215,142.98871683274808,0,0,1,1,0,FTP-Patator,True
2026-03-15 09:26:44.114968631,80,6,49944.08714729547,38,41,3013,3276,212.8283246524739,284.5663553483921,281.69256664375,1,1,1,1,0,FTP-Patator,True
2026-03-15 09:26:45.606762143,443,6,14876.296782459636,10,40,7457,1455,192.58411358592625,267.0282770821202,281.76594600154726,1,1,1,1,1,FTP-Patator,True
2026-03-15 09:26:46.986958046,443,6,34332.578416226366,21,41,4487,4961,111.76627222720373,192.33104462501208,258.94167810978513,1,0,1,1,0,FTP-Patator,True
2026-03-15 09:26:47.776456002,21,6,40542.42973631245,28,33,6224,5570,307.97662622425196,190.95972073932086,250.80112402113363,1,1,1,1,0,FTP-Patator,True
2026-03-15 09:26:48.974766152,22,6,2080.649723180976,36,36,4021,797,201.1565523437805,160.59259586394313,264.8335846437775,1,1,1,1,0,FTP-Patator,True
2026-03-15 09:26:50.441128113,22,6,49078.41006904151,18,42,1289,7589,106.03786085741118,186.72570944648442,274.5224930167316,1,0,1,1,0,FTP-Patator,True
2026-03-15 09:26:51.440577360,443,6,9402.717472544024,59,31,6707,6725,264.52731754680985,189.8861973831954,395.8636796621932,1,0,1,1,0,FTP-Patator,True
2026-03-15 09:26:52.938128241,21,6,5250.529125888109,49,45,2324,1799,157.71530008564878,176.5561935110564,64.69939474904356,1,0,1,1,0,FTP-Patator,True
2026-03-15 09:26:54.269781232,21,6,4646.532041778548,54,21,8115,5413,282.14287583518575,107.85453572840073,82.16923410148927,0,1,1,1,1,FTP-Patator,True
2026-03-15 09:26:55.359620043,443,6,45309.077566809705,36,19,2271,3531,294.6273098316908,178.85236249110682,308.2273656813261,1,1,1,1,0,FTP-Patator,True
2026-03-15 09:26:56.626305219,80,6,2831.212210207756,43,23,8038,1551,153.7390505544613,90.50578125792465,200.71132462070452,1,0,1,1,0,FTP-Patator,True
2026-03-15 09:26:57.611751634,22,6,26435.06352766424,10,9,4470,4752,235.4636245355421,117.41478947097922,162.56589794367255,1,1,1,1,1,FTP-Patator,True
2026-03-15 09:26:58.999391582,21,6,32138.2726349937,27,12,2663,5527,359.7615864177392,280.79545152027583,244.0836514815305,0,1,1,1,0,FTP-Patator,True
2026-03-15 09:26:59.809741910,443,6,12162.737861296044,12,34,1886,6547,383.1741379178386,225.28707327336866,293.0665841673757,1,0,1,1,1,FTP-Patator,True
2026-03-15 09:27:00.941008734,22,6,36220.91396055317,21,20,8545,3468,310.4018750780748,257.8616505166583,176.57178506325818,1,1,1,1,1,FTP-Patator,True
2026-03-15 09:27:02.493571866,80,6,11337.277742665348,49,36,7807,1697,213.48002169423802,248.36337188894336,238.7230059831561,1,0,1,1,0,FTP-Patator,True
2026-03-15 09:27:03.331171502,443,6,17265.36106597039,37,39,10411,4541,380.4607751880449,81.92301377834741,319.27269789826414,0,1,1,1,1,FTP-Patator,True
2026-03-15 09:27:05.035488851,443,6,30504.421960772248,49,9,2174,2474,197.90488539136447,86.21059749216472,50.6576507028048,1,1,1,1,1,FTP-Patator,True
2026-03-15 09:27:06.114932488,443,6,28833.852841551794,16,34,4286,7310,299.0880260847763,157.2616664537781,382.64086150318974,1,1,1,1,1,FTP-Patator,True
2026-03-15 09:27:07.471320435,22,6,39347.5475514569,56,35,2129,1930,317.3099607725872,242.58282041842534,190.32651838990316,0,0,1,1,0,FTP-Patator,True
2026-03-15 09:27:08.288331993,443,6,23882.602482713715,39,37,11691,3934,211.63871038773715,134.58710421562236,318.9747616611021,1,0,1,1,0,FTP-Patator,True
2026-03-15 09:27:09.591694985,21,6,33815.14780990606,21,38,9452,2223,361.19955914126194,245.9834223950372,220.07671067055105,0,0,1,1,0,FTP-Patator,True
2026-03-15 09:27:10.945014219,443,6,6775.555063182735,11,14,5787,693,159.02175076540286,263.7460064017645,237.99454404456648,1,0,1,1,1,FTP-Patator,True
2026-03-15 09:27:11.845667391,21,6,18702.469152785514,58,21,10292,5239,336.07921497272014,210.11593329078724,155.71200131891362,0,1,1,1,1,FTP-Patator,True
2026-03-15 09:27:13.225109292,443,6,35081.461384367445,12,9,6465,1631,217.88653421464323,297.6435257519598,79.71355060321558,1,0,1,1,0,FTP-Patator,True
2026-03-15 09:27:14.495680365,22,6,5297.4371148245555,15,40,6431,2714,111.85055417281873,190.4013420978249,305.65765660587664,1,1,1,1,1,FTP-Patator,True
2026-03-15 09:27:15.887285192,22,6,39499.363844994594,26,10,5528,2011,310.99118510290907,153.8635663400437,133.59642260254222,0,1,1,1,1,FTP-Patator,True
2026-03-15 09:27:16.946821976,443,6,16610.740599925186,13,12,3202,672,177.424005233226,145.34830114796705,297.28374211559776,1,0,1,1,0,FTP-Patator,True
2026-03-15 09:27:17.770878510,21,6,34036.11996581224,25,20,11188,2014,150.34746684128385,211.54780019020149,102.86925083122902,0,1,1,1,0,FTP-Patator,True
2026-03-15 09:27:19.185200070,443,6,25826.862358874267,54,46,2275,3643,364.4408165580612,107.62395153822499,160.43468838762396,1,1,1,1,1,FTP-Patator,True
2026-03-15 09:27:20.453262469,21,6,35219.31434410851,37,17,6904,1926,118.02852345898398,93.48629755234528,379.28387346187196,1,0,1,1,1,FTP-Patator,True
2026-03-15 09:27:21.387973885,443,6,27074.692176798286,13,40,2992,3227,168.72068603941761,110.03020096688022,374.39898776914544,1,0,1,1,1,FTP-Patator,True
2026-03-15 09:27:22.759179634,22,6,11684.184457958092,48,24,11188,2269,125.12940389499087,173.25245145811056,310.7166050169941,1,0,1,1,0,FTP-Patator,True
2026-03-15 09:27:23.870403489,80,6,46789.453423108425,40,35,2480,1752,371.70427599724536,200.71532861164332,327.5149934261659,1,1,1,1,1,FTP-Patator,True
2026-03-15 09:27:24.971296525,22,6,23405.6085090701,37,8,1501,4789,161.17599320703238,132.92220172886522,200.40872010122004,1,1,1,1,0,FTP-Patator,True
2026-03-15 09:27:26.407225160,443,6,32351.278482064863,24,24,7766,1783,153.38333768378294,140.94353879094086,362.31725896800566,0,0,1,1,1,FTP-Patator,True
2026-03-15 09:27:27.399379848,22,6,7684.069251223377,30,44,4151,6100,245.6265807296737,288.7677140831264,76.0440578293218,1,0,1,1,0,FTP-Patator,True
2026-03-15 09:27:28.854322445,21,6,25773.88104564381,16,34,2693,1337,117.88745152692672,147.1216770728513,107.34954376359998,1,1,1,1,1,FTP-Patator,True
2026-03-15 09:27:29.801818159,22,6,34448.62897458233,45,12,11098,2182,321.24215600249596,186.0808346063069,270.53445284593573,0,0,1,1,0,FTP-Patator,True
2026-03-15 09:27:31.334156954,443,6,45778.937295558375,44,11,7234,3129,293.0490783979984,280.17916383744114,333.7749434972032,0,0,1,1,1,FTP-Patator,True
2026-03-15 09:27:32.217144973,443,6,30677.537463883946,48,26,1029,5781,184.51485929452278,257.89095055428675,234.70981133724018,1,1,1,1,0,FTP-Patator,True
2026-03-15 09:27:33.837771060,21,6,21316.685533088017,58,41,9378,1821,225.123541012083,242.4226247730625,293.6907113881643,1,1,1,1,0,FTP-Patator,True
2026-03-15 09:27:34.515725613,22,6,43438.1058959372,51,46,1408,7660,370.137933012593,232.9808897655456,328.53525775106846,1,0,1,1,1,FTP-Patator,True
2026-03-15 09:27:36.013198432,22,6,22702.57058371111,21,49,4647,1586,339.67273509493543,183.8238430816627,234.4455956118791,1,1,1,1,0,FTP-Patator,True
2026-03-15 09:27:37.092062859,21,6,26038.755122795887,30,18,6997,7790,118.05301621554004,284.2482711545982,70.97044331737435,0,1,1,1,1,FTP-Patator,True
2026-03-15 09:27:38.235045915,21,6,30241.471295355343,26,28,2660,2759,114.76858524121141,139.40502123232596,112.78986580808778,1,1,1,1,0,FTP-Patator,True
2026-03-15 09:27:39.582961667,21,6,21131.084309164326,23,13,4702,7916,143.57379492157548,154.42778480618006,381.0096928229437,1,0,1,1,1,FTP-Patator,True
2026-03-15 09:27:41.005211721,443,6,17417.456760124274,11,24,7298,4397,390.2637209353381,217.7612157327624,169.03944019861888,1,1,1,1,1,FTP-Patator,True
2026-03-15 09:27:42.249166323,443,6,9161.830771743944,39,48,2179,7276,165.03331763796143,224.50603048279999,357.3791931687319,0,1,1,1,0,FTP-Patator,True
2026-03-15 09:27:43.081949170,80,6,47269.94888757149,27,19,11402,6095,359.91804269569735,232.61911513480146,355.1022110953175,1,1,1,1,1,FTP-Patator,True
2026-03-15 09:27:44.192546173,21,6,38449.23727693466,51,25,10470,3503,161.6673445552559,92.81349310475046,365.5120576246932,1,0,1,1,0,FTP-Patator,True
2026-03-15 09:27:45.732084268,22,6,21530.294707492132,46,26,9864,4431,174.22946329430607,142.3501017401641,58.16556723827586,1,1,1,1,0,FTP-Patator,True
2026-03-15 09:27:46.849199235,21,6,40181.75500902121,23,48,4973,6051,301.98202243863346,178.91662286675972,243.71850917551953,0,0,1,1,0,FTP-Patator,True
2026-03-15 09:27:47.820609689,21,6,12803.766039695865,34,25,6034,3124,210.13986844414958,150.81732272938234,206.3916689990547,1,0,1,1,1,FTP-Patator,True
2026-03-15 09:27:49.356177472,443,6,3391.771639602375,19,28,8538,5402,239.87939686799209,295.21776487891503,104.26221033699991,1,0,1,1,1,FTP-Patator,True
2026-03-15 09:27:50.411358261,443,6,27028.447766609337,18,26,5552,4686,267.2811290616177,182.44491152397626,255.30121740566426,1,0,1,1,0,FTP-Patator,True
2026-03-15 09:27:51.692037119,443,6,13314.81576986393,55,25,8805,4865,374.7668235799313,204.46942117637712,113.50920261870591,1,0,1,1,1,FTP-Patator,True
2026-03-15 09:27:52.715603420,80,6,33686.9350840321,41,45,11969,951,328.67159775776753,268.06598225691386,135.79913071107228,1,0,1,1,1,FTP-Patator,True
2026-03-15 09:27:53.963458536,21,6,17474.96592190346,33,17,1384,5389,220.78724775644298,116.53332324887273,262.3086566897798,1,0,1,1,1,FTP-Patator,True
2026-03-15 09:27:55.008205259,21,6,18428.43631047646,59,20,11857,4663,239.31086655124426,282.5485011670579,323.7995461164284,1,0,1,1,1,FTP-Patator,True
2026-03-15 09:27:56.553909520,443,6,13353.917092051723,38,39,10774,2345,335.17668979089706,276.62711346228275,225.60944341606012,1,0,1,1,0,FTP-Patator,True
2026-03-15 09:27:57.394206794,443,6,37078.70013124448,59,29,9413,6247,275.0922262642074,177.04514101224106,171.8306768608598,0,1,1,1,1,FTP-Patator,True
2026-03-15 09:27:58.966981556,443,6,18461.37346076534,56,29,5801,4877,297.239232458101,222.97500996687018,118.85262049216642,1,1,1,1,0,FTP-Patator,True
2026-03-15 09:28:00.178804712,22,6,22002.44954360953,40,15,10713,6027,275.1243498668768,167.91410453126468,378.3241659034094,0,0,1,1,0,FTP-Patator,True
2026-03-15 09:28:01.347960578,443,6,9374.248386173102,29,45,8573,2453,338.6023028236342,245.7018996080269,283.39316879293773,0,0,1,1,1,FTP-Patator,True
2026-03-15 09:28:02.111653672,21,6,2975.333832745685,28,21,8926,5012,274.0448082623452,159.83042793312916,162.9831456145851,0,0,1,1,1,FTP-Patator,True
2026-03-15 09:28:03.463879927,80,6,39604.431303065845,34,35,10707,4814,311.598666914776,190.42141308689673,346.5996986369642,1,0,1,1,1,FTP-Patator,True
2026-03-15 09:28:04.781002645,22,6,27712.095742324396,22,28,9811,7776,181.1064511384127,240.44461318971713,93.32585687435753,1,0,1,1,1,FTP-Patator,True
2026-03-15 09:28:06.057326627,80,6,43393.255959130496,52,13,1537,5753,304.9962200508551,246.52346839631014,389.2542220910822,1,0,1,1,1,FTP-Patator,True
2026-03-15 09:28:07.451533259,443,6,40971.256557583125,37,14,9681,1828,219.11333396854815,184.65257074084698,370.6174827669014,1,0,1,1,1,FTP-Patator,True
2026-03-15 09:28:08.325363583,80,6,7555.327018811012,40,40,11562,710,394.62229875455955,205.0480573759909,108.82041324285828,1,1,1,1,0,FTP-Patator,True
2026-03-15 09:28:09.825013991,22,6,27175.76365058202,12,15,7974,2849,268.48184155656725,195.80600207290829,352.25960988720095,1,0,1,1,1,FTP-Patator,True
2026-03-15 09:28:10.598057572,21,6,26137.62904458635,14,27,11129,1801,324.29323168288835,271.04046789398694,121.92802989620571,0,1,1,1,1,FTP-Patator,True
2026-03-15 09:28:11.922768292,443,6,14129.822647050116,43,37,10574,1769,252.927656843564,92.6014175498019,71.23464207888765,1,1,1,1,1,FTP-Patator,True
2026-03-15 09:28:12.931369206,80,6,47156.71408228486,21,29,2614,5193,288.1567859111824,163.6431327034711,50.993460233279684,1,0,1,1,1,FTP-Patator,True
2026-03-15 09:28:14.545493574,21,6,6981.630361596586,52,43,2166,6639,263.0999781184307,222.76065536408586,151.48389989194123,1,0,1,1,1,FTP-Patator,True
2026-03-15 09:28:15.390391654,80,6,49547.98331769889,20,40,2918,5697,359.9943794918567,298.0085349081619,334.3871822528465,1,0,1,1,1,FTP-Patator,True
2026-03-15 09:28:16.654212009,80,6,30658.521518142028,54,10,8087,7276,263.48469698690155,120.34423709290988,280.19589074770806,1,0,1,1,1,FTP-Patator,True
2026-03-15 09:28:18.165139951,80,6,7240.450566189338,51,48,6828,4804,384.9465995601043,124.1426714785917,69.0009339097995,1,0,1,1,1,FTP-Patator,True
2026-03-15 09:28:19.220830030,21,6,26685.769964932784,40,20,10908,1565,181.46360618176436,256.8782296225964,173.07288101536466,1,1,1,1,0,FTP-Patator,True
2026-03-15 09:28:20.108383631,22,6,19075.864624580347,52,9,9132,2668,197.82768626818716,83.6974553659865,338.10759713802383,1,0,1,1,1,FTP-Patator,True
2026-03-15 09:28:21.301341122,80,6,8135.23321173848,32,8,1079,7148,123.90673643750056,276.02492544552473,326.38016528347816,1,1,1,1,0,FTP-Patator,True
2026-03-15 09:28:22.806396379,80,6,32091.316936003386,19,16,10688,4446,207.56516194479923,106.92572280274439,307.08717993187815,1,0,1,1,1,FTP-Patator,True
2026-03-15 09:28:23.882973308,443,6,11859.993138360285,16,32,1065,3525,347.59349231183205,267.26973467884534,310.323609191354,1,1,1,1,1,FTP-Patator,True
2026-03-15 09:28:25.008186867,80,6,44683.52655640152,51,18,10106,5049,106.47406040772483,194.72704252137567,356.9098499577106,1,1,1,1,0,FTP-Patator,True
2026-03-15 09:28:26.468156362,80,6,49340.36551748134,29,21,3793,7780,216.7045319342846,248.79220114367314,233.26420858501132,0,1,1,1,1,FTP-Patator,True
2026-03-15 09:28:27.437061883,21,6,30933.238766439583,40,15,7953,2013,222.20092622408953,158.8055202612128,85.65845470933944,1,1,1,1,0,FTP-Patator,True
2026-03-15 09:28:28.855324289,21,6,22629.450796552508,38,32,5380,2340,236.47467489789716,179.33076724920392,100.27114689090268,1,0,1,1,0,FTP-Patator,True
2026-03-15 09:28:29.927559570,80,6,20020.843712481408,42,17,2373,3485,135.65758099909854,214.32001852099182,253.53333978539212,1,0,1,1,1,FTP-Patator,True
2026-03-15 09:28:31.012047730,21,6,21984.597881370155,52,17,5650,4897,281.55027152844093,192.1298316009057,308.0007824976487,1,0,1,1,1,FTP-Patator,True
2026-03-15 09:28:32.182862842,443,6,33011.14782337641,59,25,11844,939,382.0207315680433,240.76915066680175,184.94099180352453,0,0,1,1,0,FTP-Patator,True
2026-03-15 09:28:33.442116361,22,6,49442.846176193794,32,31,9079,1611,218.80425184160032,99.16771047701664,387.7886281474655,1,0,1,1,0,FTP-Patator,True
2026-03-15 09:28:34.517899264,443,6,37459.88015583719,31,8,9985,7366,309.15454113311216,118.67418776588963,107.58797427903744,0,1,1,1,0,FTP-Patator,True
2026-03-15 09:28:35.884876177,80,6,19193.001715136554,36,39,6949,1084,162.98840592521628,124.1091573320256,168.159968283429,1,0,1,1,0,FTP-Patator,True
2026-03-15 09:28:37.441172814,80,6,26938.450541849626,49,15,11128,6262,195.78163598145625,296.18038248221455,270.4625005601998,1,0,1,1,0,FTP-Patator,True
2026-03-15 09:28:38.598817275,443,6,43072.24117851105,13,47,11771,7649,398.0281680273263,215.5010985117598,325.34727645316576,1,1,1,1,1,FTP-Patator,True
2026-03-15 09:28:39.523202254,21,6,27299.419756073254,25,36,7556,2226,216.64170482141864,262.06852403985954,88.42835205455879,1,0,1,1,1,FTP-Patator,True
2026-03-15 09:28:40.845500171,80,6,46546.79888303741,19,35,9666,5984,197.75802426455914,89.50240857673495,93.11752629695572,1,0,1,1,1,FTP-Patator,True
2026-03-15 09:28:42.040416335,21,6,15962.951798037595,31,21,5515,7690,362.47167008324203,82.9428186739807,260.7966214515923,0,1,1,1,1,FTP-Patator,True
2026-03-15 09:28:43.397242523,22,6,34311.97837116886,43,26,10336,1840,312.30046814558216,106.38536201734343,64.80743751562855,1,0,1,1,0,FTP-Patator,True
2026-03-15 09:28:44.241774060,21,6,5030.137712216137,49,49,4207,2250,222.3501881982624,138.6363093552295,377.365415510416,0,0,1,1,0,FTP-Patator,True
2026-03-15 09:28:45.477832493,443,6,45119.21786529642,44,21,804,2365,213.18466091722684,168.3561045292416,361.6671246632558,0,1,1,1,0,FTP-Patator,True
2026-03-15 09:28:46.681071260,21,6,5715.364417081742,41,39,1089,6243,128.34591960373862,298.47204279199195,78.1620181983846,1,0,1,1,0,FTP-Patator,True
2026-03-15 09:28:47.724521993,80,6,10848.00370538122,52,22,6729,1166,146.41547610103254,243.03237605028158,236.03947212831648,0,0,1,1,0,FTP-Patator,True
2026-03-15 09:28:49.088812717,443,6,22388.518631420666,38,23,6903,5905,222.9478252943182,163.6750752800284,334.28719338128957,1,1,1,1,1,FTP-Patator,True
2026-03-15 09:28:50.626748265,21,6,44345.41032539978,56,32,5437,634,142.24035501769572,195.944320753624,198.39204006985256,1,0,1,1,1,FTP-Patator,True
2026-03-15 09:28:51.847192588,80,6,5838.584345806943,38,40,1944,7586,131.90106194071822,175.41060803886478,254.73250754564452,1,1,1,1,0,FTP-Patator,True
2026-03-15 09:28:52.565781207,21,6,17900.757129187594,58,14,4607,5426,333.8727172510668,122.27698284449994,309.86329967736003,0,0,1,1,1,FTP-Patator,True
2026-03-15 09:28:53.974835124,80,6,33510.377691535046,32,27,11348,6015,230.57688191262903,103.47147473212073,224.14929326089404,1,0,1,1,0,FTP-Patator,True
2026-03-15 09:28:55.128809340,21,6,23811.43025608315,47,35,4548,3613,378.99985762108923,135.05483780142941,120.18200148396416,1,0,1,1,0,FTP-Patator,True
2026-03-15 09:28:56.393615517,22,6,29871.551239116183,49,32,9435,5080,224.0666442815193,143.81072000057307,164.91496235854802,1,1,1,1,0,FTP-Patator,True
2026-03-15 09:28:57.632831714,22,6,18781.46870982135,40,22,10461,6190,130.28459704426731,92.35740251678571,61.69609278673124,0,0,1,1,0,FTP-Patator,True
2026-03-15 09:28:58.512155256,80,6,34377.57694931088,48,28,8940,1291,101.74955208648929,88.07944408842079,236.66786256405533,1,0,1,1,0,FTP-Patator,True
2026-03-15 09:29:00.205345348,443,6,21474.25504162535,56,20,5608,5113,117.840211313136,236.29844639179618,282.6835546396726,0,0,1,1,1,FTP-Patator,True
2026-03-15 09:29:01.484198443,22,6,20084.77943728037,13,49,9905,4273,364.6688094373842,125.01480964898298,244.67735496308768,1,1,1,1,1,FTP-Patator,True
2026-03-15 09:29:02.492042887,21,6,5648.9976909958,42,15,6262,1670,187.1208693460102,241.86866349683862,213.30299886871924,1,0,1,1,1,FTP-Patator,True
2026-03-15 09:29:03.696271343,80,6,6952.231468795409,16,29,5550,7227,170.55515914040296,271.0585667395677,359.768063811189,0,0,1,1,1,FTP-Patator,True
2026-03-15 09:29:04.816787914,443,6,14274.399163316191,57,45,11025,3567,207.79139652191506,274.8993201130196,156.42116095596583,1,0,1,1,0,FTP-Patator,True
2026-03-15 09:29:05.900564047,21,6,47155.40386824166,39,17,8203,5792,375.86614434265715,252.69004307511995,381.79615758544577,1,0,1,1,1,FTP-Patator,True
2026-03-15 09:29:06.989386694,22,6,34771.43522743101,31,32,9116,1192,339.96034256733356,170.0245915279296,279.8584716510435,1,0,1,1,1,FTP-Patator,True
2026-03-15 09:29:08.450438005,21,6,28011.536640567716,57,43,3120,6416,360.4998985173152,248.46979197011987,370.8944112070345,0,1,1,1,0,FTP-Patator,True
2026-03-15 09:29:09.326964842,21,6,43344.578541150906,34,36,8926,3470,308.19577110049653,118.12359615482566,375.78081898578597,0,0,1,1,0,FTP-Patator,True
2026-03-15 09:29:10.994701540,80,6,46938.49314131985,26,27,10613,4544,213.70750660648798,86.00130769213509,73.33189643416415,0,0,1,1,0,FTP-Patator,True
2026-03-15 09:29:11.952547019,80,6,24095.5841711213,30,46,6764,6924,112.97022585475321,188.7303766672519,96.15245548214847,1,1,1,1,0,FTP-Patator,True
2026-03-15 09:29:13.148852534,443,6,7633.2427246863335,23,12,1021,1325,147.42916903703346,114.25155653354696,107.22535181006114,0,0,1,1,0,FTP-Patator,True
2026-03-15 09:29:14.296302515,22,6,44899.72898871295,30,24,4742,4847,374.3063331085006,150.75367772155147,92.7019170678931,1,0,1,1,1,FTP-Patator,True
2026-03-15 09:29:15.881612333,22,6,38863.369419739654,22,31,6493,6584,203.4105514183985,117.10899766966878,188.1335103079861,1,1,1,1,1,FTP-Patator,True
2026-03-15 09:29:16.604950171,80,6,46607.62839461821,25,43,3886,755,109.81031016556072,228.2229359954265,267.0738738753775,1,1,1,1,1,FTP-Patator,True
2026-03-15 09:29:17.790784692,443,6,31276.034932568637,18,44,3773,1981,259.3472670150311,236.6622519070117,157.75705897159781,0,0,1,1,0,FTP-Patator,True
2026-03-15 09:29:18.999318900,21,6,31518.341117104763,43,23,2723,7062,164.13092013510354,285.91400620807383,303.4469938547783,0,0,1,1,1,FTP-Patator,True
2026-03-15 09:29:20.495116489,22,6,28741.860447428357,15,22,8901,5028,216.8447655550118,280.51421554137164,355.7392789343145,0,1,1,1,1,FTP-Patator,True
2026-03-15 09:29:21.895137191,80,6,43832.47319918185,20,40,5499,6657,395.2183937869199,231.3610860068199,151.6776294184267,1,1,1,1,1,FTP-Patator,True
2026-03-15 09:29:22.641285102,22,6,12050.753503589447,18,33,11567,6869,341.09791326835943,144.7403017106941,389.56743430734286,0,1,1,1,0,FTP-Patator,True
2026-03-15 09:29:24.243370438,80,6,43330.71752645431,57,33,10669,962,338.9246538316073,153.18369271908972,206.52294332036868,1,1,1,1,1,FTP-Patator,True
2026-03-15 09:29:25.067169935,22,6,8190.722922836365,21,30,11541,1514,122.50713566119488,288.2477099953777,257.3395424214828,0,0,1,1,0,FTP-Patator,True
2026-03-15 09:29:26.488739952,80,6,41317.82606145733,17,24,2520,4340,169.7821145164552,236.73731946510102,116.75601988092109,1,1,1,1,1,FTP-Patator,True
2026-03-15 09:29:27.324299371,21,6,10304.413944130361,13,44,1030,4390,350.26833726560005,97.3239243809551,106.63758276376788,0,0,1,1,0,FTP-Patator,True
2026-03-15 09:29:28.797392384,22,6,19593.889314991993,30,30,5550,7566,147.89824215493095,205.1982412475878,354.20875846600524,1,0,1,1,0,FTP-Patator,True
2026-03-15 09:29:30.092741979,22,6,13572.38380831286,44,31,5939,3266,363.3262006370457,285.7449358652967,163.78052799984053,1,0,1,1,1,FTP-Patator,True
2026-03-15 09:29:31.221791866,22,6,6803.419502355326,47,25,1372,6039,243.60619463698757,228.00547578794362,155.56243770641976,0,0,1,1,1,FTP-Patator,True
2026-03-15 09:29:32.242701230,80,6,21345.41591825866,19,11,9145,2426,358.45564210214593,185.93876988382726,348.66982044778246,1,0,1,1,1,FTP-Patator,True
2026-03-15 09:29:33.797098168,80,6,35517.05130748421,28,46,5315,4953,300.9297842189609,109.25671597426307,200.89332488924973,0,0,1,1,1,FTP-Patator,True
2026-03-15 09:29:35.082081906,80,6,34652.627548980185,45,18,10618,654,391.22788767287227,184.4668585870569,278.13886226168694,0,1,1,1,1,FTP-Patator,True
2026-03-15 09:29:35.975517657,443,6,27131.46501257006,12,16,2390,7289,284.440515547214,216.23677027994555,243.81951397750427,1,0,1,1,0,FTP-Patator,True
2026-03-15 09:29:37.281551559,21,6,18054.069131244072,32,18,1189,2565,372.4299600136525,138.67573204705613,181.07997423820618,1,1,1,1,1,FTP-Patator,True
2026-03-15 09:29:38.574247961,443,6,16545.49525083993,46,27,2626,5087,362.34599650102433,280.84365048922473,350.4199575860729,1,0,1,1,1,FTP-Patator,True
2026-03-15 09:29:39.444893436,443,6,33172.03919125064,44,18,7664,5189,399.4728495848516,117.07746919573233,182.50235345848364,1,0,1,1,1,FTP-Patator,True
2026-03-15 09:29:41.018670229,80,6,12414.536665366393,45,27,10407,6048,265.2725019141252,230.67644626184946,355.9553309579983,0,0,1,1,1,FTP-Patator,True
2026-03-15 09:29:41.868120543,22,6,44546.2821000669,48,40,3611,7366,122.56978811380873,173.60044184380376,157.2150242059672,1,1,1,1,0,FTP-Patator,True
2026-03-15 09:29:43.365498482,21,6,34199.33424495206,11,33,915,5113,318.3184886923634,262.8200823936838,161.34007096407004,1,0,1,1,0,FTP-Patator,True
2026-03-15 09:29:44.167259539,21,6,28152.678842298035,42,8,3806,6667,324.44030975892616,142.41654169794964,141.81564961142317,0,1,1,1,1,FTP-Patator,True
2026-03-15 09:29:45.473032022,21,6,24378.24272688038,51,41,9889,7512,189.83858269882666,174.69579735493267,193.18123136775048,1,0,1,1,0,FTP-Patator,True
2026-03-15 09:29:46.820171960,80,6,30766.01567310428,40,16,2428,1649,307.06834090050495,195.79444712333355,173.25910933397603,1,0,1,1,0,FTP-Patator,True
2026-03-15 09:29:48.014953257,22,6,17512.239653790668,20,42,3865,1317,367.59641686706044,170.76768160805182,141.3333151027872,0,1,1,1,1,FTP-Patator,True
2026-03-15 09:29:49.410258710,443,6,21733.622329970312,37,44,11862,2431,282.61403262674156,97.84026650490796,247.09354213509897,1,1,1,1,1,FTP-Patator,True
2026-03-15 09:29:50.697676354,22,6,15370.919054265749,14,28,8562,6864,384.83574832385517,252.5194500572613,214.84296160476097,1,1,1,1,0,FTP-Patator,True
2026-03-15 09:29:51.364326507,80,6,19482.20460064316,12,13,1237,2371,348.852130379243,200.6637875628164,351.1610898960812,1,1,1,1,1,FTP-Patator,True
2026-03-15 09:29:52.662832879,443,6,14926.047750780777,18,47,8685,4080,212.54487993657574,285.99737911701106,297.0539891138813,0,1,1,1,1,FTP-Patator,True
2026-03-15 09:29:53.914558926,22,6,45839.02614105335,15,36,4656,1308,329.5828655807767,224.3858692191484,209.6466255072803,1,0,1,1,1,FTP-Patator,True
2026-03-15 09:29:55.187351044,443,6,12821.567521800976,56,14,5734,4802,199.21535585161166,129.08049930753143,229.17147473468972,0,1,1,1,0,FTP-Patator,True
2026-03-15 09:29:56.396345845,21,6,15157.887905188532,54,15,9954,3219,123.10967585877226,268.95960644957427,195.2319971738653,1,0,1,1,0,FTP-Patator,True
2026-03-15 09:29:57.813717037,22,6,24262.91906584088,51,34,1465,4182,368.4559764791964,137.5755722738707,193.80913186941663,1,1,1,1,1,FTP-Patator,True
2026-03-15 09:29:58.962335581,21,6,24632.02903476944,14,37,2953,4923,151.08664562508375,205.99107773098672,373.95419183312134,1,0,1,1,0,FTP-Patator,True
2026-03-15 09:29:59.711310947,139,6,114728.0698641967,73,47,17742,31423,321.94860779530336,420.1691725539222,1505.108698106101,0,0,1,1,0,Infiltration,True
2026-03-15 09:30:01.173013056,445,6,83026.12677206018,81,51,18993,29271,585.7005463585994,734.007536313563,533.7130722339759,1,0,1,1,0,Infiltration,True
2026-03-15 09:30:02.470844302,3389,6,116927.24829326264,15,53,2389,6833,176.7356626910655,624.4543309867965,534.5918542199577,1,0,1,1,0,Infiltration,True
2026-03-15 09:30:03.576237352,445,6,63656.22028047539,40,58,10721,31451,602.6581146259855,344.5806847429875,1562.4890913103663,1,0,1,1,1,Infiltration,True
2026-03-15 09:30:04.578387153,5985,6,55081.642690220404,58,82,27117,7277,621.0107741528709,580.2258271503792,474.950039841865,0,0,1,1,0,Infiltration,True
2026-03-15 09:30:05.938484450,445,6,19312.734237207595,26,56,21857,28888,236.97164837814177,311.27868136657617,1655.9468806263658,0,0,1,1,1,Infiltration,True
2026-03-15 09:30:07.146993417,3389,6,151462.34525667268,23,37,26175,16716,369.66310200136394,433.1786120607662,397.61057307179027,0,0,1,1,0,Infiltration,True
2026-03-15 09:30:08.212629553,445,6,132846.0845094769,15,32,29800,29427,323.32943893264996,229.7526207657728,510.07309219151665,0,0,1,1,0,Infiltration,True
2026-03-15 09:30:09.753784268,3389,6,67343.28985453396,23,69,32511,7753,757.345755193679,226.065452791532,1755.979007719945,0,0,1,1,0,Infiltration,True
2026-03-15 09:30:10.692840408,3389,6,22555.189836690894,93,49,6645,9693,630.5791006265404,728.4480008702669,687.4018915999726,1,0,1,1,0,Infiltration,True
2026-03-15 09:30:12.053392374,5985,6,33882.124640969734,18,24,10110,7957,221.36112515471478,411.8918890990939,1727.0260889346064,1,0,1,1,1,Infiltration,True
2026-03-15 09:30:13.209438108,445,6,22151.29685968568,32,15,30586,23493,542.1095607623721,365.32251039839605,1624.527173981559,1,0,1,1,0,Infiltration,True
2026-03-15 09:30:14.626456247,3389,6,23247.9274450827,95,57,17696,28379,529.8806891757029,249.7911002039774,1083.0713905367766,0,0,1,1,0,Infiltration,True
2026-03-15 09:30:15.373208959,445,6,125409.13514824302,76,43,2806,22536,781.4714330960421,812.721790193212,1994.3884635222432,0,0,1,1,0,Infiltration,True
2026-03-15 09:30:16.568557804,445,6,167575.53099868077,81,74,9949,3383,436.8776509946812,740.4737260106748,1109.0107927637914,0,0,1,1,0,Infiltration,True
2026-03-15 09:30:17.880191801,5985,6,33323.804796468,37,70,19146,23046,431.2920243840507,638.2655306562349,1088.6721740202102,0,0,1,1,0,Infiltration,True
2026-03-15 09:30:19.158728980,139,6,74620.45999592161,51,39,31783,26917,497.1350635802267,385.9551695508891,1627.9119437512745,0,0,1,1,0,Infiltration,True
2026-03-15 09:30:20.279125349,5985,6,178992.89616555997,97,89,29303,37324,213.6202224798677,523.5027916653652,1572.8416283620072,0,0,1,1,1,Infiltration,True
2026-03-15 09:30:21.757912249,139,6,160262.048703309,44,53,15780,4900,745.9618273428264,698.9543996729351,1006.4986855484589,1,0,1,1,0,Infiltration,True
2026-03-15 09:30:22.647159505,139,6,107732.56795173924,22,45,29330,33719,530.4333474399273,635.1534523676015,1881.9900921018036,0,0,1,1,1,Infiltration,True
2026-03-15 09:30:23.750864845,445,6,16092.338358616733,83,61,25837,5072,498.63784073870164,277.8280480332086,296.0178535798588,0,0,1,1,0,Infiltration,True
2026-03-15 09:30:25.148279885,5985,6,113712.62238500288,69,63,33526,21371,421.21345353173035,676.6088299750209,1783.9962785403116,1,0,1,1,1,Infiltration,True
2026-03-15 09:30:26.564027572,5985,6,169578.9937686138,39,68,30420,38034,552.3867249914556,433.08295872139,986.4872026277222,0,0,1,1,0,Infiltration,True
2026-03-15 09:30:27.810337166,5985,6,79475.46124890135,46,94,27738,20903,412.8424459808948,647.5611011861309,679.7370143235032,0,0,1,1,1,Infiltration,True
2026-03-15 09:30:28.940006909,5985,6,46559.59517601902,43,30,19655,13835,330.6818672004211,558.6094141751796,1952.620013666565,0,0,1,1,0,Infiltration,True
2026-03-15 09:30:30.034732007,445,6,97402.88213898244,26,75,12264,21836,626.7117233035569,804.9471236459431,673.1523871473013,1,0,1,1,0,Infiltration,True
2026-03-15 09:30:31.334515021,445,6,116414.5025037778,83,31,20761,28015,504.52641880447703,364.205336868027,1071.4225959581308,1,0,1,1,0,Infiltration,True
2026-03-15 09:30:32.508833721,139,6,71821.47662611601,86,44,6025,33080,399.8872614096854,606.2284668306203,1948.5924297926554,0,0,1,1,0,Infiltration,True
2026-03-15 09:30:33.440619979,139,6,130423.45813276377,93,73,14423,18838,484.0574167809701,748.7091332019365,932.3463505876988,1,0,1,1,0,Infiltration,True
2026-03-15 09:30:34.830455335,445,6,91653.13284002974,46,22,28209,21971,709.6863903371623,306.54165515387604,1277.6992423862007,0,0,1,1,0,Infiltration,True
2026-03-15 09:30:36.162365599,3389,6,98273.56734751492,15,79,34515,18408,302.2653120997318,358.41028349386556,1189.9427587444693,0,0,1,1,1,Infiltration,True
2026-03-15 09:30:37.090272397,445,6,126856.63726920751,46,68,19725,2150,455.87795870221726,766.6046085826262,1087.9387989681256,1,0,1,1,0,Infiltration,True
2026-03-15 09:30:38.492383888,445,6,69162.85791303395,94,18,29237,21182,512.3956873309608,632.560786871097,969.0281171137186,0,0,1,1,0,Infiltration,True
2026-03-15 09:30:39.588888256,139,6,39472.469664167664,60,56,13915,2783,464.2203667104708,464.13019099046664,174.99113712739012,1,0,1,1,0,Infiltration,True
2026-03-15 09:30:40.801895310,139,6,160035.68823921398,64,33,30525,37083,456.318691305945,573.3152538616503,872.09568954102,0,0,1,1,0,Infiltration,True
2026-03-15 09:30:41.754033022,3389,6,165140.76486400084,45,20,15307,15114,258.18616161210946,242.37386527208156,469.5890553902478,1,0,1,1,0,Infiltration,True
2026-03-15 09:30:43.299730299,5985,6,124671.76653426804,91,82,28464,27458,280.82307233270666,794.8986279785586,1027.853655576547,1,0,1,1,0,Infiltration,True
2026-03-15 09:30:44.619412221,3389,6,82986.7507162604,34,43,34800,13293,588.649822917587,777.180324444749,1748.3198353052053,1,0,1,1,1,Infiltration,True
2026-03-15 09:30:45.384858772,139,6,126374.1622018539,85,99,27077,5094,772.2112786917212,552.2008466362329,636.1023451476066,1,0,1,1,1,Infiltration,True
2026-03-15 09:30:46.719663397,445,6,126185.45594471817,52,27,12819,18668,640.8358979222913,685.783045859024,500.7106006152987,1,0,1,1,0,Infiltration,True
2026-03-15 09:30:47.729200472,5985,6,58825.94940734089,35,18,15840,33156,768.436665929878,896.3198902525063,1425.1013606260447,1,0,1,1,0,Infiltration,True
2026-03-15 09:30:48.917779131,3389,6,108772.73442072619,50,55,32207,27487,776.904779182942,316.76413742923967,835.6466337048131,1,0,1,1,0,Infiltration,True
2026-03-15 09:30:50.693795098,3389,6,109745.71440484234,29,34,3299,2321,782.2525898255055,534.745247926311,337.9396032748209,1,0,1,1,0,Infiltration,True
2026-03-15 09:30:51.596082904,139,6,48895.5243459093,38,96,7626,31453,359.24016732045754,653.0885967068434,1052.3683067475827,1,0,1,1,0,Infiltration,True
2026-03-15 09:30:52.713311411,3389,6,31099.118218283078,71,70,10245,30104,532.3588551562409,593.762612447508,719.4584731860339,0,0,1,1,0,Infiltration,True
2026-03-15 09:30:53.864926245,445,6,23161.931938040278,54,87,11249,33611,537.4947638115761,831.1057596539421,1284.949514335695,1,0,1,1,0,Infiltration,True
2026-03-15 09:30:55.488007586,3389,6,43060.65192558818,22,45,20424,25292,676.235347813532,319.15698923745197,924.1326248399241,1,0,1,1,0,Infiltration,True
2026-03-15 09:30:56.251350471,445,6,47378.9846337689,91,56,27033,6057,271.6587571048504,216.2347471578111,1086.9312268809422,1,0,1,1,1,Infiltration,True
2026-03-15 09:30:57.735425037,3389,6,125302.47473767599,45,93,34666,10820,743.9890345567287,744.9818556003299,477.147087630662,1,0,1,1,1,Infiltration,True
2026-03-15 09:30:58.670254857,139,6,34322.18745795796,47,19,19001,12156,153.1559317841557,288.96965560549535,938.6004687086197,1,0,1,1,0,Infiltration,True
2026-03-15 09:30:59.742293703,3389,6,177882.1325086137,87,45,17317,18114,525.5786221517975,242.15811557502403,354.55199267457704,1,0,1,1,1,Infiltration,True
2026-03-15 09:31:01.309965968,5985,6,22234.139507445823,46,63,4206,32818,789.0111026804914,835.6010782067532,346.1811835318282,0,0,1,1,0,Infiltration,True
2026-03-15 09:31:02.100978508,3389,6,156515.84245942204,38,44,23292,3505,422.2511336564867,487.0884758723371,667.2867609674599,1,0,1,1,1,Infiltration,True
2026-03-15 09:31:03.705449106,5985,6,126922.30110282777,66,82,25836,33566,152.78905737469287,366.1003007405202,1360.367748230047,1,0,1,1,0,Infiltration,True
2026-03-15 09:31:04.650225959,445,6,170086.25868797099,20,24,29998,27847,565.5405431642588,302.7296254689329,399.6994742179867,0,0,1,1,0,Infiltration,True
2026-03-15 09:31:06.147662539,139,6,176392.2479174481,55,17,21414,22797,705.1797703085455,218.13442408511455,1174.3950794196305,0,0,1,1,0,Infiltration,True
2026-03-15 09:31:07.361850100,3389,6,147527.83156943656,35,92,17326,9884,415.73774494442523,771.70677707343,1424.93926360996,1,0,1,1,1,Infiltration,True
2026-03-15 09:31:08.534464343,445,6,34915.96584370537,49,20,18757,19577,439.1268291860379,583.3898185284427,1392.5550860196943,0,0,1,1,1,Infiltration,True
2026-03-15 09:31:09.314690064,445,6,130119.39590827683,57,66,15477,30386,789.2076624098727,307.51087870205504,956.462266286095,1,0,1,1,1,Infiltration,True
2026-03-15 09:31:10.922241971,3389,6,116507.84268555624,59,34,8979,26515,554.7771675396041,230.55133589114325,1272.7538177067433,1,0,1,1,0,Infiltration,True
2026-03-15 09:31:12.294087368,445,6,139380.17638740686,35,45,4142,34647,605.6947352841944,346.44414898615025,367.57101888669683,1,0,1,1,0,Infiltration,True
2026-03-15 09:31:13.045575221,139,6,52033.90565012209,27,28,6937,2270,637.3388424708747,450.24726295614977,509.94178349832043,1,0,1,1,0,Infiltration,True
2026-03-15 09:31:14.264543143,5985,6,119754.4634338492,83,84,32251,27861,251.66642779594292,204.66884732291987,212.56102895513595,1,0,1,1,0,Infiltration,True
2026-03-15 09:31:15.788115929,139,6,12972.851786089515,65,24,24172,28467,400.1770594190706,742.0839921419957,1882.631064919567,1,0,1,1,0,Infiltration,True
2026-03-15 09:31:16.596238083,139,6,109184.91688684598,70,92,29981,10151,617.2984259772572,619.8483225998023,1033.5024179551606,0,0,1,1,0,Infiltration,True
2026-03-15 09:31:18.096350205,445,6,145980.14378712093,75,24,30156,16340,472.5006720255862,430.8032925802436,1375.5361736148852,0,0,1,1,0,Infiltration,True
2026-03-15 09:31:19.353015826,3389,6,81036.65939259564,23,22,21239,6585,268.0345409519515,437.0446727997253,629.6891620647771,0,0,1,1,0,Infiltration,True
2026-03-15 09:31:20.122296397,5985,6,163959.0152985008,89,46,14201,12342,772.7274816559114,700.8316210639962,833.8982650354923,1,0,1,1,0,Infiltration,True
2026-03-15 09:31:21.632257256,3389,6,24426.56273821536,87,19,19815,2362,798.4887367942471,621.2175487577499,410.2750768720011,1,0,1,1,0,Infiltration,True
2026-03-15 09:31:22.845526355,3389,6,90435.05908749807,87,36,28166,32917,494.0444540018752,881.7312531116614,1110.2024206862875,0,0,1,1,1,Infiltration,True
2026-03-15 09:31:23.882065738,5985,6,54585.96884003921,27,88,33003,32206,654.8316426135071,344.8278826045701,1522.5540935804177,1,0,1,1,0,Infiltration,True
2026-03-15 09:31:25.425806801,5985,6,83073.6810654113,54,53,17281,14249,499.72173541771394,225.5761575643529,1719.709189755002,1,0,1,1,0,Infiltration,True
2026-03-15 09:31:26.197649831,5985,6,140825.36232698732,95,68,29980,34613,371.20698642441744,768.9001533382591,418.4891854767037,1,0,1,1,0,Infiltration,True
2026-03-15 09:31:27.518516825,5985,6,126475.03155814944,18,41,19838,3210,256.0118359224243,299.4503989817882,968.500151221119,0,0,1,1,1,Infiltration,True
2026-03-15 09:31:29.009201212,139,6,99473.93906832938,86,67,30128,27822,748.0132881841998,721.6014969891756,1510.095664772961,0,0,1,1,1,Infiltration,True
2026-03-15 09:31:29.814385653,3389,6,140163.776432658,56,21,28798,4199,722.8129929446044,885.1987194506067,1268.5770413469265,0,0,1,1,0,Infiltration,True
2026-03-15 09:31:31.392824481,5985,6,148802.2272810523,16,52,5404,39331,515.7577771961087,688.6432856693045,1828.090289722495,1,0,1,1,0,Infiltration,True
2026-03-15 09:31:32.147441506,139,6,24057.152231303662,74,70,5098,6894,577.8480606294144,519.364549138761,920.5718934504935,0,0,1,1,1,Infiltration,True
2026-03-15 09:31:33.593537440,139,6,96818.24138608127,75,64,15984,27310,409.45675927361873,797.548188061671,929.6168952449585,0,0,1,1,1,Infiltration,True
2026-03-15 09:31:34.545198397,139,6,108749.81627603929,60,29,7066,6810,394.7770347486944,628.5641710217453,1887.466036166019,0,0,1,1,0,Infiltration,True
2026-03-15 09:31:36.106742151,445,6,78707.96884026856,36,64,28139,24013,757.7325245261198,379.50883003433296,1542.516303953078,1,0,1,1,0,Infiltration,True
2026-03-15 09:31:37.374360893,445,6,152679.5301298765,75,66,24122,31733,532.9499790665113,704.3259095771887,237.85461464373435,1,0,1,1,1,Infiltration,True
2026-03-15 09:31:38.609915128,5985,6,148172.36675258356,70,50,34702,20055,597.9226269934811,828.0699464024281,203.1806057015261,0,0,1,1,0,Infiltration,True
2026-03-15 09:31:39.888757350,445,6,159049.20520781173,71,98,18058,36713,458.1026675887592,667.3590468473824,342.3177499641759,1,0,1,1,1,Infiltration,True
2026-03-15 09:31:40.903209433,445,6,30047.351275531582,65,33,33265,12441,793.9429048363216,555.4975071745193,794.1229280665734,0,0,1,1,0,Infiltration,True
2026-03-15 09:31:42.161437148,5985,6,164650.54287132897,46,25,2447,26644,744.8650762782156,391.6405051261655,1121.6509997604212,1,0,1,1,0,Infiltration,True
2026-03-15 09:31:43.203454966,3389,6,139157.98131921553,59,20,7435,20229,744.0072003103688,271.329176212861,261.36125365217026,0,0,1,1,1,Infiltration,True
2026-03-15 09:31:44.647642140,3389,6,73462.97898314774,51,54,24150,29677,490.01187353157263,620.088503856972,1723.6804358256024,1,0,1,1,1,Infiltration,True
2026-03-15 09:31:45.686255029,5985,6,75325.85553886306,59,43,10614,14095,554.2611000694835,765.730878843632,1161.4019037174075,1,0,1,1,0,Infiltration,True
2026-03-15 09:31:47.030130843,3389,6,132838.29786834394,97,48,21138,6328,493.4036357968328,361.9326061927526,264.21915617408877,0,0,1,1,1,Infiltration,True
2026-03-15 09:31:47.841271210,3389,6,176465.19914620908,90,66,2942,34805,302.8150314053898,715.72301477987,1959.5113735344319,1,0,1,1,0,Infiltration,True
2026-03-15 09:31:49.198042668,445,6,20477.76512185194,27,68,11472,36200,578.5045331116214,657.3289063165261,1051.8298585609377,1,0,1,1,0,Infiltration,True
2026-03-15 09:31:50.537891352,445,6,117826.17431732114,84,76,11887,13179,225.20720779488772,232.03485846928282,402.0903894407061,1,0,1,1,0,Infiltration,True
2026-03-15 09:31:51.421633052,3389,6,173541.200164104,26,43,16655,17568,677.8291422551025,356.76077308316496,1832.3961307121224,1,0,1,1,0,Infiltration,True
2026-03-15 09:31:52.626803875,3389,6,55309.37561952429,96,36,9654,24688,361.50732079822876,705.8663122265855,213.19110030312277,1,0,1,1,0,Infiltration,True
2026-03-15 09:31:54.286825644,5985,6,36255.71877777956,33,98,13548,30187,665.7498518495486,550.5776756588627,1423.6980126596166,0,0,1,1,0,Infiltration,True
2026-03-15 09:31:55.160766216,3389,6,79395.95383035396,47,32,2141,34371,291.66551688507764,531.4930710973883,1369.0414450017925,0,0,1,1,0,Infiltration,True
2026-03-15 09:31:56.209089271,5985,6,51169.46035992176,96,26,34951,32909,502.0580142257583,519.3863630472986,395.0942726492955,1,0,1,1,0,Infiltration,True
2026-03-15 09:31:57.498878329,139,6,97194.95184872346,25,77,24498,38347,186.53555983486854,717.0082362490389,532.4970003916781,0,0,1,1,1,Infiltration,True
2026-03-15 09:31:58.738425688,445,6,36499.50588547443,37,73,11171,32969,363.72311837619634,524.1535589977723,1175.2019048163875,0,0,1,1,0,Infiltration,True
2026-03-15 09:32:00.073851154,5985,6,52872.148003767696,96,95,28806,19007,569.7214116359971,520.0757338796575,1238.3412139265695,1,0,1,1,0,Infiltration,True
2026-03-15 09:32:01.453808795,3389,6,145497.22267717565,45,89,14240,11711,238.30570609428293,767.8531640545751,542.0084261825745,1,0,1,1,0,Infiltration,True
2026-03-15 09:32:02.691954045,139,6,36788.54322601344,22,38,2390,2780,408.1474840059017,861.7077358795278,825.8391437136753,1,0,1,1,0,Infiltration,True
2026-03-15 09:32:03.691019255,3389,6,61824.41409521542,72,90,22884,17119,508.3966457471686,478.73715529968155,955.3823434667094,0,0,1,1,0,Infiltration,True
2026-03-15 09:32:04.919953416,445,6,150501.9870765049,95,74,31045,18444,574.6106259313772,829.0126528738633,1145.0455044408566,1,0,1,1,0,Infiltration,True
2026-03-15 09:32:05.893097501,3389,6,109582.60553138987,53,55,27052,2723,279.32331499579175,849.5024516913944,1256.4854753054267,0,0,1,1,1,Infiltration,True
2026-03-15 09:32:07.414295157,5985,6,129598.39771861717,93,35,11343,37378,712.4144680029021,242.41848386367556,589.1172381836698,0,0,1,1,1,Infiltration,True
2026-03-15 09:32:08.230679001,139,6,71807.65974086606,91,92,19889,32510,790.0276992507055,409.2992605415126,1028.611371392236,1,0,1,1,1,Infiltration,True
2026-03-15 09:32:09.363828389,139,6,62197.77615250469,44,70,22683,18666,272.8156913580171,518.1318978385124,848.1290470326629,1,0,1,1,0,Infiltration,True
2026-03-15 09:32:11.083953594,3389,6,118425.37392179859,32,30,25311,2965,472.3917658067609,227.0193165173467,1382.2513382570355,1,0,1,1,0,Infiltration,True
2026-03-15 09:32:12.218483206,445,6,26676.7296923628,23,97,23957,24242,225.3395457264831,734.6382507672259,458.890834085147,1,0,1,1,0,Infiltration,True
2026-03-15 09:32:13.082187080,445,6,46138.76548950738,31,89,6085,30621,272.5384728479794,350.191077827365,1026.4925531367085,1,0,1,1,0,Infiltration,True
2026-03-15 09:32:14.505102429,445,6,170679.67619208083,39,22,29559,35187,740.170616755647,405.8091880588358,704.5782988578104,0,0,1,1,0,Infiltration,True
2026-03-15 09:32:15.580211014,3389,6,29489.091575829778,55,92,33376,34594,506.7882510933483,662.4316613713104,591.2367540946375,0,0,1,1,0,Infiltration,True
2026-03-15 09:32:16.693876923,445,6,123975.69341582013,71,25,21940,37647,286.0618090387442,384.53609049856266,297.3109562131922,1,0,1,1,0,Infiltration,True
2026-03-15 09:32:17.872064526,5985,6,75294.91241407942,71,98,21234,18254,367.6474340228643,346.0782344323972,963.7980768478991,1,0,1,1,1,Infiltration,True
2026-03-15 09:32:18.981616467,3389,6,126157.65708710467,31,94,2218,8160,332.0943854226593,227.45492550814427,879.344018490426,1,0,1,1,0,Infiltration,True
2026-03-15 09:32:20.429590849,5985,6,55277.76141461328,57,29,30875,39301,431.25438092943773,863.4745873802462,319.95585386886023,1,0,1,1,0,Infiltration,True
2026-03-15 09:32:21.567958014,445,6,92032.7465536841,36,52,13568,35424,387.45516439969447,644.6248467950675,1016.091148815096,1,0,1,1,1,Infiltration,True
2026-03-15 09:32:22.807311852,445,6,117861.52126883407,38,69,22594,10447,637.536579592934,225.81940395978157,545.1612165277146,1,0,1,1,1,Infiltration,True
2026-03-15 09:32:23.829214300,445,6,82851.55124568463,17,74,5953,35018,413.4834943773456,268.93457660286134,1684.5542675526488,0,0,1,1,0,Infiltration,True
2026-03-15 09:32:25.463166402,445,6,33572.15788417804,48,24,20945,19583,374.5219194737508,231.64916708853087,270.0775007246764,0,0,1,1,1,Infiltration,True
2026-03-15 09:32:26.483154717,5985,6,16612.52912403852,87,39,7667,31151,572.5524704649645,399.6149573499283,560.4429171772139,1,0,1,1,0,Infiltration,True
2026-03-15 09:32:27.839760394,139,6,90312.15042763128,86,71,11603,2155,363.107922771707,626.6419803614256,1354.2486063536467,0,0,1,1,0,Infiltration,True
2026-03-15 09:32:28.565562699,3389,6,162240.94258217866,34,97,11769,17346,724.3634193325846,567.9932146513753,1761.016382854841,0,0,1,1,0,Infiltration,True
2026-03-15 09:32:30.073710579,5985,6,76175.55293805478,33,73,9432,38880,453.4597979468156,205.1673151648234,485.7821329721712,1,0,1,1,0,Infiltration,True
2026-03-15 09:32:31.409677091,5985,6,158318.65126486486,64,86,10764,34779,243.7638083241527,651.669370977678,1560.351248844317,1,0,1,1,0,Infiltration,True
2026-03-15 09:32:32.298552467,3389,6,37526.478335895845,25,94,21206,25034,679.857549894672,216.97614827634382,614.9215649626105,1,0,1,1,0,Infiltration,True
2026-03-15 09:32:33.417085901,139,6,64025.10406393048,49,43,16862,38935,176.0318433993828,684.9225102463658,1576.9010071840066,0,0,1,1,1,Infiltration,True
2026-03-15 09:32:34.659012783,139,6,177710.88161088902,38,63,5069,32175,504.5969034921427,382.7699747614852,279.5447486683254,0,0,1,1,0,Infiltration,True
2026-03-15 09:32:35.863760236,445,6,174966.67874946236,93,74,19546,26081,754.8141972730887,723.217408811274,449.67985128586014,1,0,1,1,0,Infiltration,True
2026-03-15 09:32:37.168319378,3389,6,8615.831669066274,19,31,22940,32279,233.047750406173,795.9094926021082,1604.7014095901159,0,0,1,1,0,Infiltration,True
2026-03-15 09:32:38.295578161,139,6,18304.31013047262,58,64,21127,30248,540.0913189784267,545.6015082591579,1753.6704003812015,1,0,1,1,1,Infiltration,True
2026-03-15 09:32:39.462764443,5985,6,11467.238364399345,78,23,6884,25387,297.3545667017661,564.7353831018197,1701.2408001360536,1,0,1,1,0,Infiltration,True
2026-03-15 09:32:40.889107379,3389,6,93200.36358297672,87,69,23733,31808,191.17966987439019,746.2822690991304,1257.1314136777926,1,0,1,1,0,Infiltration,True
2026-03-15 09:32:41.731819423,445,6,35078.49680593837,77,20,21708,26704,550.1279472753168,497.8875567683319,400.27915014741905,0,0,1,1,0,Infiltration,True
2026-03-15 09:32:43.104218266,139,6,171032.76302635315,15,77,7616,31720,669.0728180333888,896.4675671298246,1298.0130730278745,0,0,1,1,0,Infiltration,True
2026-03-15 09:32:44.513851179,139,6,15438.855344795744,46,24,15641,28964,689.1664437074165,389.09714540433515,1516.0278591812387,1,0,1,1,0,Infiltration,True
2026-03-15 09:32:45.405509849,139,6,177414.07015855898,39,31,10182,11358,221.46363428634584,661.2953451080929,1817.2286118028574,0,0,1,1,0,Infiltration,True
2026-03-15 09:32:46.632556717,445,6,163274.1913501333,55,71,14779,38822,611.6903605608452,740.1937082311416,1004.182395861341,0,0,1,1,0,Infiltration,True
2026-03-15 09:32:47.820399975,445,6,87201.9671096323,45,43,19017,6910,545.5514266895902,450.9743631307357,1652.3935988570338,0,0,1,1,0,Infiltration,True
2026-03-15 09:32:48.900555664,445,6,68003.38596955604,61,22,4670,17720,416.0265749254049,727.3155089003418,431.23681543346777,1,0,1,1,0,Infiltration,True
2026-03-15 09:32:50.384260651,139,6,118575.66686005719,58,98,2473,11508,327.7770807842393,467.01672394566094,791.0439671415862,1,0,1,1,0,Infiltration,True
2026-03-15 09:32:51.323375273,445,6,160878.71458113776,90,95,9053,8672,643.0821007990689,898.7325007288358,608.5286287730896,1,0,1,1,1,Infiltration,True
2026-03-15 09:32:52.663763887,5985,6,150803.89931835033,77,39,13491,23253,589.674111647999,437.6933673195343,1345.2195583205166,1,0,1,1,0,Infiltration,True
2026-03-15 09:32:54.296882054,445,6,159264.51598194675,44,69,17498,25731,781.0536519148955,388.82105664143637,1423.7511210471714,0,0,1,1,0,Infiltration,True
2026-03-15 09:32:55.451037726,3389,6,166487.40720484132,84,31,16094,18797,367.79318403985224,662.7186713608826,1773.623292994683,1,0,1,1,1,Infiltration,True
2026-03-15 09:32:56.229045484,5985,6,151584.67574924472,31,36,23283,30382,564.4686322026078,582.1213246445249,1953.9181943056226,1,0,1,1,0,Infiltration,True
2026-03-15 09:32:57.486001459,445,6,37396.38854440521,86,58,26594,39369,684.028060290307,643.2058371835071,1857.8331035783463,1,0,1,1,0,Infiltration,True
2026-03-15 09:32:58.778222749,5985,6,133612.88976395782,57,75,17959,34884,413.9645704075166,301.528803767971,339.93996857146726,0,0,1,1,1,Infiltration,True
2026-03-15 09:33:00.206648127,5985,6,34826.22386857444,59,37,9980,20802,462.1861871650114,787.6108406304702,1985.8119821295513,1,0,1,1,0,Infiltration,True
2026-03-15 09:33:01.381587564,139,6,37091.333440857576,29,58,13711,25298,362.511547260048,426.7463955372166,1682.7267101572784,1,0,1,1,0,Infiltration,True
2026-03-15 09:33:02.175744861,5985,6,93331.23213284984,62,26,7754,39435,209.14984365541682,349.1183512141736,1189.1794274978804,1,0,1,1,0,Infiltration,True
2026-03-15 09:33:03.374669309,5985,6,165947.20435849644,74,39,3792,7727,228.83719633857498,241.34261516087957,1612.8958703494889,1,0,1,1,0,Infiltration,True
2026-03-15 09:33:04.750039352,139,6,141038.31487903767,72,74,32925,22946,598.1232600793137,389.44014954544855,1751.1392824312827,1,0,1,1,0,Infiltration,True
2026-03-15 09:33:06.222057233,139,6,120316.13414732479,21,71,15246,24479,435.208896568945,718.2261950508694,1956.7519705069624,1,0,1,1,0,Infiltration,True
2026-03-15 09:33:07.429250999,5985,6,109485.844798329,57,87,4713,9229,216.59710193294467,557.3609540784843,310.91787731478644,0,0,1,1,1,Infiltration,True
2026-03-15 09:33:08.164419509,139,6,6306.116134684934,25,38,16540,16126,533.5150087028378,875.8098086127013,1333.5358396302704,1,0,1,1,0,Infiltration,True
2026-03-15 09:33:09.644578372,445,6,160235.5302346884,39,26,2170,27951,444.37658803090017,862.3783770082206,981.0570228951033,1,0,1,1,0,Infiltration,True
2026-03-15 09:33:10.593405118,139,6,57495.310185210124,68,27,32327,20627,161.4680878504486,434.6465937686112,1117.6742347553964,1,0,1,1,0,Infiltration,True
2026-03-15 09:33:12.111677586,5985,6,30942.32798503781,96,19,34917,9009,686.2454825806936,644.0277857506871,547.6248498059373,1,0,1,1,1,Infiltration,True
2026-03-15 09:33:13.449859948,3389,6,136588.37270079344,78,89,23055,4414,775.2684789534885,857.4333962075542,1809.4371944971883,1,0,1,1,1,Infiltration,True
2026-03-15 09:33:14.372861575,3389,6,91136.52600450942,66,46,32723,22670,703.5246722584975,508.38216304244014,690.08790114352,1,0,1,1,0,Infiltration,True
2026-03-15 09:33:15.349849664,445,6,36978.53344894889,68,78,18147,16995,607.4117504159095,310.00220124607824,253.5572819073326,0,0,1,1,0,Infiltration,True
2026-03-15 09:33:16.847552517,3389,6,91199.02803926352,79,51,27212,23523,309.4189410637305,837.6350163474535,1572.7681768244336,0,0,1,1,0,Infiltration,True
2026-03-15 09:33:17.945110002,3389,6,77225.2549217128,52,54,25943,15950,472.58766472024115,448.9214993329231,1006.2598091230993,1,0,1,1,1,Infiltration,True
2026-03-15 09:33:19.386539251,3389,6,28365.26889354124,27,71,18429,16346,516.5098450031112,629.367509720213,657.1215296261541,1,0,1,1,0,Infiltration,True
2026-03-15 09:33:20.304206678,139,6,91780.72674704382,68,65,2144,25260,550.9831860742929,781.4263872531826,1074.0755635042715,1,0,1,1,1,Infiltration,True
2026-03-15 09:33:21.824938320,139,6,159219.18497067146,43,87,15891,24417,752.8117959100547,507.6520311305699,796.4768907101557,1,0,1,1,0,Infiltration,True
2026-03-15 09:33:22.664220244,5985,6,120564.51967890673,26,50,5097,21071,396.16690914038804,757.6887759209706,1262.5421625838867,1,0,1,1,1,Infiltration,True
2026-03-15 09:33:23.794510581,3389,6,94167.12722378422,82,78,10388,14942,508.8223190054118,367.1334481134146,1594.5236080458312,0,0,1,1,0,Infiltration,True
2026-03-15 09:33:25.083888226,139,6,115729.49353158989,76,74,13217,16996,641.2032203784389,831.3836288326371,454.13428622461015,1,0,1,1,0,Infiltration,True
2026-03-15 09:33:26.120949475,445,6,144271.15738076306,53,81,27874,5628,415.5283829883743,387.0875985732141,816.6656446486244,1,0,1,1,0,Infiltration,True
2026-03-15 09:33:27.468747580,3389,6,166690.75400265303,53,53,15517,27332,579.0296072972912,712.1800468275887,1984.1989528601744,1,0,1,1,0,Infiltration,True
2026-03-15 09:33:28.896070580,5985,6,179981.0102897495,83,32,3251,25332,539.6147167558033,567.4390954146882,1769.3185476153512,1,0,1,1,0,Infiltration,True
2026-03-15 09:33:29.785369787,3389,6,23024.904141299892,37,29,4966,35695,213.96614443206454,652.3211131258727,1414.0637276168343,0,0,1,1,0,Infiltration,True
2026-03-15 09:33:30.966818983,445,6,78514.13754936255,86,91,18482,35276,269.0754003794608,507.50036313213496,648.2405771604717,0,0,1,1,0,Infiltration,True
2026-03-15 09:33:32.179431174,139,6,114644.36598203161,33,39,6627,8295,675.4757782212271,603.1004459912572,1738.9389915032305,1,0,1,1,0,Infiltration,True
2026-03-15 09:33:33.346531004,5985,6,177724.18669932996,62,84,13814,3907,256.060755018057,857.9480680900158,611.7222077473514,1,0,1,1,0,Infiltration,True
2026-03-15 09:33:35.024781247,445,6,108263.45746616696,89,49,28133,17046,358.4969682593429,710.5960033834398,1516.6987256360967,1,0,1,1,0,Infiltration,True
2026-03-15 09:33:36.266469069,3389,6,90996.41429013819,69,51,29197,36240,736.6956791224874,567.1477840768578,1092.0476508551292,0,0,1,1,0,Infiltration,True
2026-03-15 09:33:36.927936691,445,6,43557.309095871475,80,57,21095,17132,341.09325145199756,348.5356233582295,1741.3930532374632,1,0,1,1,0,Infiltration,True
2026-03-15 09:33:38.556043068,3389,6,83815.77703294183,34,16,32546,11791,674.9143789143685,691.9199801582672,1489.422106017135,0,0,1,1,0,Infiltration,True
2026-03-15 09:33:39.742291048,5985,6,150593.25972000498,73,30,13044,4856,700.1661976226184,746.5276663968665,442.5419238604395,1,0,1,1,0,Infiltration,True
2026-03-15 09:33:41.098145654,139,6,50021.22859215612,27,71,25232,32478,676.8114741661902,216.48088140442553,158.00050609249928,0,0,1,1,1,Infiltration,True
2026-03-15 09:33:41.908722397,139,6,171519.52574384847,95,41,20201,23162,176.87702438919246,200.88320647769137,179.1532596984178,0,0,1,1,1,Infiltration,True
2026-03-15 09:33:43.071305395,445,6,162204.61592889542,69,65,29551,28270,379.90781702467456,293.8106827573684,341.22347672641365,0,0,1,1,0,Infiltration,True
2026-03-15 09:33:44.371849272,5985,6,8349.27280948559,98,73,11913,16776,493.30140590836675,535.1928448484498,674.3486373544974,0,0,1,1,0,Infiltration,True
2026-03-15 09:33:45.813945106,445,6,136198.05349071938,88,95,32738,30087,699.708260918384,705.7960349464331,1894.5582373062036,0,0,1,1,1,Infiltration,True
2026-03-15 09:33:46.937156185,139,6,93927.666209457,39,52,30993,19698,431.17946445620834,813.9462873038589,1897.164203394872,1,0,1,1,0,Infiltration,True
2026-03-15 09:33:47.982974288,5985,6,67228.70584792229,50,98,24142,15615,575.1835148618727,526.7645390909452,632.932232376148,0,0,1,1,0,Infiltration,True
2026-03-15 09:33:49.046737705,445,6,161131.3293093094,28,64,9408,22960,161.37610989312074,739.6957096074034,539.659782618028,0,0,1,1,0,Infiltration,True
2026-03-15 09:33:50.536209444,3389,6,144421.52124571457,26,90,29564,13364,387.52083203138045,376.32640534935285,1489.3295420622107,0,0,1,1,1,Infiltration,True
2026-03-15 09:33:51.812716120,3389,6,133177.69416896236,72,44,33096,10697,382.5314931965176,439.6061797061053,1919.8135633676093,1,0,1,1,0,Infiltration,True
2026-03-15 09:33:52.739970738,139,6,68750.35375562575,39,85,17383,37399,583.9279351620362,307.8371564362685,1983.2517616135979,0,0,1,1,0,Infiltration,True
2026-03-15 09:33:54.101151267,5985,6,158153.4118250708,44,67,13177,37185,701.2617387353756,224.50475426343604,1420.6076306943387,1,0,1,1,0,Infiltration,True
2026-03-15 09:33:55.140127212,445,6,145161.18760516978,92,18,14113,34660,288.17796138386916,354.377323826052,1240.0627609087453,1,0,1,1,0,Infiltration,True
2026-03-15 09:33:56.387096062,445,6,100992.77952280731,94,36,14621,36595,706.5991378381757,280.9374190926341,616.7303957150825,1,0,1,1,0,Infiltration,True
2026-03-15 09:33:57.614946227,3389,6,13831.242571018827,84,54,14797,9213,409.7040592293379,753.4555376431736,1962.8524124227415,1,0,1,1,0,Infiltration,True
2026-03-15 09:33:58.965435488,3389,6,128289.40835048283,91,79,24706,4272,434.43309149257846,549.8206182645945,718.7209486198893,1,0,1,1,1,Infiltration,True
2026-03-15 09:34:00.286503590,445,6,115911.81352000218,86,86,28208,39650,166.69185078004557,559.4185327111967,908.4775742567319,1,0,1,1,1,Infiltration,True
2026-03-15 09:34:01.166619697,445,6,71824.08648044904,19,16,3175,12445,384.2858772289708,673.0849829339195,1821.0629258118474,0,0,1,1,1,Infiltration,True
2026-03-15 09:34:02.305389003,5985,6,66801.8426394091,76,55,2533,28031,552.5090663393867,792.9853581565874,1319.1319886825302,1,0,1,1,0,Infiltration,True
2026-03-15 09:34:03.524154603,445,6,51000.85600016822,37,18,14771,33059,458.25039567542683,813.527748942151,834.849956939727,0,0,1,1,0,Infiltration,True
2026-03-15 09:34:04.580333441,3389,6,128242.16163392813,66,44,5005,38543,521.1010698119278,583.7909907540737,321.9045727508303,1,0,1,1,0,Infiltration,True
2026-03-15 09:34:05.878163242,445,6,99854.80947594138,25,30,7287,37256,172.33569553851225,390.8028768962512,274.95908420991736,0,0,1,1,0,Infiltration,True
2026-03-15 09:34:06.951868447,139,6,11783.745402094883,17,76,8793,38109,403.5361855120159,361.10369917887044,745.9794565668559,1,0,1,1,0,Infiltration,True
2026-03-15 09:34:08.356736557,445,6,7633.535915753515,70,61,27640,6156,188.57168852626697,429.1200458437785,653.3955831277513,0,0,1,1,0,Infiltration,True
2026-03-15 09:34:09.400414361,445,6,48949.70386155472,56,27,3065,20295,573.412685638153,694.6568342634286,904.9685368917811,1,0,1,1,1,Infiltration,True
2026-03-15 09:34:10.707844047,5985,6,67421.23765637883,85,85,28806,31349,336.6047835568579,432.9575509060954,490.25366238832083,1,0,1,1,1,Infiltration,True
2026-03-15 09:34:12.176146649,139,6,67069.76971549282,62,43,15537,4597,484.2736132957789,586.9031200698937,1277.9007499965953,1,0,1,1,0,Infiltration,True
2026-03-15 09:34:13.047556590,3389,6,124757.24729640041,74,71,33533,37205,628.6918279305129,582.5932711494968,1811.2224939752666,1,0,1,1,0,Infiltration,True
2026-03-15 09:34:14.467136772,445,6,176931.9194486172,83,77,8825,13195,420.0431662945047,627.402151743257,1930.940422865009,0,0,1,1,1,Infiltration,True
2026-03-15 09:34:15.840708851,139,6,141248.3731505525,24,74,25786,24354,521.6183005180711,397.43663323594177,403.912845684957,0,0,1,1,0,Infiltration,True
2026-03-15 09:34:16.840157512,3389,6,154299.064048294,70,92,7236,33014,229.21573641722873,466.06852149680253,470.3912054118822,0,0,1,1,1,Infiltration,True
2026-03-15 09:34:17.816275567,3389,6,78454.41457586414,78,24,13718,9560,698.3690214894069,487.1118051423805,1881.5616993371439,1,0,1,1,0,Infiltration,True
2026-03-15 09:34:19.106859716,445,6,140354.8474082567,53,51,29578,26906,415.46953807685105,397.9382257428547,1813.8585453364549,1,0,1,1,0,Infiltration,True
2026-03-15 09:34:20.454221524,445,6,76465.29618054755,52,50,31825,37408,457.89429191814776,212.8995744714575,1500.6581195359424,0,0,1,1,0,Infiltration,True
2026-03-15 09:34:21.603966683,3389,6,138474.05941066385,58,65,20154,32301,731.0750431937465,832.3296045590374,928.2647731796804,1,0,1,1,0,Infiltration,True
2026-03-15 09:34:22.589171901,445,6,98491.57535981858,49,22,25650,20771,296.34647550469214,758.4935886462272,1720.2801948695674,0,0,1,1,1,Infiltration,True
2026-03-15 09:34:23.968077806,3389,6,6723.985635532954,24,49,2451,36453,679.173313093803,417.98273683133675,1860.5640750059918,1,0,1,1,0,Infiltration,True
2026-03-15 09:34:25.225840016,139,6,85338.72993773458,24,68,8073,21216,436.4331222841961,331.91877827119447,1443.7798931516343,0,0,1,1,1,Infiltration,True
2026-03-15 09:34:26.260399628,5985,6,43772.73757574805,49,76,30368,34713,259.2749747067628,702.9590692386972,701.5767781381566,1,0,1,1,0,Infiltration,True
2026-03-15 09:34:27.667467309,445,6,142121.23012664355,94,63,22494,30172,791.8709976169597,697.6745337951381,665.8795553774692,1,0,1,1,1,Infiltration,True
2026-03-15 09:34:28.542096059,139,6,120418.81853855356,51,52,18183,4342,623.7229619969512,510.5529639538803,790.861388748666,1,0,1,1,0,Infiltration,True
2026-03-15 09:34:29.901964220,445,6,137451.96675069002,58,92,34955,28001,796.2901861070579,310.2416417758747,435.521416108672,1,0,1,1,0,Infiltration,True
2026-03-15 09:34:31.382566099,139,6,123815.23200679007,88,80,2415,34155,287.57526513138146,512.8571544188819,1429.2978307125813,1,0,1,1,0,Infiltration,True
2026-03-15 09:34:32.255570880,3389,6,129786.65371569428,91,95,22523,10769,227.63323101179964,294.51306215947426,996.5803859585866,0,0,1,1,0,Infiltration,True
2026-03-15 09:34:33.663106110,139,6,48213.156160461054,22,57,13456,5632,343.07466594212804,233.74079381103192,725.4088135286524,1,0,1,1,0,Infiltration,True
2026-03-15 09:34:34.746017828,5985,6,148249.56004969662,66,37,27121,7159,472.82637490555396,691.2320144977068,1713.6267976626575,0,0,1,1,1,Infiltration,True
2026-03-15 09:34:35.889876085,5985,6,92900.23760588195,56,73,30331,7357,642.2973557885623,597.3574065060847,400.500331605627,0,0,1,1,1,Infiltration,True
2026-03-15 09:34:37.449679012,139,6,156636.12274502005,65,98,5580,27619,569.722758634225,345.97333214389494,1338.2547510120555,1,0,1,1,0,Infiltration,True
2026-03-15 09:34:38.305957030,5985,6,19874.02429524128,73,53,18628,31585,689.4875469065814,543.0107197789785,802.2831541970886,1,0,1,1,0,Infiltration,True
2026-03-15 09:34:39.442005540,5985,6,21008.80411468297,35,84,9009,6807,421.2244095772477,488.2221962296308,1968.6671822960002,1,0,1,1,1,Infiltration,True
2026-03-15 09:34:41.045580789,5985,6,52690.252092970026,71,25,13917,9437,502.3890335179719,254.5378671904909,1822.1519030215652,0,0,1,1,0,Infiltration,True
2026-03-15 09:34:42.147566613,445,6,89801.13540373773,16,42,27879,8328,790.678642162938,395.7525252720176,1518.11850583145,1,0,1,1,0,Infiltration,True
2026-03-15 09:34:43.309079828,5985,6,98569.36629477344,38,60,30413,36443,346.98359442135666,230.23328720700658,1273.6966538101271,1,0,1,1,0,Infiltration,True
2026-03-15 09:34:44.129720965,3389,6,118086.96281604549,77,95,12499,36332,582.684980645543,871.4988015489317,881.9030432984507,0,0,1,1,0,Infiltration,True
2026-03-15 09:34:45.378722976,3389,6,145248.62809088433,71,27,32953,17541,392.4913714882373,397.1659424982802,1272.670772025402,1,0,1,1,0,Infiltration,True
2026-03-15 09:34:46.883003978,3389,6,39148.705955517806,70,52,7843,4822,488.25040471188225,349.9396729670274,1794.9725406299874,1,0,1,1,1,Infiltration,True
2026-03-15 09:34:47.825659701,139,6,83189.7371645717,24,38,7946,31291,411.60515015269857,419.6124001008494,1848.694552201103,1,0,1,1,1,Infiltration,True
2026-03-15 09:34:49.035382791,445,6,7508.204525359348,41,59,28278,2693,542.907189433069,555.8935917981322,946.2018170096301,0,0,1,1,0,Infiltration,True
2026-03-15 09:34:50.567483109,3389,6,47351.43794005502,41,98,7901,17606,168.51640895395826,352.5126886648451,1846.5124747595146,1,0,1,1,0,Infiltration,True
2026-03-15 09:34:51.471554969,5985,6,145772.2711446155,76,27,29809,26336,724.0699520694902,530.3775495586387,458.72810724605677,1,0,1,1,1,Infiltration,True
2026-03-15 09:34:52.542952381,139,6,71348.2710437248,88,77,11374,24686,312.4104140631059,369.9437308096105,487.3759050487207,0,0,1,1,0,Infiltration,True
2026-03-15 09:34:53.721859168,3389,6,131850.4884876471,72,24,30811,18186,577.5950062808865,581.466064939822,1607.7336538790066,1,0,1,1,0,Infiltration,True
2026-03-15 09:34:55.165906792,445,6,159939.1139155246,92,82,14006,8380,484.89885013692214,767.5862179542104,1533.8324445656522,1,0,1,1,0,Infiltration,True
2026-03-15 09:34:56.470277146,5985,6,133811.48976267685,28,16,19006,37026,279.2913190021392,461.4024723550651,1709.6994472815613,1,0,1,1,0,Infiltration,True
2026-03-15 09:34:57.821331140,5985,6,102196.28608832453,45,35,29900,17261,446.5927376859115,704.1037441040701,1014.3571499858604,1,0,1,1,1,Infiltration,True
2026-03-15 09:34:58.566482637,5985,6,80474.20264390139,34,57,31737,8958,761.6523283314526,378.538755551702,485.50225384662195,1,0,1,1,1,Infiltration,True
2026-03-15 09:34:59.818003695,445,6,49550.706950364336,73,58,10743,30089,542.0981245384141,869.9712988066505,1795.411786222194,1,0,1,1,0,Infiltration,True
2026-03-15 09:35:01.217880366,445,6,74253.22055490178,59,83,23496,26722,176.82192206146107,252.95155328874526,1040.5063410178727,1,0,1,1,1,Infiltration,True
2026-03-15 09:35:02.318465017,3389,6,146345.0846053443,26,81,31551,2169,255.17040651377192,372.41921014579634,1376.1495505464297,0,0,1,1,1,Infiltration,True
2026-03-15 09:35:03.589522470,139,6,137406.99688486286,74,82,33793,30132,233.6549370976458,711.6244679627264,1258.5014751706021,0,0,1,1,0,Infiltration,True
2026-03-15 09:35:05.054474789,3389,6,100008.89057502053,50,90,7957,6319,772.4397972357823,448.23662592862735,430.2315457699734,1,0,1,1,0,Infiltration,True
2026-03-15 09:35:06.026934992,3389,6,165508.80477950416,47,54,32511,11246,295.9133239161894,224.18597064537943,1521.5719646063665,0,0,1,1,1,Infiltration,True
2026-03-15 09:35:07.149072366,5985,6,129538.14356733196,61,91,8704,23597,421.79905736502354,449.748087477136,1086.370617325454,1,0,1,1,1,Infiltration,True
2026-03-15 09:35:08.693663944,445,6,109004.27811652223,88,34,15202,13225,738.6742689597584,346.7460572562877,325.613644756752,1,0,1,1,0,Infiltration,True
2026-03-15 09:35:09.339129401,5985,6,30481.042812956286,78,16,23990,23114,733.1470668420446,234.9067884807347,713.3161196747604,1,0,1,1,0,Infiltration,True
2026-03-15 09:35:11.059268069,445,6,78827.99948274056,25,52,34500,21088,796.6682351395898,671.5549049945478,1051.0613713227817,0,0,1,1,0,Infiltration,True
2026-03-15 09:35:12.000997105,139,6,43320.12409997126,93,63,13400,12678,558.9999851745592,736.9119184320203,1319.2481536014418,1,0,1,1,1,Infiltration,True
2026-03-15 09:35:13.202253802,445,6,175181.53315721033,61,53,9486,5194,498.0078120120887,739.7084518429727,902.8621837025985,1,0,1,1,1,Infiltration,True
2026-03-15 09:35:14.653178600,5985,6,120024.23382042008,16,62,25337,2813,624.4664628910077,291.6211024001468,1071.860565422475,1,0,1,1,0,Infiltration,True
2026-03-15 09:35:15.604394387,5985,6,142390.84166264662,43,64,13003,29773,634.7679580399026,681.836201070978,1551.875257510095,0,0,1,1,0,Infiltration,True
2026-03-15 09:35:16.763044254,5985,6,146531.48047394084,28,19,33550,10399,158.34365522652038,896.5500506680127,1790.0804814788585,0,0,1,1,0,Infiltration,True
2026-03-15 09:35:17.863493155,5985,6,177306.97521847885,55,55,30041,38230,503.47775872299354,441.0542617277266,446.9791279893043,0,0,1,1,1,Infiltration,True
2026-03-15 09:35:19.295290060,5985,6,76353.18635429884,42,37,32927,21530,392.62873740960197,836.6955967331369,1890.1008713977385,1,0,1,1,0,Infiltration,True
2026-03-15 09:35:20.441787054,445,6,26955.21500223199,82,82,20496,33883,614.6487541969615,436.17394447746346,1356.98812868429,1,0,1,1,1,Infiltration,True
2026-03-15 09:35:21.428607262,5985,6,51169.367742039096,26,38,15322,13944,730.9058122050043,394.889657767162,1082.6663203041942,1,0,1,1,0,Infiltration,True
2026-03-15 09:35:22.925647749,5985,6,143665.70575220406,63,55,18622,35997,506.4244920730502,783.1439772762411,240.81530843746503,1,0,1,1,0,Infiltration,True
2026-03-15 09:35:24.086452114,139,6,103286.57288886387,31,68,26766,13392,690.7708463818147,405.08573347894736,701.9521013169406,0,0,1,1,1,Infiltration,True
2026-03-15 09:35:25.138400330,139,6,30899.315190110294,22,27,29590,2267,402.3743344863249,505.8325321329202,984.5634218309831,1,0,1,1,0,Infiltration,True
2026-03-15 09:35:26.102640553,5985,6,111653.16836288401,15,19,7650,39033,655.292965722937,372.08423886635114,1547.2863249611103,1,0,1,1,1,Infiltration,True
2026-03-15 09:35:27.567948690,445,6,67677.7965669148,57,70,29434,23592,658.8126885325019,430.5347330275358,1259.0556228328671,1,0,1,1,0,Infiltration,True
2026-03-15 09:35:28.503634870,139,6,163025.56349475528,17,33,23145,16688,633.0156368178928,210.9590765857902,579.3415819329576,1,0,1,1,1,Infiltration,True
2026-03-15 09:35:29.744999093,3389,6,115182.97997601746,46,49,6861,24377,604.9292660109389,484.47671826768686,1193.390852688529,0,0,1,1,0,Infiltration,True
2026-03-15 09:35:31.158365941,445,6,71500.828456055,80,71,27675,35941,385.69509042469997,739.5963509372117,383.76275633071,0,0,1,1,0,Infiltration,True
2026-03-15 09:35:32.149151930,3389,6,119764.9025949885,41,40,20922,14282,710.1167530965664,829.9203482237846,1838.1937118742135,0,0,1,1,1,Infiltration,True
2026-03-15 09:35:33.465399260,139,6,50175.66990710013,79,33,9478,27229,684.3447213812565,625.2702308873389,179.30813047664432,0,0,1,1,1,Infiltration,True
2026-03-15 09:35:34.893294821,445,6,110371.16952573913,21,87,29872,7574,769.1864134313057,345.20315813486434,711.5084644897539,1,0,1,1,0,Infiltration,True
2026-03-15 09:35:35.885169205,139,6,65216.73640722793,65,62,26409,16149,436.83570858652797,258.6430140224546,1853.7425045258021,1,0,1,1,1,Infiltration,True
2026-03-15 09:35:37.498589156,139,6,157791.51811502103,53,66,31358,5247,195.88432401999486,750.2562091671426,1106.6039808117644,0,0,1,1,0,Infiltration,True
2026-03-15 09:35:38.649781220,139,6,21921.73427431015,98,50,14020,28586,555.0134909656533,288.4647116916129,1297.8371650310692,0,0,1,1,0,Infiltration,True
2026-03-15 09:35:39.651185942,3389,6,112987.44241474941,29,91,30685,30557,255.60531507526707,321.8824877583173,1018.2639940391159,0,0,1,1,0,Infiltration,True
2026-03-15 09:35:41.080168283,3389,6,23672.66554154375,36,26,20041,15014,308.2944507001279,240.7424289802919,1131.3555462405905,0,0,1,1,0,Infiltration,True
2026-03-15 09:35:42.220810376,445,6,67014.06506909485,74,15,3115,33367,386.42291043926514,666.1276294367169,1461.2124218528388,1,0,1,1,0,Infiltration,True
2026-03-15 09:35:43.091339111,139,6,76303.34125363312,51,65,12096,6144,377.15253210090987,523.7609667928641,397.4063749964789,1,0,1,1,0,Infiltration,True
2026-03-15 09:35:44.549757747,445,6,44162.22751433466,69,72,4105,33291,457.93437246772856,612.026450073206,655.0535294230901,1,0,1,1,0,Infiltration,True
2026-03-15 09:35:45.382099070,139,6,133874.96586421592,26,59,6216,10936,469.29092602337755,705.6888391821542,1993.2059802421484,0,0,1,1,0,Infiltration,True
2026-03-15 09:35:46.910730854,139,6,122669.11151495893,47,30,8882,26428,721.6218663165839,589.01405729931,1037.586733820901,1,0,1,1,1,Infiltration,True
2026-03-15 09:35:47.994649095,3389,6,33543.1062920615,34,74,23490,27281,686.427053904777,411.45165241752716,355.31259664492273,1,0,1,1,0,Infiltration,True
2026-03-15 09:35:48.910095563,445,6,75249.64377694318,87,50,27475,33168,321.8753589638559,643.2393414179469,1997.489484663556,1,0,1,1,0,Infiltration,True
2026-03-15 09:35:50.264537893,5985,6,98646.19172869388,39,89,12635,30838,503.09467474472336,714.872248724698,1302.4533908618898,1,0,1,1,0,Infiltration,True
2026-03-15 09:35:51.873229330,3389,6,79062.01924060944,56,85,23062,30584,268.32538776722174,244.7761367601092,1358.3609104203642,1,0,1,1,0,Infiltration,True
2026-03-15 09:35:52.689498891,445,6,71789.66561597925,17,90,7897,29924,409.28315603422624,777.3711816514024,1799.0359684265777,0,0,1,1,0,Infiltration,True
2026-03-15 09:35:53.808872673,445,6,22249.49195915488,80,92,5157,4478,759.2294366965262,649.0128188187484,1605.022037010026,0,0,1,1,0,Infiltration,True
2026-03-15 09:35:55.012518867,139,6,120266.5447253194,24,82,21811,17289,569.1937580814732,880.0694443125603,1057.113881367527,1,0,1,1,0,Infiltration,True
2026-03-15 09:35:56.387527958,5985,6,23943.181603489276,48,29,32641,6499,239.24984844744355,382.32990689880575,665.1289169197049,1,0,1,1,0,Infiltration,True
2026-03-15 09:35:57.805589544,445,6,65013.853450619725,93,42,4092,11841,697.73781097053,454.3018471042551,280.25250729845993,1,0,1,1,1,Infiltration,True
2026-03-15 09:35:58.954801059,5985,6,179504.42161641622,89,48,20558,6830,395.5627398803289,609.8970792324383,230.04925319064432,0,0,1,1,1,Infiltration,True
2026-03-15 09:35:59.962111204,3389,6,31415.95847759576,18,36,21173,24138,761.2065266316243,380.2641607599817,1285.4550825438257,1,0,1,1,0,Infiltration,True
2026-03-15 09:36:01.025236130,5985,6,43774.29921418431,65,73,14138,21426,470.9561582709537,541.8635101365156,358.17604721418263,1,0,1,1,0,Infiltration,True
2026-03-15 09:36:02.127638940,3389,6,82150.20835145947,30,48,23220,30324,682.4138903568379,790.3184044218086,1298.087827560142,1,0,1,1,0,Infiltration,True
2026-03-15 09:36:03.577578191,3389,6,73793.49642542232,25,54,29486,22015,670.5662446323275,722.1059773778259,511.82522570355655,1,0,1,1,1,Infiltration,True
2026-03-15 09:36:04.988865209,5985,6,179799.21384322175,38,74,19328,25106,618.3235443495744,233.56905173852925,1422.1259844179617,1,0,1,1,0,Infiltration,True
2026-03-15 09:36:06.137809196,445,6,63559.430223856674,50,38,34955,17484,522.7349708485328,733.4413998266123,1790.2404304969327,1,0,1,1,0,Infiltration,True
2026-03-15 09:36:07.145160460,5985,6,109185.91203257296,46,77,6780,15662,480.7128997981822,640.5049424219046,276.76225783538735,1,0,1,1,1,Infiltration,True
2026-03-15 09:36:08.456821603,139,6,142207.21825903765,85,61,20665,35131,640.5986799475832,758.1059979250471,1616.9922425351062,1,0,1,1,1,Infiltration,True
2026-03-15 09:36:09.561747912,139,6,93157.56906815805,23,18,29239,3915,250.87692921789284,481.1267689775109,1193.506116734985,1,0,1,1,0,Infiltration,True
2026-03-15 09:36:10.847409665,445,6,42910.44692245083,60,87,28051,12069,707.7154047829438,546.5501171402811,224.88176064157392,1,0,1,1,0,Infiltration,True
2026-03-15 09:36:12.010503146,445,6,106872.86938651152,89,55,34717,26713,309.7073186477072,510.3525288253381,1368.0887255094783,0,0,1,1,0,Infiltration,True
2026-03-15 09:36:13.308579960,139,6,114252.00044484349,69,47,3470,31762,321.4011340986043,503.4102176352324,1102.7839042137864,1,0,1,1,0,Infiltration,True
2026-03-15 09:36:14.404625306,3389,6,21105.18569637263,33,69,34713,31669,685.0776749864873,564.043336227724,1597.5043377580912,0,0,1,1,0,Infiltration,True
2026-03-15 09:36:15.864366598,445,6,176129.26319982103,31,23,16954,25584,772.9132287224785,288.67165286180546,1704.0703616197543,0,0,1,1,0,Infiltration,True
2026-03-15 09:36:16.756816908,139,6,133734.59278422734,29,81,3181,22369,603.008574337962,297.74031125622133,564.5467173886827,0,0,1,1,0,Infiltration,True
2026-03-15 09:36:17.709549781,139,6,84888.7494828383,23,57,21171,37936,623.2492667258944,879.1077336960243,1550.2776617730617,1,0,1,1,0,Infiltration,True
2026-03-15 09:36:19.041824121,139,6,73478.54053199895,29,99,18228,30169,501.94147687032586,866.7299228276463,683.769360617668,1,0,1,1,0,Infiltration,True
2026-03-15 09:36:20.400364114,5985,6,32276.662533517763,46,81,34998,26297,274.741241965808,489.46003719447543,1335.394357668711,1,0,1,1,0,Infiltration,True
2026-03-15 09:36:21.624343111,5985,6,50618.280413136206,76,37,12065,28709,466.91293402562263,331.8350273242046,1263.7933609884037,1,0,1,1,1,Infiltration,True
2026-03-15 09:36:22.831430873,445,6,70520.80830408959,24,77,19771,38506,490.2241612152866,433.7515217187578,438.2056398391513,0,0,1,1,1,Infiltration,True
2026-03-15 09:36:24.128731258,445,6,52366.41385704503,37,37,26639,17261,285.48734470828515,682.0399442238772,976.1997743342837,0,0,1,1,0,Infiltration,True
2026-03-15 09:36:25.064788885,5985,6,141060.71462866405,66,23,26306,4702,742.6267610116242,874.3839919969472,1127.8413974122732,0,0,1,1,0,Infiltration,True
2026-03-15 09:36:26.498942207,5985,6,54459.91371908887,28,47,24567,35130,239.00984285655878,699.1229676969901,626.2001735868497,0,0,1,1,0,Infiltration,True
2026-03-15 09:36:27.722419363,445,6,18787.943580597843,58,68,17800,2730,301.4674491585798,515.3483553950539,1317.2426472426075,0,0,1,1,1,Infiltration,True
2026-03-15 09:36:28.746768451,139,6,89126.66185923063,93,63,10989,24831,760.1513373999048,293.50149273560726,702.5760197013001,0,0,1,1,0,Infiltration,True
2026-03-15 09:36:29.941301459,445,6,5359.913519299126,90,32,11007,30443,283.51142173786775,734.8521219190984,919.3975308792745,0,0,1,1,1,Infiltration,True
2026-03-15 09:36:31.007354871,5985,6,112122.00553449079,68,18,6957,35753,667.7571745730319,897.4612173321136,1391.0524470430466,1,0,1,1,1,Infiltration,True
2026-03-15 09:36:32.348392425,3389,6,13816.637338901386,22,50,28766,29823,383.637068893232,241.24196565972355,355.2383480023304,0,0,1,1,1,Infiltration,True
2026-03-15 09:36:33.772089775,445,6,138676.55240149144,76,40,32007,29786,632.9990769230689,455.20536359176424,1603.5193558800445,1,0,1,1,1,Infiltration,True
2026-03-15 09:36:35.045383803,139,6,137487.31760790967,85,15,18814,28592,216.0676458041129,582.2669140981827,441.04514034447624,1,0,1,1,1,Infiltration,True
2026-03-15 09:36:36.056167914,3389,6,31720.044901893638,39,86,12378,15290,269.3152230564992,688.0576268146683,1452.9988850925854,1,0,1,1,0,Infiltration,True
2026-03-15 09:36:37.079622206,445,6,97688.68194068994,15,95,29141,16580,425.3171087257547,545.9840351579189,480.06136219993743,0,0,1,1,0,Infiltration,True
2026-03-15 09:36:38.509373831,445,6,110789.44293773234,28,86,14734,12831,507.3377110885539,357.9798235869255,722.8850380371648,1,0,1,1,0,Infiltration,True
2026-03-15 09:36:39.744087725,139,6,151361.60024786234,49,85,33016,20914,198.2419204018659,331.64293659457695,150.86720937873318,0,0,1,1,0,Infiltration,True
2026-03-15 09:36:40.699327667,5985,6,100577.21852484898,75,65,3179,2814,679.1976833442576,219.97470091700012,385.0421763824664,1,0,1,1,0,Infiltration,True
2026-03-15 09:36:42.195928716,3389,6,8723.501205318356,24,64,18014,23377,674.3234438296643,254.5296638545601,1809.8085127278982,0,0,1,1,0,Infiltration,True
2026-03-15 09:36:42.944217499,3389,6,47745.76373362512,19,93,28900,21900,281.2218230152049,627.9574450108172,190.0755290726116,1,0,1,1,1,Infiltration,True
2026-03-15 09:36:44.106452230,445,6,17172.330335546707,15,15,10922,17426,701.8891987982247,854.6352179251833,1632.1630636947557,1,0,1,1,0,Infiltration,True
2026-03-15 09:36:45.373782463,5985,6,137421.14254150412,82,55,8059,6080,665.1758180880528,830.6131498373675,1499.7939381847668,1,0,1,1,1,Infiltration,True
2026-03-15 09:36:46.593605008,3389,6,38998.01098200674,67,61,30372,35952,560.5715845059983,851.9400940347683,243.2923287516834,0,0,1,1,0,Infiltration,True
2026-03-15 09:36:48.227357419,445,6,113976.84518935691,21,28,15247,33840,623.0276988594716,673.3196714610413,222.54986994837176,1,0,1,1,1,Infiltration,True
2026-03-15 09:36:49.154989021,445,6,23089.7117380644,61,82,11958,25409,616.7846926188425,375.2808954067666,1533.2455032944515,0,0,1,1,1,Infiltration,True
2026-03-15 09:36:50.264959015,139,6,51939.65587067937,32,60,24138,12440,350.88225719925674,243.78446967276338,1667.1947359116325,1,0,1,1,0,Infiltration,True
2026-03-15 09:36:51.557445069,139,6,47968.88468642249,79,62,2547,23264,151.52925058132593,259.92194713452193,1283.9094328476658,0,0,1,1,1,Infiltration,True
2026-03-15 09:36:52.736904535,445,6,31608.549192496706,36,45,3473,36875,338.9019481148248,391.777139017385,354.30481208717924,0,0,1,1,0,Infiltration,True
2026-03-15 09:36:53.880877000,3389,6,74408.16293096592,73,71,2132,5845,388.00772117834634,894.6891770327325,1410.0769360700638,1,0,1,1,0,Infiltration,True
2026-03-15 09:36:54.982739749,445,6,45290.10025613899,49,21,33071,28101,519.8602027111729,414.990255992219,1157.9843738679465,1,0,1,1,0,Infiltration,True
2026-03-15 09:36:56.493549277,5985,6,138921.17417760834,50,73,24015,5706,642.615637351892,346.0130668685157,1760.5126677026074,0,0,1,1,0,Infiltration,True
2026-03-15 09:36:57.381962641,5985,6,6492.525492370181,39,37,27744,15770,750.3710463734965,600.7534221786348,498.07365308459447,0,0,1,1,0,Infiltration,True
2026-03-15 09:36:58.965254671,3389,6,62865.05625397005,56,49,10605,10548,792.620411554036,259.9948606583268,1517.4474681922268,1,0,1,1,0,Infiltration,True
2026-03-15 09:36:59.821012807,3389,6,163208.02770673297,67,86,24279,28065,325.00967636272765,779.6762637529761,1034.4359434825371,1,0,1,1,0,Infiltration,True
2026-03-15 09:37:01.338822784,139,6,134182.37766425376,68,51,13707,20739,753.4825441352968,546.4095700141502,565.9305179259618,1,0,1,1,0,Infiltration,True
2026-03-15 09:37:02.583351663,139,6,110726.47475840077,38,58,4341,33533,539.2525192775784,358.55249317514244,552.968897234508,1,0,1,1,1,Infiltration,True
2026-03-15 09:37:03.375195605,139,6,58785.424143042896,98,32,2998,39392,692.5257952498051,855.1951013973428,235.28096029895008,1,0,1,1,1,Infiltration,True
2026-03-15 09:37:04.552047460,5985,6,114238.42744337213,40,64,7681,6116,541.5891253879925,277.2229926475943,1938.0051720917945,1,0,1,1,1,Infiltration,True
2026-03-15 09:37:06.269743662,139,6,27497.202219538438,61,71,22824,35836,239.4559993896372,653.1083568427765,527.7342824845041,1,0,1,1,0,Infiltration,True
2026-03-15 09:37:07.177828084,445,6,90000.87166188541,89,16,27042,33042,567.7073425964527,813.786192491657,1487.5352383458255,1,0,1,1,0,Infiltration,True
2026-03-15 09:37:08.478141296,445,6,101496.74077759549,72,92,17492,14289,636.4309312134519,685.1347519173692,1656.376610718362,1,0,1,1,0,Infiltration,True
2026-03-15 09:37:09.313956264,3389,6,167995.0167118603,17,64,14781,26582,278.84430905987426,631.3469492197165,790.3108057544,1,0,1,1,1,Infiltration,True
2026-03-15 09:37:10.667226108,3389,6,111748.26234750597,80,17,19693,32631,514.5639034411469,366.87787400130037,748.7777366231915,1,0,1,1,1,Infiltration,True
2026-03-15 09:37:12.003238592,139,6,160094.63147248607,84,41,18165,28890,682.2387470862244,476.2007077259381,1455.8357432818148,1,0,1,1,0,Infiltration,True
2026-03-15 09:37:13.431730988,139,6,59017.14626634344,46,33,33543,6768,423.1162161953143,338.88914457887034,282.1945853555089,0,0,1,1,0,Infiltration,True
2026-03-15 09:37:14.262863650,5985,6,86011.14324098191,83,29,22108,11562,573.4393552767715,890.8014261875643,1276.5931083795049,1,0,1,1,1,Infiltration,True
2026-03-15 09:37:15.765114791,3389,6,113665.79386404395,44,53,2189,30211,295.75235553441894,670.7848791739316,1569.366022726017,1,0,1,1,0,Infiltration,True
2026-03-15 09:37:16.897327756,139,6,146739.9199147238,58,96,15290,24618,181.29985716511248,665.5444174112555,580.7937556116773,1,0,1,1,1,Infiltration,True
2026-03-15 09:37:17.769162460,5985,6,105621.67671494398,43,52,20245,34628,451.3425923463426,594.9708610647775,718.0948663313535,1,0,1,1,1,Infiltration,True
2026-03-15 09:37:19.076025103,3389,6,41897.498383638354,58,92,2648,36588,702.6679658498248,871.4698882871271,1190.4842906002118,1,0,1,1,0,Infiltration,True
2026-03-15 09:37:20.242718421,445,6,154378.31083909466,47,39,10968,8667,330.10405688575474,548.6128874608162,1236.9758829487005,0,0,1,1,0,Infiltration,True
2026-03-15 09:37:21.565516552,139,6,136304.47068137073,74,46,9734,15533,591.7830990660348,626.7024792692375,1069.7593814773006,1,0,1,1,0,Infiltration,True
2026-03-15 09:37:22.881200545,445,6,76262.50850924283,91,81,20914,35766,565.898205928521,388.8206751869766,1952.6890966933167,0,0,1,1,1,Infiltration,True
2026-03-15 09:37:23.960051853,445,6,129277.85834573045,62,88,15977,2389,295.14707605454566,278.5683559648945,728.6323440880009,0,0,1,1,0,Infiltration,True
2026-03-15 09:37:25.046721945,139,6,155016.21838073785,67,22,4409,30385,323.9081522300905,648.7601698596324,1310.4335238365015,1,0,1,1,0,Infiltration,True
2026-03-15 09:37:26.517527260,3389,6,34528.62554336047,15,96,34352,17981,556.414508825951,415.60530511262675,1052.4790045961136,1,0,1,1,0,Infiltration,True
2026-03-15 09:37:27.650682656,139,6,67689.77431922342,51,31,30833,12627,421.2357800199621,756.8805875176892,513.3818422999759,0,0,1,1,0,Infiltration,True
2026-03-15 09:37:28.811588344,445,6,48279.649564047446,82,27,29041,24876,346.89755498854726,464.7941210714249,979.0333784936182,1,0,1,1,0,Infiltration,True
2026-03-15 09:37:30.032651758,139,6,179609.7146694111,61,73,22101,35501,730.8581467458632,498.8559577960594,1584.1309620945256,1,0,1,1,0,Infiltration,True
2026-03-15 09:37:31.033140387,3389,6,106816.31426560474,77,25,18739,16224,780.3469847618594,226.58873998662838,372.54664464579014,0,0,1,1,0,Infiltration,True
2026-03-15 09:37:32.508258636,445,6,57960.79285321363,90,90,17763,24522,657.9925791231769,301.6528198376733,909.6577203154426,1,0,1,1,0,Infiltration,True
2026-03-15 09:37:33.532500321,139,6,137030.31003564323,47,35,24512,24998,512.8267188171415,344.80022910869064,1775.6625874881834,1,0,1,1,0,Infiltration,True
2026-03-15 09:37:34.718080691,5985,6,19782.587416761067,28,36,7593,30581,150.14916029722906,406.334857800623,832.6327491121086,1,0,1,1,0,Infiltration,True
2026-03-15 09:37:35.789840524,3389,6,122529.69604738108,59,28,27902,26637,261.69236378744887,327.3848289647956,446.2747807819966,0,0,1,1,0,Infiltration,True
2026-03-15 09:37:37.258102400,139,6,37045.40047664041,69,81,23371,2002,769.7898393475807,209.25445114121848,751.8670967743188,1,0,1,1,1,Infiltration,True
2026-03-15 09:37:38.461598646,5985,6,145189.31274666218,22,75,26799,10930,557.490333488161,457.00914072829056,726.8827105168488,0,0,1,1,0,Infiltration,True
2026-03-15 09:37:39.504180386,139,6,97077.79239230641,89,15,21305,6667,212.73939214017713,643.1604069917885,1387.556370443601,1,0,1,1,1,Infiltration,True
2026-03-15 09:37:41.015910034,3389,6,41326.21048816948,98,44,13606,25202,178.72610375202714,334.6991088738263,1729.1195603218068,1,0,1,1,0,Infiltration,True
2026-03-15 09:37:42.207274739,3389,6,133892.99311323784,92,83,13701,34866,731.6680751563425,406.17302930394635,1350.7412905053282,0,0,1,1,1,Infiltration,True
2026-03-15 09:37:42.965432583,3389,6,73315.96154936224,37,68,32712,34479,337.39160152814145,260.3879953091579,1054.1031915183307,1,0,1,1,0,Infiltration,True
2026-03-15 09:37:44.517023032,3389,6,33817.62092791997,25,75,32048,15778,763.607169383603,657.4153976190901,1848.4319252384746,0,0,1,1,1,Infiltration,True
2026-03-15 09:37:45.536300853,139,6,94388.14979533336,89,88,34221,27821,796.7900399910668,729.4363240125082,1843.0974395812405,0,0,1,1,0,Infiltration,True
2026-03-15 09:37:47.099828910,3389,6,93854.09476148682,27,76,32627,12069,421.01452030771554,320.6906745119041,1862.225800439826,1,0,1,1,0,Infiltration,True
2026-03-15 09:37:47.835014177,5985,6,178914.29726237056,16,82,15070,22383,766.1016131375918,869.0661886546201,327.47874910464384,1,0,1,1,1,Infiltration,True
2026-03-15 09:37:49.068314523,3389,6,36439.52708512622,83,71,18946,31412,199.11672233227534,470.9161309145311,529.7880230681991,0,0,1,1,0,Infiltration,True
2026-03-15 09:37:50.365263776,3389,6,106354.54347532493,44,68,33469,18583,717.0556081829055,740.0056342354665,225.28348652563128,1,0,1,1,1,Infiltration,True
2026-03-15 09:37:51.461229089,5985,6,174310.91762162145,44,54,26570,28648,796.9671139597169,636.1073460460899,1590.7532588089118,1,0,1,1,1,Infiltration,True
2026-03-15 09:37:52.915196019,5985,6,176344.36361237202,26,27,28530,33863,791.7589154582553,255.75078534222115,1888.724601182767,1,0,1,1,0,Infiltration,True
2026-03-15 09:37:53.988544867,139,6,155572.3957514893,84,20,25468,38184,543.1394746483928,564.7642227436263,1983.4263271514737,0,0,1,1,0,Infiltration,True
2026-03-15 09:37:55.032527300,139,6,24646.503147670523,77,81,2493,35006,369.71665646343115,537.2637997512277,1301.257484276878,0,0,1,1,0,Infiltration,True
2026-03-15 09:37:56.403824441,3389,6,46751.77044953637,32,30,12201,29207,237.2898650962946,880.5268042439335,158.8425822988979,0,0,1,1,1,Infiltration,True
2026-03-15 09:37:57.833272659,445,6,107896.25343040506,22,29,11591,21105,292.33797680648547,249.6782773880228,1285.42118773252,0,0,1,1,1,Infiltration,True
2026-03-15 09:37:58.975437388,5985,6,165121.28400460375,77,82,15912,6888,577.7424127785389,264.5342273426819,196.6965724932732,0,0,1,1,0,Infiltration,True
2026-03-15 09:37:59.999297354,139,6,140800.61510215516,53,42,19272,16239,240.81396117030175,598.7979555653502,1398.458125899211,0,0,1,1,0,Infiltration,True
2026-03-15 09:38:01.073095561,139,6,155537.02058485357,25,35,15592,33138,767.7428379138215,855.546090304265,411.20588367251366,0,0,1,1,1,Infiltration,True
2026-03-15 09:38:02.207931878,139,6,36103.30392375876,47,64,16753,32823,255.1497097089465,226.49735884655348,1596.3390372699007,1,0,1,1,0,Infiltration,True
2026-03-15 09:38:03.827029726,3389,6,172159.11293226492,45,79,22894,17300,327.3532447289298,710.4446366607667,1490.0485815450384,1,0,1,1,0,Infiltration,True
2026-03-15 09:38:04.926100164,139,6,54305.84755598983,68,81,34162,6674,466.83805669926153,697.565768512113,1539.837681694008,1,0,1,1,0,Infiltration,True
2026-03-15 09:38:06.043297981,445,6,164150.255270344,50,64,8619,21805,707.125448004328,510.23869452226097,1274.5861275086293,0,0,1,1,0,Infiltration,True
2026-03-15 09:38:07.427660787,139,6,63805.20141194947,54,55,3245,5457,576.5533678993199,236.40255203716316,1199.538580725444,0,0,1,1,0,Infiltration,True
2026-03-15 09:38:08.173014172,139,6,21955.297168615416,79,75,3746,22487,771.3329769220592,677.1096412389978,1930.7570307646697,0,0,1,1,0,Infiltration,True
2026-03-15 09:38:09.709493571,5985,6,96632.1414701141,62,46,31614,8333,321.36478957607466,691.3751382603477,639.9694890566907,0,0,1,1,0,Infiltration,True
2026-03-15 09:38:10.630027387,3389,6,29058.366083500736,60,75,15099,18651,713.0291182428839,483.3139435925,882.9594027292583,1,0,1,1,1,Infiltration,True
2026-03-15 09:38:11.772346464,5985,6,64728.34020276088,28,64,10840,2819,742.5834060818383,641.9262573037984,1081.052217825081,0,0,1,1,0,Infiltration,True
2026-03-15 09:38:13.179365106,139,6,144778.5569546573,93,45,17373,36309,378.4538959503185,312.319280055577,1681.2913138608103,1,0,1,1,0,Infiltration,True
2026-03-15 09:38:14.332435757,139,6,149337.08748349256,93,23,34760,21208,526.7453796219716,577.1868943230226,808.5845336214646,0,0,1,1,1,Infiltration,True
2026-03-15 09:38:15.864704165,3389,6,6160.808916476411,23,90,34723,11974,305.61015490369056,204.94318826598342,815.995255235972,0,0,1,1,0,Infiltration,True
2026-03-15 09:38:16.694387728,139,6,77683.03563119074,73,28,2361,20984,153.9837557435048,840.6286592210746,1741.8769229901202,0,0,1,1,0,Infiltration,True
2026-03-15 09:38:18.188941355,139,6,23710.744442353534,44,74,11677,6576,585.2019188242067,380.84738792057874,1499.197655835577,0,0,1,1,0,Infiltration,True
2026-03-15 09:38:19.349296200,445,6,125760.28145171703,38,35,24607,13686,360.11057278873784,644.6802938670899,228.08696491695167,1,0,1,1,1,Infiltration,True
2026-03-15 09:38:20.500754322,3389,6,29186.87120891948,68,84,20373,36390,773.3644113370052,221.02707742342156,1806.9098156027521,0,0,1,1,0,Infiltration,True
2026-03-15 09:38:21.852240283,3389,6,43799.95406104693,61,55,13371,36248,263.8015504659208,577.1558534272629,1679.920664641385,0,0,1,1,1,Infiltration,True
2026-03-15 09:38:22.744754756,5985,6,176519.3227804079,33,37,23637,19974,157.29478897660024,872.531841144883,403.9973319356237,1,0,1,1,0,Infiltration,True
2026-03-15 09:38:23.933802711,445,6,119197.56810861592,70,36,2564,23418,634.9037841118915,581.7553477888239,1503.0285321088613,0,0,1,1,0,Infiltration,True
2026-03-15 09:38:24.996568454,3389,6,17992.562282687613,59,41,32561,9737,270.9508571576973,493.69997929979144,1303.7098559248586,1,0,1,1,1,Infiltration,True
2026-03-15 09:38:26.265457245,3389,6,76356.90132007745,48,52,2353,32675,541.4614483721465,288.0622801593498,504.554351475538,0,0,1,1,0,Infiltration,True
2026-03-15 09:38:27.827865873,5985,6,11651.046415368572,26,81,34706,14089,747.1524103369409,390.1317405015034,827.7542787893136,1,0,1,1,0,Infiltration,True
2026-03-15 09:38:28.784629279,3389,6,31504.130378681682,86,56,18349,9649,253.84146306309725,226.21174051309828,592.8491595397613,0,0,1,1,0,Infiltration,True
2026-03-15 09:38:29.904811993,5985,6,135162.61918018642,84,19,22988,23731,621.4223486800627,765.029901599963,1938.1647197948055,1,0,1,1,0,Infiltration,True
2026-03-15 09:38:31.029667233,3389,6,131100.3490802658,29,89,8987,36066,701.961839515839,523.1258937063083,884.1830660437789,1,0,1,1,0,Infiltration,True
2026-03-15 09:38:32.390976150,445,6,20317.74309659991,19,98,25930,13093,482.8344013129689,241.05957261299477,426.02137811395875,0,0,1,1,0,Infiltration,True
2026-03-15 09:38:33.729999222,139,6,7960.933442028412,70,26,17076,21515,386.0163661102937,305.1311130660154,563.2609254522803,0,0,1,1,0,Infiltration,True
2026-03-15 09:38:34.672015215,3389,6,67345.27244450763,20,48,28740,10477,302.23135787618367,647.5727584675019,192.64713664487584,1,0,1,1,1,Infiltration,True
2026-03-15 09:38:36.154629912,445,6,63258.416980346636,79,51,20100,33518,615.6107805823731,612.742272252266,1184.6120699082012,1,0,1,1,0,Infiltration,True
2026-03-15 09:38:37.277872664,5985,6,106269.36283234398,62,44,25602,19790,175.94550791575742,755.2513744337822,490.93657086366034,1,0,1,1,1,Infiltration,True
2026-03-15 09:38:38.572537537,5985,6,62353.10736757992,36,18,15401,11144,299.57291108749837,716.9039009182874,1314.9522464248182,0,0,1,1,0,Infiltration,True
2026-03-15 09:38:39.450545777,3389,6,67965.42572907888,24,44,23280,39357,413.5601186009099,216.78702019971203,806.6218739754678,1,0,1,1,0,Infiltration,True
2026-03-15 09:38:40.878616886,445,6,34432.405869241644,21,60,27389,8409,299.8462197221935,886.5027410713636,1362.9331912003602,0,0,1,1,0,Infiltration,True
2026-03-15 09:38:41.792241167,445,6,77891.13917596094,15,69,16169,8499,636.1644202507314,229.35210087326007,508.8929993839622,1,0,1,1,1,Infiltration,True
2026-03-15 09:38:43.118278189,445,6,50817.36303076602,72,63,14721,36274,150.30592215823833,491.53840372674006,1155.2049291732455,1,0,1,1,1,Infiltration,True
2026-03-15 09:38:44.534616056,445,6,109850.52767081076,35,84,4731,6958,680.8318968392816,377.3747086457451,908.0479742296251,0,0,1,1,0,Infiltration,True
2026-03-15 09:38:45.679001031,445,6,49109.98366473222,70,81,28686,11634,520.9414744773375,370.84056404350565,1454.7549175978613,0,0,1,1,0,Infiltration,True
2026-03-15 09:38:46.612716435,5985,6,54908.43626390048,42,52,26185,10576,369.2219908434861,476.93497646206845,1544.635284406893,1,0,1,1,1,Infiltration,True
2026-03-15 09:38:48.215005603,139,6,146707.0526091174,31,17,23137,24972,394.40329610169067,441.84787880098645,955.021740587627,1,0,1,1,0,Infiltration,True
2026-03-15 09:38:48.932010589,445,6,14566.122085697754,26,77,27891,31906,521.9826631469111,532.5893986827947,1578.3922981063304,0,0,1,1,0,Infiltration,True
2026-03-15 09:38:50.457129413,445,6,144001.61282014774,95,76,11092,36036,281.60175577773566,582.8551230945088,1306.2395530184644,0,0,1,1,0,Infiltration,True
2026-03-15 09:38:51.890292300,5985,6,100260.34875310028,16,30,19819,17927,608.7708910830365,637.7546946477062,1767.3510907362675,1,0,1,1,1,Infiltration,True
2026-03-15 09:38:52.818902839,3389,6,26336.431017304927,48,67,24016,7194,650.0215656970006,687.916488582569,1634.8028020216143,1,0,1,1,0,Infiltration,True
2026-03-15 09:38:54.180403091,5985,6,39979.13667620198,97,72,28562,15223,323.8506135371949,375.47355068702774,1094.816744391938,1,0,1,1,1,Infiltration,True
2026-03-15 09:38:55.257108583,139,6,59101.12993468581,92,62,12950,7232,346.3358063402769,709.9406847612853,1313.8321142938885,0,0,1,1,0,Infiltration,True
2026-03-15 09:38:56.569852988,139,6,153352.02486053368,91,20,16981,36407,316.920716996813,429.43321791644337,889.0712813796451,0,0,1,1,0,Infiltration,True
2026-03-15 09:38:57.693356481,445,6,5943.332531742608,35,96,21049,20597,210.67703637801895,594.2622223847768,1246.3539856992854,1,0,1,1,0,Infiltration,True
2026-03-15 09:38:58.914679208,445,6,159756.52468375652,40,25,11645,31879,417.28077682195226,832.4193415764,583.8811445544932,1,0,1,1,1,Infiltration,True
2026-03-15 09:38:59.836686690,139,6,81110.75808242509,29,35,10021,9102,402.2119814206209,574.6132557189267,892.9217747053325,0,0,1,1,0,Infiltration,True
2026-03-15 09:39:01.345092548,445,6,33180.51038582308,26,33,32013,22117,253.3924120615422,780.6402687975649,1511.9071647606531,1,0,1,1,0,Infiltration,True
2026-03-15 09:39:02.242745931,445,6,18215.437559569647,30,79,13548,14287,534.2772544917743,870.9786401407991,1840.9286292868464,0,0,1,1,0,Infiltration,True
2026-03-15 09:39:03.888384165,5985,6,57387.28605453456,43,78,34387,23636,191.22432353069016,843.0731865244372,1603.1513530722661,1,0,1,1,0,Infiltration,True
2026-03-15 09:39:04.636672314,139,6,115924.80533066059,79,85,6064,22070,274.64556043818953,307.36532027913506,1351.3645987565935,1,0,1,1,1,Infiltration,True
2026-03-15 09:39:05.842010402,139,6,42629.91788522899,63,72,17668,4975,305.3729772491824,793.1641718580166,1891.8111370169836,1,0,1,1,0,Infiltration,True
2026-03-15 09:39:07.415203872,445,6,69597.48261411527,77,84,25133,12950,229.3760051085161,888.6678773368964,726.3249534119989,1,0,1,1,0,Infiltration,True
2026-03-15 09:39:08.245791517,445,6,150507.6852943416,97,94,18243,2590,403.02022899427794,765.7897338993998,158.2861979369301,0,0,1,1,0,Infiltration,True
2026-03-15 09:39:09.516541676,445,6,20394.928679213408,26,29,10216,31137,783.362117199507,215.47161613960873,389.60446258657396,1,0,1,1,1,Infiltration,True
2026-03-15 09:39:10.928784096,445,6,86944.2524439214,42,47,12231,15161,782.7633738575269,806.9076751691766,634.2583119527062,1,0,1,1,1,Infiltration,True
2026-03-15 09:39:11.795249148,5985,6,26346.982802095656,85,26,33541,22156,477.30697034594345,550.4314140790732,1088.1228200018463,1,0,1,1,0,Infiltration,True
2026-03-15 09:39:12.995443052,5985,6,147196.05486303798,65,88,22313,28694,180.4691776540037,513.4916115717599,622.9399282971689,0,0,1,1,0,Infiltration,True
2026-03-15 09:39:14.391815053,3389,6,15694.230301243926,58,75,22519,19129,759.2163505050383,687.9903913098444,156.94048446611416,1,0,1,1,0,Infiltration,True
2026-03-15 09:39:15.446218052,445,6,7030.435059329472,46,48,23868,7916,681.6246779334361,861.2772561819595,1599.3188358855284,0,0,1,1,0,Infiltration,True
2026-03-15 09:39:16.641394773,445,6,20151.065095896123,44,87,31818,19984,312.6177555946817,701.1139867468091,1292.7957005424378,1,0,1,1,1,Infiltration,True
2026-03-15 09:39:17.705543352,445,6,78024.38514485989,73,93,22677,38295,706.4793117336864,852.7652226954372,1259.9866856805559,0,0,1,1,1,Infiltration,True
2026-03-15 09:39:19.122269754,3389,6,166899.27436312987,41,37,19134,33843,690.3528717860328,471.7863802888381,346.50836227431006,1,0,1,1,0,Infiltration,True
2026-03-15 09:39:20.290950332,139,6,153034.00143960645,28,92,25482,16892,585.7684988159183,212.3238364925584,1618.93526398087,1,0,1,1,0,Infiltration,True
2026-03-15 09:39:21.318693486,3389,6,76626.37289664238,89,77,29172,20599,767.1786213042029,669.2810786975282,1384.3118723435505,0,0,1,1,1,Infiltration,True
2026-03-15 09:39:22.872739906,139,6,96041.78939841293,21,76,15568,34963,607.0610540094374,549.3955052776198,1726.3060866256408,1,0,1,1,1,Infiltration,True
2026-03-15 09:39:24.075993109,139,6,29170.4090897934,92,72,18467,3642,637.2579135628712,502.39523737424446,1482.6221598798472,0,0,1,1,0,Infiltration,True
2026-03-15 09:39:24.942480283,445,6,24745.48884037113,95,45,15414,22356,599.543203884004,550.7571668792978,1501.8680815155435,0,0,1,1,0,Infiltration,True
2026-03-15 09:39:26.290224937,5985,6,31988.88227985228,47,44,30162,31707,305.7354907872424,310.27727921652786,1564.269368079144,1,0,1,1,0,Infiltration,True
2026-03-15 09:39:27.823683319,5985,6,143410.52192746586,96,27,13288,10666,241.59299774613925,666.290682953794,1236.8770684128738,1,0,1,1,0,Infiltration,True
2026-03-15 09:39:28.849300240,5985,6,98444.34393106424,21,56,19483,39750,593.9247956501738,493.1384371463937,1734.490291714643,1,0,1,1,0,Infiltration,True
2026-03-15 09:39:29.947184834,139,6,161487.71851911774,17,56,30917,19647,618.6448560898993,869.4022591352677,211.60622671879014,0,0,1,1,1,Infiltration,True
2026-03-15 09:39:31.179061157,445,6,155268.63317118955,52,89,13598,5007,290.3745606569993,864.2376189605002,1611.0017787085953,1,0,1,1,0,Infiltration,True
2026-03-15 09:39:32.224967996,5985,6,66822.57145211584,38,31,15547,33530,324.4042739326639,568.0600267624657,507.5267508697147,1,0,1,1,1,Infiltration,True
2026-03-15 09:39:33.787128900,139,6,125029.6137425479,24,26,7460,14904,721.9504850322536,341.0960535615936,779.0896024818907,1,0,1,1,1,Infiltration,True
2026-03-15 09:39:35.048402823,5985,6,170075.08685562885,97,50,18090,20575,251.7635681590336,444.6197116809472,1985.1301670088471,1,0,1,1,0,Infiltration,True
2026-03-15 09:39:36.246398425,3389,6,105266.20939044582,33,88,15968,35308,559.4398730028072,662.5398900421831,842.4877992307091,1,0,1,1,0,Infiltration,True
2026-03-15 09:39:37.034360635,5985,6,118400.53062129953,42,74,6940,35827,324.31825829343757,309.38609481118647,214.11107548402768,1,0,1,1,0,Infiltration,True
2026-03-15 09:39:38.286444160,139,6,17833.14903903508,58,53,32588,21488,231.04855209027593,484.43262889554313,728.8154050461208,1,0,1,1,1,Infiltration,True
2026-03-15 09:39:39.396373664,3389,6,143332.51982981488,55,47,4617,37840,328.9366122010191,663.0636001706889,1118.4116380049568,1,0,1,1,0,Infiltration,True
2026-03-15 09:39:40.684320680,139,6,148809.01334149425,35,75,24067,5314,592.8361437665087,242.54272784685904,365.1398152061614,1,0,1,1,0,Infiltration,True
2026-03-15 09:39:41.899683223,5985,6,48516.951383430016,87,49,24218,30319,565.2293319097755,335.98559172870796,1808.1060842015474,1,0,1,1,1,Infiltration,True
2026-03-15 09:39:43.279863442,445,6,143898.8049332533,31,73,19213,8881,583.8939816652446,883.8624079640938,948.4406546727315,0,0,1,1,0,Infiltration,True
2026-03-15 09:39:44.213787828,445,6,102731.68385039507,94,82,26196,9049,292.59702825228544,845.6369668658938,1781.1500606461027,1,0,1,1,0,Infiltration,True
2026-03-15 09:39:45.851638154,5985,6,64489.33023672014,94,85,19056,17372,785.5992510195191,383.86852586831606,1921.8937112032484,1,0,1,1,1,Infiltration,True
2026-03-15 09:39:46.561859682,139,6,67513.87382505991,88,46,16400,9754,459.07294271111596,374.0419774980934,1310.1801251675527,1,0,1,1,1,Infiltration,True
2026-03-15 09:39:47.704126806,3389,6,80519.28457644657,52,26,18981,20552,201.1616111816778,414.38833578419275,514.6694452300621,1,0,1,1,0,Infiltration,True
2026-03-15 09:39:49.412967077,5985,6,173754.09737714965,74,98,21799,35472,480.8276572734535,851.6523652347865,847.3009513772653,0,0,1,1,0,Infiltration,True
2026-03-15 09:39:50.522261884,3389,6,16108.988350580374,74,68,19683,4173,193.75615087005005,260.409971700069,1896.0284806566217,1,0,1,1,0,Infiltration,True
2026-03-15 09:39:51.513215922,5985,6,83987.14046678373,99,41,16267,8367,183.974765522943,374.93637926880103,1357.5585113836764,0,0,1,1,0,Infiltration,True
2026-03-15 09:39:52.857299823,445,6,21994.464121995858,37,71,21569,13594,787.0132899362579,358.6189042881224,451.42019039073284,1,0,1,1,0,Infiltration,True
2026-03-15 09:39:53.834126460,3389,6,93999.03570284035,61,75,10464,17943,391.38785589552697,507.7287186914905,995.3581585447237,0,0,1,1,0,Infiltration,True
2026-03-15 09:39:55.001033789,5985,6,8052.947725183694,66,42,11122,20894,437.1883128564591,233.45680106070444,1769.411763143583,0,0,1,1,1,Infiltration,True
2026-03-15 09:39:56.382689481,139,6,178392.21025358973,97,30,30598,4681,228.72114994120312,796.7763692808569,1948.860898501665,1,0,1,1,1,Infiltration,True
2026-03-15 09:39:57.511912697,445,6,104523.23233476275,80,83,32171,7604,417.56728540331403,703.9341374451377,1535.0331148110076,0,0,1,1,0,Infiltration,True
2026-03-15 09:39:58.869138030,139,6,42769.41834807871,38,25,7261,15368,470.3146118019524,310.10109665850734,451.57441456961527,0,0,1,1,1,Infiltration,True
2026-03-15 09:39:59.830889510,139,6,30467.23972932776,73,71,23822,13485,517.5951269434964,780.0265930590538,1030.6266301699516,0,0,1,1,1,Infiltration,True
2026-03-15 09:40:01.297756620,139,6,32897.513424478195,29,93,28721,37777,374.1985107082984,740.5773470869309,1855.7049947562246,1,0,1,1,0,Infiltration,True
2026-03-15 09:40:02.560116912,139,6,90821.16845564383,29,16,20218,8823,199.80522989616935,500.6327209153542,670.0823300973454,1,0,1,1,0,Infiltration,True
2026-03-15 09:40:03.399981685,139,6,81285.55593727388,42,64,21461,15693,286.92459003941536,477.6086748553277,631.9190675260568,0,0,1,1,0,Infiltration,True
2026-03-15 09:40:04.526314970,5985,6,60655.03874218784,68,83,33654,21344,736.5648925281674,528.5933276927101,1118.9955767972115,1,0,1,1,0,Infiltration,True
2026-03-15 09:40:05.963752425,5985,6,121939.77631320892,64,51,13772,7048,677.8277874326843,471.14114823989144,1275.4928215502725,0,0,1,1,0,Infiltration,True
2026-03-15 09:40:07.364414451,139,6,106239.20115914529,69,73,6650,13879,263.0190581593405,603.1249632377455,879.9633008947518,0,0,1,1,0,Infiltration,True
2026-03-15 09:40:08.490467901,445,6,139318.58290954545,35,19,22566,16468,446.2565475298199,517.1360144186249,406.22145280049915,1,0,1,1,0,Infiltration,True
2026-03-15 09:40:09.721129032,445,6,71155.82426495873,68,25,19198,39490,770.9192689554656,442.5298005966342,433.04848938702514,0,0,1,1,0,Infiltration,True
2026-03-15 09:40:10.741703603,139,6,16591.976165630178,63,93,34587,9551,754.8947632889428,482.92524947634263,1177.5225658194183,1,0,1,1,0,Infiltration,True
2026-03-15 09:40:11.840967327,3389,6,54283.26736862153,50,51,7561,9150,257.6522154944675,608.0183476938225,872.3047441181135,1,0,1,1,1,Infiltration,True
2026-03-15 09:40:13.219067305,3389,6,6324.161312045408,24,83,6130,8408,455.81960229737916,768.4049485875404,681.8150229822699,1,0,1,1,0,Infiltration,True
2026-03-15 09:40:14.222619416,5985,6,81828.9366960437,89,76,8576,39626,544.2397239867435,678.0207306744418,1408.9800960747464,1,0,1,1,0,Infiltration,True
2026-03-15 09:40:15.735737218,445,6,113328.06882030293,57,17,27012,11099,316.0882183188015,744.8962861963805,966.467168958008,0,0,1,1,1,Infiltration,True
2026-03-15 09:40:16.618179873,3389,6,18470.585940569457,47,88,15809,21130,670.9510792409801,615.4490109231165,1554.3577392405289,1,0,1,1,1,Infiltration,True
2026-03-15 09:40:17.874757960,5985,6,152032.92936956152,63,43,18252,18924,297.20741014428233,679.5222090547622,403.516242075935,1,0,1,1,1,Infiltration,True
2026-03-15 09:40:19.203926866,5985,6,16951.21911716483,54,26,2605,26474,609.6543056634325,696.7266946387763,834.3365052726647,1,0,1,1,0,Infiltration,True
2026-03-15 09:40:20.392025960,5985,6,139230.51608416397,91,58,13220,13655,496.174439839757,676.8544608448265,257.1340993578637,1,0,1,1,0,Infiltration,True
2026-03-15 09:40:21.660509625,139,6,72965.71199350683,91,98,22754,38913,678.6190274993526,850.834938814185,304.6707174209079,0,0,1,1,1,Infiltration,True
2026-03-15 09:40:22.762466760,139,6,115510.57159140651,69,62,24783,18369,637.359488249924,692.5580866654511,920.7566308009795,0,0,1,1,1,Infiltration,True
2026-03-15 09:40:24.251683985,5985,6,41576.24176991926,49,63,33684,13988,512.9408608389973,737.4118831117237,560.622071126691,1,0,1,1,0,Infiltration,True
2026-03-15 09:40:25.403960456,3389,6,156017.99879561205,22,26,13344,10265,308.4591128034756,506.3389111670794,396.08650198816093,1,0,1,1,1,Infiltration,True
2026-03-15 09:40:26.627468070,5985,6,160264.49366302107,15,35,30123,24464,194.43024427573516,601.73271845513,730.1022773064043,1,0,1,1,0,Infiltration,True
2026-03-15 09:40:27.677709942,445,6,116608.323574754,49,77,32737,34567,544.3305880413021,273.5347627443302,401.9958431068106,1,0,1,1,1,Infiltration,True
2026-03-15 09:40:28.881004749,5985,6,95765.79283225082,79,26,21812,22107,376.3528383199509,349.9190538497942,1942.6314342420778,1,0,1,1,0,Infiltration,True
2026-03-15 09:40:30.065519210,5985,6,75329.0893446683,54,77,34648,8743,170.73476812700972,225.49895652356196,1194.868734097152,0,0,1,1,0,Infiltration,True
2026-03-15 09:40:31.160930492,139,6,132033.0250521772,16,19,29839,12239,238.5844002572824,870.0589321108606,1929.94659353159,0,0,1,1,1,Infiltration,True
2026-03-15 09:40:32.293263600,3389,6,82733.60346976358,39,18,32836,23865,492.35876978340417,800.806274019691,807.9952419835273,1,0,1,1,1,Infiltration,True
2026-03-15 09:40:33.655201732,5985,6,122799.9862543247,17,89,17822,15034,420.9814660177612,800.0526345989808,1426.0793741061723,1,0,1,1,0,Infiltration,True
2026-03-15 09:40:34.515319102,445,6,121667.50230499124,59,79,12430,38099,668.7277800940689,255.95995171652655,1895.5283869999344,1,0,1,1,0,Infiltration,True
2026-03-15 09:40:35.704473858,5985,6,58194.81610036538,75,48,21966,12211,624.5287231755506,330.70899227193377,1693.8870211731412,0,0,1,1,0,Infiltration,True
2026-03-15 09:40:37.410985095,139,6,28087.167049579195,93,47,7723,26953,462.38881569506736,532.9969280929943,1751.3225079057736,1,0,1,1,0,Infiltration,True
2026-03-15 09:40:38.127854426,445,6,176222.44219916183,50,31,10012,24013,470.03918796264026,674.4349986471899,190.08554660762314,1,0,1,1,0,Infiltration,True
2026-03-15 09:40:39.614877090,445,6,117942.23134275386,52,29,14187,35132,383.27972144032515,330.8728084267691,186.52743586773897,0,0,1,1,0,Infiltration,True
2026-03-15 09:40:40.868992657,445,6,102188.0454341802,17,82,17005,34833,236.75737499179962,468.15357397848834,1940.507867478465,0,0,1,1,1,Infiltration,True
2026-03-15 09:40:41.818902737,139,6,26729.0744578966,82,25,27473,39959,571.4359281428481,665.3841078319983,937.9591853077869,1,0,1,1,1,Infiltration,True
2026-03-15 09:40:43.437438502,5985,6,35170.26528709485,21,95,30580,13756,383.43742160077875,258.24448440583274,904.7459604146761,1,0,1,1,0,Infiltration,True
2026-03-15 09:40:44.214057463,445,6,19287.84161072092,70,50,18822,21550,629.070435203018,708.1972184074132,279.347110496401,1,0,1,1,1,Infiltration,True
2026-03-15 09:40:45.830708992,5985,6,154600.05110135095,65,63,33378,32613,236.42157038449878,258.74612911900374,383.87615335522264,1,0,1,1,0,Infiltration,True
2026-03-15 09:40:46.957794161,139,6,171671.3163598329,25,71,19641,38310,516.2788828765385,341.62320034103436,461.12698293139204,1,0,1,1,0,Infiltration,True
2026-03-15 09:40:47.844445772,5985,6,10163.470316836338,89,40,21946,4037,547.5194769429247,747.5154274946059,357.115324985062,1,0,1,1,0,Infiltration,True
2026-03-15 09:40:48.990446499,139,6,71843.12218832306,54,98,12694,32841,255.34409581121275,261.9832558884125,1857.3376513597548,1,0,1,1,0,Infiltration,True
2026-03-15 09:40:50.289739626,139,6,99810.70789218554,21,86,10959,33894,404.18952730621345,224.98224559273842,1256.0487160957257,1,0,1,1,0,Infiltration,True
2026-03-15 09:40:51.538770339,445,6,8997.800788305783,44,29,20490,31349,523.5412862446794,206.33824913460884,1501.7997611748044,1,0,1,1,0,Infiltration,True
2026-03-15 09:40:52.647470805,139,6,68063.83759063671,79,64,16969,5579,247.29901716226095,595.9603531637545,342.3059019805062,1,0,1,1,0,Infiltration,True
2026-03-15 09:40:54.299334929,5985,6,164289.88683582487,31,46,29916,34154,646.993718555125,362.7847156985474,1346.8041760027165,0,0,1,1,0,Infiltration,True
2026-03-15 09:40:55.037791401,3389,6,129347.64126446175,40,80,7891,23834,647.1760249158883,417.23749422281094,338.8419441619097,1,0,1,1,0,Infiltration,True
2026-03-15 09:40:56.598380896,3389,6,5454.663862236091,35,26,34873,12132,590.2965069297143,432.8162231752298,1849.3518578640615,1,0,1,1,1,Infiltration,True
2026-03-15 09:40:57.395470648,445,6,8743.106784633546,71,48,6913,8530,607.1652982741609,651.6836660496137,529.6640059198648,1,0,1,1,0,Infiltration,True
2026-03-15 09:40:59.088146775,139,6,121980.2857679651,56,41,9255,9992,471.646933484836,886.5246212326783,1346.1912991798588,0,0,1,1,0,Infiltration,True
2026-03-15 09:40:59.835314074,139,6,10485.158908235882,52,57,24251,32546,497.2479675096851,249.63724950318715,1612.049967042039,0,0,1,1,0,Infiltration,True
2026-03-15 09:41:01.153013132,445,6,72080.48482438292,40,80,14447,38996,274.36558728844756,297.340825004821,1300.1487579416028,0,0,1,1,0,Infiltration,True
2026-03-15 09:41:02.435138440,139,6,46041.74543774423,34,99,20200,21006,366.7398000557309,402.36420435952346,645.5604643079333,1,0,1,1,0,Infiltration,True
2026-03-15 09:41:03.372171429,139,6,154611.85056737438,35,99,15912,20832,753.5212194679419,322.21003548644205,723.1028329106376,1,0,1,1,0,Infiltration,True
2026-03-15 09:41:04.990092040,5985,6,162316.51513233015,65,94,34129,27596,628.8667095749292,622.2635120178526,926.8275490792577,0,0,1,1,0,Infiltration,True
2026-03-15 09:41:05.864811319,3389,6,65484.83199804542,15,78,4933,6794,617.0845231906085,557.7438028125207,301.29203584999635,1,0,1,1,0,Infiltration,True
2026-03-15 09:41:07.229561940,3389,6,26650.541751185927,77,45,7120,12248,453.4360810327703,407.1239512471468,1109.9241423906785,0,0,1,1,1,Infiltration,True
2026-03-15 09:41:08.429780286,5985,6,39472.94015131578,78,60,27435,14631,257.3236073181723,677.0429907770169,403.40832669595227,0,0,1,1,0,Infiltration,True
2026-03-15 09:41:09.661584391,5985,6,164347.2918440455,51,70,23482,23162,243.0867742641742,610.3568720503938,567.1482268157052,0,0,1,1,1,Infiltration,True
2026-03-15 09:41:10.533291591,445,6,129159.24459083186,46,40,2108,3057,666.8178769638928,604.0664523833227,725.965495095319,1,0,1,1,1,Infiltration,True
2026-03-15 09:41:11.801171257,139,6,133098.41787696927,20,68,30470,9484,774.5851683881436,362.1726030855457,1484.2554013303215,1,0,1,1,0,Infiltration,True
2026-03-15 09:41:12.996715345,3389,6,116352.77864353637,57,66,33757,15952,394.07307896350943,535.9240453100696,1986.7546110790292,1,0,1,1,0,Infiltration,True
2026-03-15 09:41:14.281230755,5985,6,161932.37349969934,45,83,27715,29558,614.1825087386616,239.89632821743845,321.36216060242714,0,0,1,1,0,Infiltration,True
2026-03-15 09:41:15.386948494,3389,6,129423.27630193954,98,81,9535,35622,326.11088661921997,723.6014836595626,1990.1684111802456,0,0,1,1,0,Infiltration,True
2026-03-15 09:41:17.053152792,445,6,28607.086500506928,91,85,25752,36433,381.08645576529864,858.4122831606098,799.6126554999316,1,0,1,1,0,Infiltration,True
2026-03-15 09:41:18.007772670,139,6,37121.525797079536,64,45,25536,27305,191.55673327446772,444.6554791637488,825.7498022429302,1,0,1,1,0,Infiltration,True
2026-03-15 09:41:19.274145088,3389,6,170194.56154714897,90,48,9312,32260,626.7488746135277,388.0487118743091,1678.1263224137697,1,0,1,1,0,Infiltration,True
2026-03-15 09:41:20.314492905,139,6,33227.323351524945,81,15,11245,17575,297.47731529643625,741.7432832617783,1019.1379830247058,1,0,1,1,0,Infiltration,True
2026-03-15 09:41:21.465747684,445,6,128899.18564965685,18,33,29248,7241,528.3329488506088,300.64737956652937,1368.6279771373768,1,0,1,1,1,Infiltration,True
2026-03-15 09:41:22.801906302,139,6,7532.639226651642,33,41,11776,38249,584.3571334125497,427.2850320765883,1260.8355211229712,0,0,1,1,1,Infiltration,True
2026-03-15 09:41:23.876593784,5985,6,38616.1150587361,48,21,4472,2239,569.2923063862372,677.0043897094397,1368.3080009050457,0,0,1,1,1,Infiltration,True
2026-03-15 09:41:25.106187555,445,6,151982.39954763072,43,66,23233,25388,275.0892032098982,800.6655264727979,306.51956073585745,1,0,1,1,0,Infiltration,True
2026-03-15 09:41:26.371650524,3389,6,15745.116574605217,23,51,34620,4069,438.85613423573267,847.7982587033249,1006.6103482998296,1,0,1,1,1,Infiltration,True
2026-03-15 09:41:27.603440212,3389,6,136261.21881590257,24,23,7191,38276,557.7518954449017,485.9509793813445,1567.9169067676735,0,0,1,1,0,Infiltration,True
2026-03-15 09:41:29.090588407,3389,6,115172.69246663414,72,19,19305,39047,767.433721830244,291.2115698131396,784.2541338831478,0,0,1,1,1,Infiltration,True
2026-03-15 09:41:29.833993552,3389,6,37761.82473778933,88,46,25416,36422,585.5258432069356,221.8125327529924,1926.3950341284112,0,0,1,1,0,Infiltration,True
2026-03-15 09:41:31.192785698,445,6,115576.71474197495,35,66,11359,30975,517.3725094824667,419.03272811057957,1751.3926236872219,1,0,1,1,0,Infiltration,True
2026-03-15 09:41:32.189707043,5985,6,90963.92370918428,81,54,32610,22522,707.8079247392191,251.63933036631983,868.5931985319675,1,0,1,1,1,Infiltration,True
2026-03-15 09:41:33.509999539,5985,6,12607.419641770284,28,54,28568,36288,614.5479031680892,587.834619557927,581.752971489143,1,0,1,1,1,Infiltration,True
2026-03-15 09:41:34.930386431,5985,6,126468.82481963607,43,89,25310,35274,202.44266510942293,213.9729293951259,561.9980135974057,1,0,1,1,0,Infiltration,True
2026-03-15 09:41:35.804677286,3389,6,65547.9045253314,70,74,16019,21350,761.2304798769377,488.4383532889034,1696.4098179617354,0,0,1,1,0,Infiltration,True
2026-03-15 09:41:37.248810784,139,6,36754.172272065465,37,39,9225,27369,241.9453707146704,575.1829490961965,155.78056164889287,1,0,1,1,0,Infiltration,True
2026-03-15 09:41:38.350020614,3389,6,157119.74716493272,79,30,34875,2345,544.274754089952,590.3041967508962,1564.5309231312328,1,0,1,1,0,Infiltration,True
2026-03-15 09:41:39.330947726,3389,6,131028.21769701348,41,96,34568,6250,533.3224241651051,247.15641486251667,955.9447442889486,1,0,1,1,0,Infiltration,True
2026-03-15 09:41:41.059845144,3389,6,150232.64914269946,23,72,10051,34317,247.37548089522966,892.5315554710427,858.0084741913269,1,0,1,1,0,Infiltration,True
2026-03-15 09:41:41.948161884,3389,6,66189.12719952015,39,35,23076,17372,718.9154565984886,663.1591858036063,248.21531370333668,1,0,1,1,0,Infiltration,True
2026-03-15 09:41:43.370355921,139,6,137180.78852141098,73,55,20669,39742,567.3182462013145,436.6120611354618,846.2039666004478,1,0,1,1,0,Infiltration,True
2026-03-15 09:41:44.349788093,5985,6,29944.932340314124,61,78,26055,18244,297.3355103551421,780.7145200911486,492.1827015305812,1,0,1,1,0,Infiltration,True
2026-03-15 09:41:45.862416192,445,6,140255.27863635222,75,83,7190,34947,551.9934946220587,801.3537771654032,208.17203161035093,1,0,1,1,1,Infiltration,True
2026-03-15 09:41:46.674282200,5985,6,128005.61526869539,41,93,11650,17760,606.0425490826365,597.0470391055728,770.1486671335006,1,0,1,1,0,Infiltration,True
2026-03-15 09:41:47.947338389,5985,6,144587.39512440222,95,21,30738,14131,696.2966083783615,456.78459305083845,1373.6459884327894,0,0,1,1,0,Infiltration,True
2026-03-15 09:41:49.355318544,3389,6,17500.612836899607,34,82,21635,18025,789.5775641735994,800.770093458388,1286.5528932491538,0,0,1,1,0,Infiltration,True
2026-03-15 09:41:50.306200389,445,6,87638.52213882626,79,99,21551,17619,239.17709663627957,549.6346594540269,1751.8232857071202,0,0,1,1,1,Infiltration,True
2026-03-15 09:41:51.518614242,5985,6,102685.8956460688,69,49,19568,39679,255.22030933496754,443.10258694387585,556.6168489654249,1,0,1,1,0,Infiltration,True
2026-03-15 09:41:53.096893904,5985,6,51184.75012775839,25,31,22083,8714,362.61894151589115,573.8721533423143,1326.7848161297343,1,0,1,1,0,Infiltration,True
2026-03-15 09:41:54.033368715,139,6,122408.51899534375,36,89,24330,27653,618.6147743716153,477.5621677434511,1897.6153008034794,1,0,1,1,0,Infiltration,True
2026-03-15 09:41:55.313628272,5985,6,8310.362901270624,53,45,34554,10255,480.90381138555097,439.26170276299285,753.1953057064225,1,0,1,1,0,Infiltration,True
2026-03-15 09:41:56.486077340,445,6,6750.601889477399,20,28,3110,25301,630.5752950266262,672.5633128185978,1983.3310104727693,0,0,1,1,0,Infiltration,True
2026-03-15 09:41:57.796754488,3389,6,39810.20317550733,50,25,31386,30328,477.9849439744446,334.49289282924474,957.4882175576022,1,0,1,1,1,Infiltration,True
2026-03-15 09:41:59.017095059,445,6,127572.29847079133,94,33,26265,2868,618.0436735547496,274.27694379618936,871.855443611992,1,0,1,1,0,Infiltration,True
2026-03-15 09:42:00.037953679,5985,6,172639.36324633757,54,45,31998,36950,713.4506579170611,546.2188292397136,1626.2496308494308,0,0,1,1,1,Infiltration,True
2026-03-15 09:42:01.076733644,445,6,144397.5834430505,49,53,14433,15707,287.17995222931427,392.7758489102388,967.8188606359922,0,0,1,1,0,Infiltration,True
2026-03-15 09:42:02.113680148,139,6,38861.24776192483,69,51,10605,22889,398.5975196007528,531.4154267217975,344.4218902153707,0,0,1,1,0,Infiltration,True
2026-03-15 09:42:03.668641950,445,6,90999.2116664144,99,98,21908,36772,408.97173167004644,589.2582182044567,1185.375240939906,0,0,1,1,1,Infiltration,True
2026-03-15 09:42:04.995281299,445,6,79743.23595112495,39,41,31927,21221,482.20811787077093,809.4102211888232,755.884315836439,1,0,1,1,0,Infiltration,True
2026-03-15 09:42:05.970323883,139,6,124730.39860485285,98,20,23342,22409,253.60553371006577,639.9351421419445,1291.121369226868,1,0,1,1,1,Infiltration,True
2026-03-15 09:42:06.998823684,139,6,133621.70253767975,90,78,25748,16040,360.3116417852862,342.2135915573083,868.8114938757446,0,0,1,1,0,Infiltration,True
2026-03-15 09:42:08.272849243,445,6,104912.47012548009,93,29,11954,6018,609.3444114967681,372.84840629529,1034.6933250358961,1,0,1,1,0,Infiltration,True
2026-03-15 09:42:09.605993357,445,6,142433.65316741017,23,74,26370,26231,499.6460825384732,726.5334660495315,803.543945988087,0,0,1,1,0,Infiltration,True
2026-03-15 09:42:11.002008731,3389,6,34125.06655504617,28,68,2527,34948,484.82809847694824,258.0503932558439,1376.2974313588884,1,0,1,1,0,Infiltration,True
2026-03-15 09:42:11.803051887,3389,6,39495.97554564027,67,48,29050,19724,559.1289007638131,612.5233230955519,843.3279195581714,1,0,1,1,1,Infiltration,True
2026-03-15 09:42:13.267289925,139,6,64514.8080739605,44,44,12741,26884,334.5959657164932,412.67673506251714,188.0665076309421,0,0,1,1,0,Infiltration,True
2026-03-15 09:42:14.552021168,445,6,19216.91575234436,42,55,32696,2263,285.91893657760005,565.634147191683,1686.8178766659425,1,0,1,1,0,Infiltration,True
2026-03-15 09:42:15.861628512,139,6,134877.80850124653,52,59,27500,24621,436.0100569183262,324.07400183478126,1667.801391202449,1,0,1,1,0,Infiltration,True
2026-03-15 09:42:16.570022215,139,6,79488.43036087885,72,90,30020,29628,169.44882039677418,598.5757562216613,625.1608383878632,0,0,1,1,0,Infiltration,True
2026-03-15 09:42:18.255834980,445,6,139816.348274615,78,96,18112,25398,652.2068282384696,786.9300474465265,1640.0372477544795,0,0,1,1,0,Infiltration,True
2026-03-15 09:42:19.260880521,5985,6,170826.91452234137,68,77,31288,26292,737.7344346128517,207.60116657684884,1133.090751775608,1,0,1,1,0,Infiltration,True
2026-03-15 09:42:20.560020952,445,6,124674.13110060409,86,34,31169,38864,178.65683872806426,642.5896301070122,214.32935371684653,0,0,1,1,0,Infiltration,True
2026-03-15 09:42:21.332264825,3389,6,41283.58961168791,16,35,7080,5130,176.939866007164,628.2650210639601,1390.501609362622,1,0,1,1,0,Infiltration,True
2026-03-15 09:42:22.803688893,5985,6,36783.782448404265,63,25,5804,7416,490.6103075560829,617.7595206800244,1608.5845241969862,1,0,1,1,1,Infiltration,True
2026-03-15 09:42:24.073577804,445,6,135429.57072215667,28,89,4399,36315,491.48308453461146,649.0705630057753,1296.6069416773908,1,0,1,1,0,Infiltration,True
2026-03-15 09:42:25.084100303,5985,6,166368.70839495512,76,44,13392,31594,385.27030875185386,232.1229306255297,849.3113068017328,0,0,1,1,0,Infiltration,True
2026-03-15 09:42:26.358990124,5985,6,142453.26229772877,21,24,21498,3584,569.588614209184,868.2467435990894,267.0927296977039,0,0,1,1,1,Infiltration,True
2026-03-15 09:42:27.632578881,445,6,10851.801282365155,16,93,7262,39572,403.48415149582127,525.4964188775215,1978.1156496679812,0,0,1,1,0,Infiltration,True
2026-03-15 09:42:28.831528763,5985,6,135608.02935318285,20,70,23489,22777,273.66591704493806,581.5734453876273,1469.0802257123153,0,0,1,1,1,Infiltration,True
2026-03-15 09:42:29.725116915,5985,6,39629.69235842195,73,25,32086,12677,668.4816858059814,699.9210742935918,1798.6524030703438,1,0,1,1,1,Infiltration,True
2026-03-15 09:42:31.163689059,3389,6,165710.79196244854,61,20,30715,16869,154.20648916174113,890.0346761339345,1069.6226709699235,1,0,1,1,0,Infiltration,True
2026-03-15 09:42:32.228290892,139,6,68363.88382802617,33,45,7332,15502,526.6323891719401,765.4433841833021,1202.735078444843,1,0,1,1,0,Infiltration,True
2026-03-15 09:42:33.850017046,5985,6,36464.37382150414,54,98,26574,36011,305.023320480223,596.9056911441523,676.8758353543208,1,0,1,1,0,Infiltration,True
2026-03-15 09:42:35.085947994,5985,6,156208.73223940257,76,74,4157,38692,617.6529574872852,626.4194970080905,1001.8281140877897,1,0,1,1,0,Infiltration,True
2026-03-15 09:42:35.879788137,139,6,104334.55829629897,99,71,21369,19355,430.7976875164211,353.35902781487954,554.8238980263767,1,0,1,1,0,Infiltration,True
2026-03-15 09:42:37.005111238,445,6,121654.83619736537,57,47,12661,16314,606.4336248978029,669.5058080167887,896.799097115075,1,0,1,1,0,Infiltration,True
2026-03-15 09:42:38.231702490,139,6,143895.54402018202,76,91,9202,20713,163.62641506654273,431.06632799745273,649.4566133966848,1,0,1,1,0,Infiltration,True
2026-03-15 09:42:39.586651353,139,6,9451.232864902871,34,17,4238,31021,243.19110608562445,650.8278410704393,522.889001437533,0,0,1,1,1,Infiltration,True
2026-03-15 09:42:41.024703359,5985,6,119540.97105851606,72,79,32646,3951,700.4370780376562,295.2900496871075,457.0580658556129,1,0,1,1,0,Infiltration,True
2026-03-15 09:42:42.000021728,5985,6,101144.61846960984,78,57,22154,29960,536.5252028140678,304.9236315113389,339.5435706116095,0,0,1,1,1,Infiltration,True
2026-03-15 09:42:42.933235237,3389,6,157648.50910605292,49,43,20901,29517,724.8849097843953,463.1764710898871,1169.6300982719963,1,0,1,1,0,Infiltration,True
2026-03-15 09:42:44.123931361,5985,6,32983.0494019911,17,77,34586,36752,347.37114950963246,475.81046773370434,1767.6853776017574,0,0,1,1,1,Infiltration,True
2026-03-15 09:42:45.436434567,3389,6,49115.95392705224,26,28,3169,14139,315.8148649867902,658.601409926298,521.6058775565493,1,0,1,1,0,Infiltration,True
2026-03-15 09:42:47.005662766,445,6,95765.76291231265,85,71,16871,7181,597.0079354206132,284.3962734220795,1678.6217379779118,1,0,1,1,0,Infiltration,True
2026-03-15 09:42:48.072888334,445,6,18401.335488297416,75,27,34159,38395,398.89491887952283,420.2045899980629,982.3467271431512,1,0,1,1,0,Infiltration,True
2026-03-15 09:42:49.237774712,139,6,117580.27821806613,74,19,3357,34363,493.4621474895329,566.7255814850973,616.8491613269637,0,0,1,1,0,Infiltration,True
2026-03-15 09:42:50.291381755,3389,6,100731.41363240361,84,83,10699,20150,378.3437405070346,356.5843957826619,1518.7925879102322,0,0,1,1,0,Infiltration,True
2026-03-15 09:42:51.857655243,3389,6,133393.46127540275,25,20,32068,28437,157.44408442703127,768.2668509685035,664.5016513456168,0,0,1,1,0,Infiltration,True
2026-03-15 09:42:52.698706946,3389,6,55424.57329821993,52,59,17469,12786,218.23155526283819,382.3711539633536,359.63215348592774,1,0,1,1,0,Infiltration,True
2026-03-15 09:42:54.200966647,5985,6,153485.70436877987,59,77,18143,28579,254.33397030384953,773.4260276566457,163.51969978538364,1,0,1,1,1,Infiltration,True
2026-03-15 09:42:55.437542110,5985,6,59563.38553923528,34,89,9989,29181,423.5672173638368,454.4240819350165,1079.183968648904,1,0,1,1,0,Infiltration,True
2026-03-15 09:42:56.390001007,5985,6,128856.53564720227,57,95,5576,11695,284.4821934281731,654.9066151903921,420.2029871165371,1,0,1,1,1,Infiltration,True
2026-03-15 09:42:57.836573561,139,6,42573.75097250575,53,62,34830,38442,224.01595522981924,491.2826444324539,312.17236506747236,0,0,1,1,0,Infiltration,True
2026-03-15 09:42:58.666081972,139,6,84487.32789181477,99,54,12432,29870,503.7005708004337,802.1129448736633,1764.8567775730517,0,0,1,1,0,Infiltration,True
2026-03-15 09:43:00.095060055,5985,6,6746.8332736541915,75,66,14997,3674,448.26920067725723,514.7766866558577,1714.635313721936,1,0,1,1,0,Infiltration,True
2026-03-15 09:43:00.952778249,445,6,94136.48305860009,55,61,32975,10593,654.0087571289139,527.0420654240088,1330.0117103210084,0,0,1,1,0,Infiltration,True
2026-03-15 09:43:02.384360528,445,6,135241.08281089127,65,33,12586,24495,702.0471671431228,567.1429345755323,1333.8149875816102,1,0,1,1,0,Infiltration,True
2026-03-15 09:43:03.430399081,5985,6,15958.09797329845,39,83,11855,19501,697.2065377861423,462.1754860983174,176.42595697487315,0,0,1,1,0,Infiltration,True
2026-03-15 09:43:04.537657966,3389,6,10612.0897035699,77,91,29037,32012,360.17058925270237,565.3782681869761,1874.5187335968772,0,0,1,1,0,Infiltration,True
2026-03-15 09:43:05.702235304,3389,6,73425.35768883173,59,96,26215,39058,696.8814569006531,467.39765442639344,1795.3876886627847,1,0,1,1,0,Infiltration,True
2026-03-15 09:43:07.094851269,445,6,48413.45408580283,93,37,30405,24483,716.3040677418234,583.8943950475682,607.5157997648635,1,0,1,1,0,Infiltration,True
2026-03-15 09:43:08.453718356,139,6,30089.40693590524,78,27,6002,33932,716.313794938088,600.8240735677846,666.8422901578799,0,0,1,1,0,Infiltration,True
2026-03-15 09:43:09.573138208,139,6,151936.2349444677,15,37,8422,35209,235.6743740493195,848.2428629773198,821.973798427712,1,0,1,1,0,Infiltration,True
2026-03-15 09:43:10.681061579,445,6,97595.31894343194,87,78,21718,4492,344.3028207951969,425.41328912221417,1791.4806576837136,1,0,1,1,1,Infiltration,True
2026-03-15 09:43:12.294720018,3389,6,108447.7662777756,46,91,19085,27095,424.5730305047967,371.4823544612645,179.96179294202472,1,0,1,1,1,Infiltration,True
2026-03-15 09:43:13.463715023,139,6,149237.42053846555,50,29,2187,2766,277.3700216337477,810.0938726003834,433.4088725236387,0,0,1,1,0,Infiltration,True
2026-03-15 09:43:14.175391984,3389,6,119450.78861247096,55,62,20581,37425,717.2763537153509,352.4286961588187,407.5421274103664,1,0,1,1,0,Infiltration,True
2026-03-15 09:43:15.549064456,3389,6,90825.27221914499,79,60,34470,20474,486.6169707569191,852.343724944777,242.28136885841167,1,0,1,1,0,Infiltration,True
2026-03-15 09:43:16.889308160,3389,6,14354.982324700559,19,68,20860,26404,488.1825887481596,514.2048574445429,662.5523420703956,1,0,1,1,1,Infiltration,True
2026-03-15 09:43:18.140094478,3389,6,78922.33130451753,21,74,4293,2660,442.45660517634275,733.2043627110364,1707.533974500342,1,0,1,1,0,Infiltration,True
2026-03-15 09:43:19.119823292,3389,6,56710.6168949684,26,83,24024,28658,203.24536165176298,872.6610500041995,1914.0994075062881,0,0,1,1,0,Infiltration,True
2026-03-15 09:43:20.547769087,5985,6,64681.535561617246,72,96,34141,18834,353.9002408104209,826.2804742190283,398.4032615368492,1,0,1,1,1,Infiltration,True
2026-03-15 09:43:21.374490007,445,6,142789.8298065101,47,23,26951,25285,657.9405798601952,550.0662116563901,1708.465165283746,1,0,1,1,1,Infiltration,True
2026-03-15 09:43:22.699087575,3389,6,144568.616441782,37,93,7712,8770,330.2528495172153,516.7272691529677,599.2130040438967,1,0,1,1,0,Infiltration,True
2026-03-15 09:43:24.129859905,139,6,96286.29450334852,54,19,30810,11416,780.2398349803636,404.36949190483915,451.5352315454178,0,0,1,1,1,Infiltration,True
2026-03-15 09:43:25.275409674,139,6,31672.08844341352,46,17,29250,13080,503.9590625183908,449.656356996575,447.32492398601,0,0,1,1,0,Infiltration,True
2026-03-15 09:43:26.602326128,5985,6,105226.53935068408,52,19,33252,11949,672.4908925281019,401.60884718089187,1096.0628155493218,0,0,1,1,0,Infiltration,True
2026-03-15 09:43:27.328114213,3389,6,24578.273302171114,76,59,20989,21980,523.7352243713715,364.22691363684066,559.6854226456869,0,0,1,1,0,Infiltration,True
2026-03-15 09:43:28.604635030,3389,6,128574.54058032615,43,74,21309,21726,295.5351652619473,623.2258174454508,1134.1138707749146,0,0,1,1,0,Infiltration,True
2026-03-15 09:43:29.729096749,445,6,166075.57334781013,39,53,31943,10076,618.5818989676608,379.1441179924051,641.4332273746736,1,0,1,1,1,Infiltration,True
2026-03-15 09:43:31.015268534,445,6,115650.69512808652,54,40,13913,13911,623.2099913349971,704.7059263090478,225.3037769028615,0,0,1,1,1,Infiltration,True
2026-03-15 09:43:32.102569686,3389,6,98071.80398964229,43,95,12203,5935,793.2886639582713,293.47053109043657,208.15585199107613,1,0,1,1,0,Infiltration,True
2026-03-15 09:43:33.602526181,139,6,105065.20302844219,39,54,14458,29753,653.089394555322,659.1576915274791,745.8722255374762,0,0,1,1,1,Infiltration,True
2026-03-15 09:43:34.816988637,5985,6,13365.91721764991,93,24,11572,24381,641.999609548973,486.26107576974874,1239.7443562219726,1,0,1,1,0,Infiltration,True
2026-03-15 09:43:36.094735068,445,6,43827.88826685664,18,40,16733,4947,422.5152452639094,612.2401421105457,1196.74588799961,1,0,1,1,0,Infiltration,True
2026-03-15 09:43:37.130947468,5985,6,16903.517533587932,53,32,26961,12267,271.9189100307764,334.71714980570977,1275.5241465554634,1,0,1,1,0,Infiltration,True
2026-03-15 09:43:38.101924614,445,6,30066.142225215095,35,83,24829,21254,581.9547744041374,464.92589620939583,307.2665604669081,1,0,1,1,0,Infiltration,True
2026-03-15 09:43:39.704334692,139,6,69310.04492708098,30,64,31419,27250,463.1375394216964,759.232808361323,1037.237551723608,1,0,1,1,0,Infiltration,True
2026-03-15 09:43:40.532574652,3389,6,10413.993928659136,55,51,21079,5974,592.7724247868721,719.6335718906263,951.0680773975865,1,0,1,1,1,Infiltration,True
2026-03-15 09:43:42.219702258,139,6,151436.24839948653,43,23,22793,22820,751.135279527135,398.8209867855927,1312.928128952401,0,0,1,1,1,Infiltration,True
2026-03-15 09:43:42.913592392,5985,6,171164.08803464033,78,60,25065,27756,501.7258716033718,745.5904384124627,1515.086323099389,0,0,1,1,0,Infiltration,True
2026-03-15 09:43:44.418285073,139,6,124436.09879076424,20,23,22295,27075,711.236076819619,457.42006747798814,553.3052998338301,1,0,1,1,0,Infiltration,True
2026-03-15 09:43:45.836950729,3389,6,18666.99728758876,85,66,8988,4361,441.2959949839777,817.4690894315872,1343.7632287370766,0,0,1,1,0,Infiltration,True
2026-03-15 09:43:46.843493745,445,6,131054.80441427529,37,22,31067,10369,603.9810560750778,374.17622712062973,1056.8537999895334,0,0,1,1,0,Infiltration,True
2026-03-15 09:43:48.065050047,139,6,76314.88669991486,36,93,8031,28395,355.66776623602516,710.2819188953762,691.4076116082881,0,0,1,1,0,Infiltration,True
2026-03-15 09:43:49.308966509,5985,6,133189.51699830353,46,15,10223,8502,653.3090553154119,447.0769142566473,1732.4774910408817,0,0,1,1,1,Infiltration,True
2026-03-15 09:43:50.173445308,445,6,34485.61129558593,67,93,2407,20678,337.7730466431017,368.9558361212814,490.1198738560119,0,0,1,1,0,Infiltration,True
2026-03-15 09:43:51.704956260,5985,6,88595.74860915219,97,87,16311,9498,635.2448651413849,836.4514830733012,218.19955890864196,1,0,1,1,0,Infiltration,True
2026-03-15 09:43:53.028212929,5985,6,15687.987284435401,53,69,11713,31463,301.3602092737037,222.95379629026667,1886.9270279254845,1,0,1,1,0,Infiltration,True
2026-03-15 09:43:54.284532499,445,6,61910.73797948676,74,95,9707,38928,666.4451855444262,677.1243249411727,758.2773232435898,1,0,1,1,0,Infiltration,True
2026-03-15 09:43:55.165831199,3389,6,35317.70911872137,68,99,2707,6179,553.9612904680234,679.7152175201742,243.22360804375705,1,0,1,1,0,Infiltration,True
2026-03-15 09:43:56.306702911,5985,6,151238.017516409,67,56,21529,16611,246.1030951671673,468.4829283568831,819.8426286045445,1,0,1,1,1,Infiltration,True
2026-03-15 09:43:57.751985769,5985,6,76799.85026165425,47,85,34182,31782,558.6008940694904,294.3569273918385,943.440618581699,0,0,1,1,0,Infiltration,True
2026-03-15 09:43:58.825724572,139,6,45963.49557485866,23,55,2045,13177,680.916380493034,514.1010809316319,251.4841809861278,1,0,1,1,0,Infiltration,True
2026-03-15 09:43:59.854382792,139,6,28676.88526822112,27,17,28162,17407,150.63475264999008,558.1969854427289,522.3051856932448,1,0,1,1,1,Infiltration,True
2026-03-15 09:44:01.003294730,139,6,34809.99747380009,90,38,11865,29066,561.0432647002782,779.8329640859708,1350.9907904105191,0,0,1,1,1,Infiltration,True
2026-03-15 09:44:02.202138180,3389,6,19668.83807717976,28,84,33003,21113,365.25113979286806,379.46309704277263,306.7034302764214,1,0,1,1,1,Infiltration,True
2026-03-15 09:44:03.575506221,3389,6,123986.6787073991,55,79,16350,24740,156.42486211849163,511.56448303919393,216.20885305180988,0,0,1,1,0,Infiltration,True
2026-03-15 09:44:04.602074643,3389,6,42646.1569775286,90,34,16908,13170,590.7762984970469,292.85448115353825,1005.3276615283086,1,0,1,1,0,Infiltration,True
2026-03-15 09:44:05.711831366,5985,6,43049.39664474815,73,69,4287,17487,483.9422430857342,287.48247271997695,1824.3317856610815,1,0,1,1,0,Infiltration,True
2026-03-15 09:44:06.931253264,5985,6,34855.32810873623,39,18,21332,5023,549.4191352450836,862.0140591048595,484.5584550444613,0,0,1,1,0,Infiltration,True
2026-03-15 09:44:08.657930726,445,6,60111.507954908295,23,89,13362,2606,563.5793602743,468.81728331688583,737.4593609520585,0,0,1,1,1,Infiltration,True
2026-03-15 09:44:09.343776804,445,6,12159.068143229579,84,38,21026,8153,154.05691466431108,413.7358122149,497.83669451813023,1,0,1,1,0,Infiltration,True
2026-03-15 09:44:10.543908414,139,6,144650.84873385567,49,97,7104,17252,511.01228816089093,881.0233780927542,457.61014142800383,0,0,1,1,0,Infiltration,True
2026-03-15 09:44:11.970713067,445,6,167579.22074026626,56,26,17035,8928,473.775687676874,511.9339349753539,1812.7165290716769,1,0,1,1,1,Infiltration,True
2026-03-15 09:44:13.047060169,139,6,32058.996823433732,51,89,31018,38861,771.9716516993383,887.9417897147295,1440.0622455294945,1,0,1,1,0,Infiltration,True
2026-03-15 09:44:14.677616311,445,6,142734.03952607786,39,17,13916,6038,531.2176996418902,606.4981905956764,835.3020204114864,1,0,1,1,0,Infiltration,True
2026-03-15 09:44:15.846591503,3389,6,139814.5145605148,46,17,15479,33859,642.7763368373838,885.2649058144971,373.43848764344034,1,0,1,1,0,Infiltration,True
2026-03-15 09:44:16.742845949,445,6,40881.17774421943,36,73,25708,35365,573.9100401960495,386.06617554989657,889.6873727243828,0,0,1,1,0,Infiltration,True
2026-03-15 09:44:17.969238911,5985,6,139281.7735698269,90,23,24192,26673,428.3769418787043,250.85364729307526,707.7916363765588,0,0,1,1,0,Infiltration,True
2026-03-15 09:44:19.125068191,139,6,161583.69422407882,71,21,11443,9796,458.48407697565295,770.0884026889785,1196.7930408913153,1,0,1,1,0,Infiltration,True
2026-03-15 09:44:20.122719669,445,6,130871.2207699606,74,71,25947,11249,285.14669370717894,467.41446865124885,746.6651394786005,0,0,1,1,1,Infiltration,True
2026-03-15 09:44:21.475708103,445,6,135957.29848695174,22,39,18480,39655,585.1527019583391,461.6460241017193,395.93698021745456,1,0,1,1,0,Infiltration,True
2026-03-15 09:44:22.573604081,445,6,54626.941775814055,81,55,31941,21754,606.8595823468353,544.5231919002865,1136.995596300967,1,0,1,1,1,Infiltration,True
2026-03-15 09:44:23.761422198,53,6,2922.871895569596,4,5,214,184,81.6374416761041,54.45493071768041,4810.678981202405,1,0,1,1,1,Bot,True
2026-03-15 09:44:25.236516943,443,6,2200.7526071387115,5,5,551,382,61.151977510923786,72.81257020789059,5005.893777106434,1,0,1,1,1,Bot,True
2026-03-15 09:44:26.159258914,8443,6,3476.885879288592,4,5,442,393,81.3161163916937,58.6648546923843,5142.910876349948,0,0,1,1,1,Bot,True
2026-03-15 09:44:27.361758794,53,6,3561.529597926768,6,3,210,200,84.72973879259575,40.9587466172461,5147.435125919235,0,0,1,1,1,Bot,True
2026-03-15 09:44:28.788308228,8443,6,2841.984461320516,6,5,223,116,53.4367841618699,74.05486391051481,5193.251603083259,1,0,1,1,1,Bot,True
2026-03-15 09:44:29.965369419,53,6,3776.859344467147,4,4,502,394,81.87367168304876,67.17111576865193,5195.563381165257,0,0,1,1,1,Bot,True
2026-03-15 09:44:30.982580871,8443,6,3525.2466294314577,5,5,469,293,62.318924566226364,63.388213255580744,4806.40301002578,1,0,1,1,1,Bot,True
2026-03-15 09:44:32.102669414,443,6,1548.6000511470518,4,3,594,368,61.28745689704887,75.92965423147889,5013.488265353033,1,0,1,1,1,Bot,True
2026-03-15 09:44:33.415784665,8443,6,2124.8694051494786,6,3,214,382,78.29359864250713,45.39040495736342,5174.061052767587,0,0,1,1,1,Bot,True
2026-03-15 09:44:34.641535352,53,6,894.5486244923941,5,3,409,357,66.76458551627533,72.31133294073751,4961.108434093894,0,0,1,1,1,Bot,True
2026-03-15 09:44:36.180149066,53,6,3619.8603880975056,4,5,272,363,61.54165667003733,78.8654760517438,4838.733584617142,1,0,1,1,1,Bot,True
2026-03-15 09:44:37.449263010,53,6,913.8641855581685,6,3,318,356,57.480261654484714,75.66102914478722,5035.922871709325,1,0,1,1,1,Bot,True
2026-03-15 09:44:38.343566638,53,6,3951.677043423327,5,4,530,108,55.83333638463629,50.67230239914496,5136.3974134953005,1,0,1,1,1,Bot,True
2026-03-15 09:44:39.543016035,53,6,2031.5102399355578,6,4,248,231,72.31405622636916,59.56130553346461,4981.888838573685,0,0,1,1,1,Bot,True
2026-03-15 09:44:40.927488770,53,6,1367.9108795689253,5,5,276,150,88.58283640161324,48.4956248261183,5165.176371109994,1,0,1,1,1,Bot,True
2026-03-15 09:44:42.076153209,53,6,3849.0356538005785,7,4,562,307,71.75430052068185,79.09976588925619,4824.198104552496,0,0,1,1,1,Bot,True
2026-03-15 09:44:43.010484112,8443,6,971.1883772116064,7,5,562,328,54.4971854540166,53.230520986605626,5090.70958141713,1,0,1,1,1,Bot,True
2026-03-15 09:44:44.164613473,443,6,3708.6580948324704,5,4,205,278,72.81484939989093,56.24221908190256,5055.672680518137,1,0,1,1,1,Bot,True
2026-03-15 09:44:45.562567134,443,6,1154.8094967591937,7,3,382,324,78.63700191703673,52.020762209208,5193.17405121038,0,0,1,1,1,Bot,True
2026-03-15 09:44:46.838897017,8443,6,1713.166861499355,4,5,460,276,86.18160085542652,44.25466862370788,4821.867675405697,1,0,1,1,1,Bot,True
2026-03-15 09:44:47.783224561,53,6,1491.70034600084,5,5,497,337,89.94972787579961,78.52699893000636,4862.638805416801,1,0,1,1,1,Bot,True
2026-03-15 09:44:49.075964096,53,6,1197.473703039686,6,4,245,153,64.24083161359607,49.91822366505218,5158.721776509383,1,0,1,1,1,Bot,True
2026-03-15 09:44:50.283565797,443,6,1214.935766056287,4,5,265,355,85.28322394136435,69.8200279779656,4968.822727183363,1,0,1,1,1,Bot,True
2026-03-15 09:44:51.456778920,8443,6,2523.335182752607,5,5,421,249,76.64960317132466,55.05550660804992,4821.020324363554,1,0,1,1,1,Bot,True
2026-03-15 09:44:52.776456759,443,6,2562.037717593662,5,5,460,121,56.28269980585936,72.20719062966442,4868.981541104119,0,0,1,1,1,Bot,True
2026-03-15 09:44:54.091838150,8443,6,1815.541731237462,4,3,235,205,80.30351611068437,71.61208232635794,4982.6886760735,0,0,1,1,1,Bot,True
2026-03-15 09:44:55.205633930,8443,6,3436.223795812989,7,5,202,373,87.81013589230682,77.16853266702643,4959.7724845206285,1,0,1,1,1,Bot,True
2026-03-15 09:44:56.220873937,8443,6,2772.25989598709,6,5,341,382,68.65826992946282,42.46895282093741,5088.790590231256,1,0,1,1,1,Bot,True
2026-03-15 09:44:57.361763428,8443,6,878.3971709904222,7,4,553,337,89.1530405472086,69.65172810914807,4850.461428098988,0,0,1,1,1,Bot,True
2026-03-15 09:44:58.993122277,443,6,1689.2175763281653,7,3,229,101,85.61391119945438,45.05888854246222,5195.746777133867,0,0,1,1,1,Bot,True
2026-03-15 09:44:59.987582809,8443,6,3034.827117828072,6,3,320,375,80.9173283625548,42.5847856729589,4944.679607744236,1,0,1,1,1,Bot,True
2026-03-15 09:45:00.937283510,8443,6,1862.2983011636097,6,3,362,156,77.08425548557246,78.69893294620714,4891.51484511912,1,0,1,1,1,Bot,True
2026-03-15 09:45:02.254872899,53,6,3754.5834858451817,4,3,560,153,51.48245444661531,64.30112023167912,5051.092052122159,1,0,1,1,1,Bot,True
2026-03-15 09:45:03.782420267,8443,6,1747.2181287979365,7,3,538,109,81.15694178855284,61.24414267857969,4908.472991437613,1,0,1,1,1,Bot,True
2026-03-15 09:45:04.951035794,8443,6,3411.688509219752,7,3,448,162,71.23033931782331,47.328103165222345,5090.929463759643,1,0,1,1,1,Bot,True
2026-03-15 09:45:06.225489979,8443,6,2547.2211017470904,4,5,245,211,78.17558538949564,49.92683000560932,5146.195361764826,1,0,1,1,1,Bot,True
2026-03-15 09:45:07.261252695,443,6,2021.1409708187298,6,5,315,234,63.06813807516648,72.56222327323599,4963.431880815522,1,0,1,1,1,Bot,True
2026-03-15 09:45:08.353743560,53,6,2181.866374218536,6,4,287,136,89.02218477964448,62.51931684133659,5047.742677456486,0,0,1,1,1,Bot,True
2026-03-15 09:45:09.555980998,8443,6,2164.6562308504654,6,5,369,337,71.43719527969827,72.13949324945366,4936.771849900344,1,0,1,1,1,Bot,True
2026-03-15 09:45:10.616400026,8443,6,1154.5859951406967,6,4,463,303,88.81546932053448,55.927024645007684,5071.389997021786,1,0,1,1,1,Bot,True
2026-03-15 09:45:12.090479376,443,6,3734.2822697786232,7,3,338,385,88.27655671764131,58.774840530360095,5076.494442603792,0,0,1,1,1,Bot,True
2026-03-15 09:45:13.251041253,53,6,1620.1899335951498,6,3,435,115,73.1368005401213,74.47117322803679,4914.842904930364,0,0,1,1,1,Bot,True
2026-03-15 09:45:14.192918646,8443,6,3270.4631265404655,5,3,379,322,58.680905628051754,65.67800252157483,5092.402068684614,1,0,1,1,1,Bot,True
2026-03-15 09:45:15.831397752,53,6,2988.9969243011415,6,5,529,137,72.02603472175824,57.991783697423934,5199.713099110908,1,0,1,1,1,Bot,True
2026-03-15 09:45:16.721080921,53,6,3740.8989160917786,6,3,256,133,62.9326214212127,44.67671563992168,5024.0001378119305,0,0,1,1,1,Bot,True
2026-03-15 09:45:17.729843259,8443,6,1328.5330850589344,4,3,344,107,65.630492971856,64.43734064007681,4885.02595696101,1,0,1,1,1,Bot,True
2026-03-15 09:45:19.096728552,443,6,1665.3455082912856,4,3,321,396,89.96364126558836,68.67838911549335,4920.156657630901,1,0,1,1,1,Bot,True
2026-03-15 09:45:20.621914028,443,6,2831.2458018579455,7,5,583,203,58.66915352343494,57.992222831056964,4966.685915625909,1,0,1,1,1,Bot,True
2026-03-15 09:45:21.850173951,8443,6,1232.5501718985797,4,5,448,104,71.84911646337518,56.48122422264204,4944.44873950452,0,0,1,1,1,Bot,True
2026-03-15 09:45:22.794239050,8443,6,3335.9323588178186,7,4,386,369,69.82404827887642,76.1414805369159,5169.603233450168,1,0,1,1,1,Bot,True
2026-03-15 09:45:24.273803964,8443,6,1132.5622899684947,7,5,246,344,52.03442954072002,68.4574138918316,4892.261996639943,0,0,1,1,1,Bot,True
2026-03-15 09:45:25.425145085,53,6,1952.7565109989864,5,5,508,313,80.06003488496208,71.32223464300523,5132.648000498221,0,0,1,1,1,Bot,True
2026-03-15 09:45:26.595138430,443,6,2070.428424199203,7,5,424,352,84.10328031750129,60.24425605281756,5017.886646215213,0,0,1,1,1,Bot,True
2026-03-15 09:45:27.815826038,53,6,958.4704876299252,7,4,287,303,68.91965179993333,41.92436915082351,5026.34135074013,0,0,1,1,1,Bot,True
2026-03-15 09:45:28.729125247,8443,6,3354.97070702432,5,5,290,362,78.33123046360078,50.29937817198342,4891.903890602678,0,0,1,1,1,Bot,True
2026-03-15 09:45:30.153881364,53,6,3596.4380573042645,6,3,348,287,80.05821369699387,50.204343410784475,4952.164361606962,0,0,1,1,1,Bot,True
2026-03-15 09:45:31.246403401,8443,6,3985.329145206629,7,5,588,298,77.11271077165146,63.3986847239325,5172.01496561402,1,0,1,1,1,Bot,True
2026-03-15 09:45:32.531810401,443,6,2263.8669266971,4,4,567,356,76.88422942554038,42.96232439395262,5173.409276042589,1,0,1,1,1,Bot,True
2026-03-15 09:45:33.406671664,8443,6,2301.904376893347,4,4,300,383,72.2495420150392,78.81050582368525,4822.06523580626,0,0,1,1,1,Bot,True
2026-03-15 09:45:34.938836347,8443,6,1385.2372150039855,5,3,340,333,80.30590846865181,77.36816160521482,5035.322922578858,0,0,1,1,1,Bot,True
2026-03-15 09:45:36.274555460,443,6,2734.624032686338,5,5,451,173,86.42855133226317,77.04237359915876,5119.404561535385,0,0,1,1,1,Bot,True
2026-03-15 09:45:37.081597993,443,6,1913.8621986915496,5,5,223,191,65.50979063242049,66.72995595803911,4813.605762081559,0,0,1,1,1,Bot,True
2026-03-15 09:45:38.691696794,443,6,1650.2319852898627,4,4,392,297,57.15649449364373,54.27476652637111,4803.772110762452,0,0,1,1,1,Bot,True
2026-03-15 09:45:39.527025608,53,6,881.0444261884783,5,3,454,349,87.44188231957169,54.68978501445638,4913.212750303197,1,0,1,1,1,Bot,True
2026-03-15 09:45:40.619834098,8443,6,2009.9314787549918,6,5,562,210,87.43533908645168,75.3533381326308,5179.368218097365,0,0,1,1,1,Bot,True
2026-03-15 09:45:41.767371737,8443,6,1654.576268928939,4,4,309,323,61.74753998661687,48.28077718474808,4937.498340508784,0,0,1,1,1,Bot,True
2026-03-15 09:45:43.370977147,8443,6,3967.4022618430413,7,4,321,179,78.86860677978942,59.221616385083976,4973.509037136135,0,0,1,1,1,Bot,True
2026-03-15 09:45:44.432895240,443,6,2305.2180025708703,4,3,219,283,87.19283231425798,76.76724903889846,5095.247559191312,0,0,1,1,1,Bot,True
2026-03-15 09:45:45.484278776,53,6,2911.2241532413977,7,3,401,298,80.20993973863091,71.89426435020562,5023.589495067852,0,0,1,1,1,Bot,True
2026-03-15 09:45:46.865070221,443,6,2045.1560274189962,5,4,255,166,68.83799705574927,41.687185852342814,5122.090000662015,0,0,1,1,1,Bot,True
2026-03-15 09:45:47.899260712,8443,6,3633.0671249358074,5,4,358,222,61.81724734884371,72.28207870813822,4974.490933705634,0,0,1,1,1,Bot,True
2026-03-15 09:45:49.169014654,8443,6,2375.5557902996516,6,5,451,262,67.39078536260828,66.19204234277021,5054.999086474722,1,0,1,1,1,Bot,True
2026-03-15 09:45:50.617598475,8443,6,3937.8858384309815,5,4,430,373,68.63252872632101,53.480045401512086,5009.74798176831,1,0,1,1,1,Bot,True
2026-03-15 09:45:51.700899886,53,6,1787.7741781377488,6,5,312,228,76.42285041128716,51.52373202716876,4993.709498749245,0,0,1,1,1,Bot,True
2026-03-15 09:45:52.957441103,53,6,2963.0127220688964,5,3,262,299,64.39094687751646,50.92545270949865,4869.793342598431,1,0,1,1,1,Bot,True
2026-03-15 09:45:54.050096130,443,6,1319.5751941718192,7,4,279,235,56.53833641787779,51.85985438424539,4843.7778181720505,0,0,1,1,1,Bot,True
2026-03-15 09:45:55.494838829,53,6,3216.4299763569916,5,5,359,384,55.125286096089155,75.25551158865923,4932.15635573619,0,0,1,1,1,Bot,True
2026-03-15 09:45:56.244846039,8443,6,1931.4876883191005,5,5,544,288,54.84064025893008,46.47741374121705,5105.082196487125,1,0,1,1,1,Bot,True
2026-03-15 09:45:57.457374696,53,6,1740.114031759162,4,3,218,248,55.51227613341784,57.48765243131325,4805.066614091653,1,0,1,1,1,Bot,True
2026-03-15 09:45:58.555535363,443,6,2090.5443582780717,6,4,545,388,63.24456605550469,41.650168381300574,4961.943570109744,0,0,1,1,1,Bot,True
2026-03-15 09:46:00.032411701,53,6,2283.944134585525,5,5,333,234,84.82770079310913,54.33184679572427,5014.003728018417,1,0,1,1,1,Bot,True
2026-03-15 09:46:01.268015541,8443,6,2075.5024834332526,7,3,481,229,70.18346741276787,74.74343100259232,5141.196902867598,1,0,1,1,1,Bot,True
2026-03-15 09:46:02.535576943,53,6,1686.1941317149408,5,4,376,164,89.1968167688539,43.37648423865665,5002.320928078658,0,0,1,1,1,Bot,True
2026-03-15 09:46:03.501267555,443,6,3271.709774088083,6,4,492,118,76.93176220219449,59.7050792761317,5046.482095291155,0,0,1,1,1,Bot,True
2026-03-15 09:46:04.507354081,53,6,2490.742402798412,6,5,258,135,86.35715688416428,41.01586730075343,4901.153041941561,0,0,1,1,1,Bot,True
2026-03-15 09:46:06.079337722,8443,6,2541.584051367666,4,5,599,298,68.47289774964948,78.39887811180013,4936.739362522401,1,0,1,1,1,Bot,True
2026-03-15 09:46:07.499217295,8443,6,1123.0329157014055,7,4,217,304,64.33863424653784,66.73421295588756,4811.701169902569,1,0,1,1,1,Bot,True
2026-03-15 09:46:08.276729612,53,6,1926.8870121563561,4,4,515,114,54.31574521047311,72.92418555812822,5021.664446085128,1,0,1,1,1,Bot,True
2026-03-15 09:46:09.410360671,53,6,1848.8908393044057,4,5,540,337,76.76305029896608,48.25797912296018,5022.326276221923,1,0,1,1,1,Bot,True
2026-03-15 09:46:10.669060174,8443,6,1352.7999541510294,6,3,294,102,88.51667864772199,75.83231649012244,4836.878725390227,1,0,1,1,1,Bot,True
2026-03-15 09:46:11.955249284,53,6,3886.45969295637,6,5,403,326,84.24997548250496,77.52217340198189,5012.268765379284,0,0,1,1,1,Bot,True
2026-03-15 09:46:13.050547757,443,6,3280.314341935692,7,3,345,352,84.43245309662404,51.83292071364279,4804.516547906733,0,0,1,1,1,Bot,True
2026-03-15 09:46:14.308176015,443,6,3297.3536055266522,7,5,343,300,85.69073665359657,76.328759035833,5000.701658837444,1,0,1,1,1,Bot,True
2026-03-15 09:46:15.682924043,53,6,920.4370031310034,4,3,446,289,54.16060577320838,41.73334387346232,4843.3501871606495,0,0,1,1,1,Bot,True
2026-03-15 09:46:16.707016792,443,6,3763.221816880718,5,3,368,153,82.64868668723474,72.58842455892459,4930.631117562754,1,0,1,1,1,Bot,True
2026-03-15 09:46:17.937635366,8443,6,3634.7653040137625,5,5,226,198,79.59956633275506,69.51083856863073,4896.8100556946665,1,0,1,1,1,Bot,True
2026-03-15 09:46:18.924018757,8443,6,1677.274401120616,4,4,211,337,54.257842493382725,77.8709045268574,4865.53130356421,0,0,1,1,1,Bot,True
2026-03-15 09:46:20.650765500,443,6,3200.827001753338,5,4,437,290,85.67754650664222,66.65822616281307,5067.309282134733,0,0,1,1,1,Bot,True
2026-03-15 09:46:21.544131575,8443,6,3251.047740738883,6,4,343,248,67.05858077178429,55.07582080180103,4872.707275026727,1,0,1,1,1,Bot,True
2026-03-15 09:46:22.696886109,443,6,3374.38147508082,5,3,564,244,63.04505654384056,62.718772704962525,4837.577958749766,1,0,1,1,1,Bot,True
2026-03-15 09:46:23.751890517,8443,6,3432.080118096377,4,5,277,152,61.28338427178325,71.5911761500423,5166.274279427043,1,0,1,1,1,Bot,True
2026-03-15 09:46:25.280509929,53,6,3563.3936359172812,7,4,243,228,88.09957663775022,75.6505523841511,4993.973451047718,0,0,1,1,1,Bot,True
2026-03-15 09:46:26.618294970,53,6,1956.7319315605275,4,3,388,135,62.96181000677545,52.10371651069598,4810.5668010044465,0,0,1,1,1,Bot,True
2026-03-15 09:46:27.324691920,53,6,3385.761148944723,6,3,359,389,52.40668276166244,72.25123856357973,4846.038842355297,1,0,1,1,1,Bot,True
2026-03-15 09:46:28.587163480,53,6,1523.5861361627872,7,4,424,392,56.83111021556574,60.89879218529942,5013.055168385666,1,0,1,1,1,Bot,True
2026-03-15 09:46:29.787833897,53,6,1956.6526960815622,7,4,465,385,78.3570212214859,40.717250175342926,4860.348929518928,0,0,1,1,1,Bot,True
2026-03-15 09:46:31.261364913,443,6,1857.9249260606887,5,3,377,241,82.1800170472666,45.555097277215715,4977.7083980040225,1,0,1,1,1,Bot,True
2026-03-15 09:46:32.652738301,53,6,1324.0596732202016,6,3,373,387,81.38617034638747,75.40873763201446,5112.550809921408,1,0,1,1,1,Bot,True
2026-03-15 09:46:33.562661020,8443,6,2480.956805450136,7,3,302,201,73.90034541941674,48.775155930806044,5129.221797396648,1,0,1,1,1,Bot,True
2026-03-15 09:46:34.706283868,443,6,3985.1754485014317,6,4,453,225,60.7798742111358,51.43940734961216,4990.972513778623,0,0,1,1,1,Bot,True
2026-03-15 09:46:36.159504411,53,6,1115.6527468030088,7,4,562,352,68.39409646512996,78.56667899215635,5095.605318357719,0,0,1,1,1,Bot,True
2026-03-15 09:46:37.345541437,8443,6,1777.8968277688225,6,3,437,291,76.43465758115269,75.57129702245045,4913.6557358868295,0,0,1,1,1,Bot,True
2026-03-15 09:46:38.248053683,8443,6,3881.9642244421752,4,3,595,387,69.59621614972707,73.85133055844967,4991.1006599417,1,0,1,1,1,Bot,True
2026-03-15 09:46:39.396495817,8443,6,3480.423230346064,7,5,552,288,58.25579108151034,47.314632237509954,5146.629269232617,0,0,1,1,1,Bot,True
2026-03-15 09:46:40.714686019,443,6,3507.3935666963516,4,5,218,102,74.63543690866373,41.51745994992157,4872.481868383961,0,0,1,1,1,Bot,True
2026-03-15 09:46:42.165362035,53,6,1526.7300404146563,5,3,556,356,86.9966243016612,47.003615205195985,5031.319483315616,0,0,1,1,1,Bot,True
2026-03-15 09:46:43.317038033,443,6,3849.902651873446,5,4,218,258,62.705334344837,62.780603701348696,5172.528618693393,1,0,1,1,1,Bot,True
2026-03-15 09:46:44.499512223,53,6,3254.6859999293565,5,3,268,270,62.4250336577356,56.77800456165239,4894.974428375213,1,0,1,1,1,Bot,True
2026-03-15 09:46:45.797657136,8443,6,1210.4830382750233,6,3,491,316,73.46496829405417,74.73405471614186,4959.066162746209,1,0,1,1,1,Bot,True
2026-03-15 09:46:46.666278187,443,6,3559.1051278244977,4,4,268,394,53.252861155237554,54.509917561867034,5081.0361310233875,0,0,1,1,1,Bot,True
2026-03-15 09:46:47.903810235,443,6,1870.997999011559,5,4,489,158,75.38892578505029,75.5496766360427,5008.661609579983,1,0,1,1,1,Bot,True
2026-03-15 09:46:48.925403670,53,6,1143.2806558844259,6,5,445,362,85.73827605509472,75.2121544657061,5136.910613362145,0,0,1,1,1,Bot,True
2026-03-15 09:46:50.621247465,53,6,1340.192658363044,7,5,547,390,61.31579263983833,52.5933196723296,4907.898282200083,1,0,1,1,1,Bot,True
2026-03-15 09:46:51.649457840,8443,6,3154.0267846103134,4,4,448,228,58.53288475581318,55.926277456216425,5065.075866012374,1,0,1,1,1,Bot,True
2026-03-15 09:46:52.678873375,8443,6,3140.63052224603,4,5,595,185,50.316975293294284,72.88469845096847,4811.997460026578,0,0,1,1,1,Bot,True
2026-03-15 09:46:53.741649918,53,6,1576.0600396927816,4,4,572,353,82.56171477129178,54.8973222799024,4989.581920337934,0,0,1,1,1,Bot,True
2026-03-15 09:46:55.334045701,8443,6,1674.1292101662104,7,5,281,171,58.46699044825907,47.266534127109296,5193.147839075222,0,0,1,1,1,Bot,True
2026-03-15 09:46:56.549242511,53,6,906.1016857601591,7,4,309,188,84.80129639736931,69.39872069255034,5016.257027557408,0,0,1,1,1,Bot,True
2026-03-15 09:46:57.699707191,8443,6,3649.6046384679207,5,4,299,221,59.24115376785053,70.26405878388488,5143.889047900744,0,0,1,1,1,Bot,True
2026-03-15 09:46:58.622268582,443,6,1543.1298564607923,7,5,471,158,64.53252596572707,55.22452581658635,4958.403487093835,0,0,1,1,1,Bot,True
2026-03-15 09:47:00.247929635,53,6,1488.10938748353,7,3,346,275,82.14477725488007,63.48300601359212,4944.661554670792,0,0,1,1,1,Bot,True
2026-03-15 09:47:01.351894811,8443,6,2384.2829273208204,4,4,563,207,75.1801106585882,71.51350186891156,4814.220921108995,1,0,1,1,1,Bot,True
2026-03-15 09:47:02.494653794,8443,6,1841.741019354971,6,3,477,196,80.31701083672073,56.50691912673952,5030.5814586154875,0,0,1,1,1,Bot,True
2026-03-15 09:47:03.690566354,53,6,1964.5921014220878,7,3,390,375,55.09597759632127,65.94734697912979,4959.973395620412,1,0,1,1,1,Bot,True
2026-03-15 09:47:05.042614620,8443,6,1396.6863180344099,5,5,260,323,71.39589463170286,65.17671544070708,5139.535869743761,0,0,1,1,1,Bot,True
2026-03-15 09:47:06.256984279,8443,6,3299.861557081438,6,3,225,363,53.89271443294251,72.15195160234757,4907.228891780021,1,0,1,1,1,Bot,True
2026-03-15 09:47:07.257382450,443,6,2649.987395121857,6,4,592,303,58.60667285924386,56.42123417676724,4838.675850644597,0,0,1,1,1,Bot,True
2026-03-15 09:47:08.350001646,8443,6,1737.4592572799238,7,4,248,374,61.25611242825125,73.90321190914919,5150.4283976263105,1,0,1,1,1,Bot,True
2026-03-15 09:47:09.518240387,53,6,3354.339735979046,6,3,348,106,65.27176229861747,43.39439764475381,5093.140700760467,0,0,1,1,1,Bot,True
2026-03-15 09:47:10.991447304,53,6,888.7551543732296,4,3,399,210,58.510579067219766,45.455910387351246,4865.028115889191,1,0,1,1,1,Bot,True
2026-03-15 09:47:12.086763203,53,6,3306.616402690529,4,3,536,283,59.80525710465123,63.057067117057386,4824.4200977298115,1,0,1,1,1,Bot,True
2026-03-15 09:47:12.946359618,53,6,823.5856165113884,4,3,351,124,89.78872457325946,41.62808468918697,4800.688651265104,0,0,1,1,1,Bot,True
2026-03-15 09:47:14.185311607,8443,6,2082.3523337988263,7,4,577,303,79.04415170015986,46.75477173126015,5188.432146276147,0,0,1,1,1,Bot,True
2026-03-15 09:47:15.840111537,53,6,2286.4445668599537,5,4,273,314,88.49965616888156,78.83677309153774,4965.443657852553,0,0,1,1,1,Bot,True
2026-03-15 09:47:17.030698888,8443,6,1180.6822113820442,7,4,421,329,64.33054667365737,61.18936790105553,5081.99913493567,1,0,1,1,1,Bot,True
2026-03-15 09:47:18.271099469,443,6,3739.5094241219285,5,4,330,193,71.4780896397591,54.666726215759965,4983.795560580195,1,0,1,1,1,Bot,True
2026-03-15 09:47:19.156710580,443,6,933.2865568724255,6,5,473,382,58.55411742195986,70.66020084873433,4866.220550876785,1,0,1,1,1,Bot,True
2026-03-15 09:47:20.570436544,443,6,3414.9052106941176,4,3,331,241,73.10559792310852,65.6442032687983,5188.7717427232155,1,0,1,1,1,Bot,True
2026-03-15 09:47:21.796935016,443,6,2546.482781458916,4,5,263,391,64.72426317185074,52.79215244496866,5028.18629147352,1,0,1,1,1,Bot,True
2026-03-15 09:47:22.689418143,443,6,2033.9053020977144,6,5,476,352,78.84608168909637,54.02975290393003,4896.8741485727105,0,0,1,1,1,Bot,True
2026-03-15 09:47:23.787202626,53,6,3869.1444096899527,5,5,367,143,68.827908147171,65.91991103035193,5168.00012002051,0,0,1,1,1,Bot,True
2026-03-15 09:47:25.498215816,8443,6,3424.9117726407785,7,4,404,182,71.75424418397759,61.61548121943436,4853.352269350491,0,0,1,1,1,Bot,True
2026-03-15 09:47:26.118131522,53,6,3153.2193895444434,6,4,445,269,72.23421762697728,76.25437848996071,5169.553289864011,0,0,1,1,1,Bot,True
2026-03-15 09:47:27.658401551,8443,6,1104.2485705369074,5,4,217,152,82.04249911368149,51.23308255114338,4860.191028602368,1,0,1,1,1,Bot,True
2026-03-15 09:47:28.890127364,443,6,828.2840201969915,4,5,528,198,66.78947690409633,55.832433925413525,4857.19569734461,0,0,1,1,1,Bot,True
2026-03-15 09:47:30.109073605,443,6,1071.0070598476646,6,4,443,387,78.99771365223017,68.59169029956348,5067.884878119536,1,0,1,1,1,Bot,True
2026-03-15 09:47:31.053376646,53,6,3953.9288932036593,6,3,443,167,50.84682304831865,70.18606022868455,4942.350537267996,1,0,1,1,1,Bot,True
2026-03-15 09:47:32.532947546,8443,6,3511.892657719479,4,3,272,215,86.19777938393241,45.11782363668949,5097.722307765797,0,0,1,1,1,Bot,True
2026-03-15 09:47:33.429839737,53,6,3691.596335885401,6,5,453,331,77.88354417080987,48.91566124286588,4804.915341359024,1,0,1,1,1,Bot,True
2026-03-15 09:47:34.997422953,8443,6,3555.597226610499,4,5,295,255,55.7330293714555,43.39709944481915,4911.950933267734,1,0,1,1,1,Bot,True
2026-03-15 09:47:35.831470004,8443,6,3374.9786566817475,5,4,205,301,59.87472589240505,78.10968356554957,4879.469364770916,0,0,1,1,1,Bot,True
2026-03-15 09:47:37.318023617,8443,6,1318.4445166643964,6,3,419,194,89.82851074707301,77.22171239509765,5028.780556616255,1,0,1,1,1,Bot,True
2026-03-15 09:47:38.570048091,443,6,3651.249495402525,5,3,284,209,54.824472160166,77.46392560390575,4935.271336477369,0,0,1,1,1,Bot,True
2026-03-15 09:47:39.413367450,8443,6,1509.8714542678917,6,4,256,251,76.91090976306425,72.36622352988346,5081.073406648973,0,0,1,1,1,Bot,True
2026-03-15 09:47:40.642791892,443,6,3921.1927766619146,6,4,378,123,75.82557301026074,66.91146339978017,5174.957819793006,0,0,1,1,1,Bot,True
2026-03-15 09:47:42.167462243,443,6,2430.981743131496,5,4,530,312,51.60218594064901,76.01331978854466,4871.043189404607,0,0,1,1,1,Bot,True
2026-03-15 09:47:42.951599382,53,6,1436.346714571765,6,4,253,312,75.72270656780482,77.89446695687138,4825.240822228782,0,0,1,1,1,Bot,True
2026-03-15 09:47:44.214456571,53,6,1694.0367753757193,7,3,583,231,88.4612570989951,54.275328396369574,5092.898306368167,1,0,1,1,1,Bot,True
2026-03-15 09:47:45.573318543,443,6,1542.6167630206382,4,4,452,283,68.29406653872766,67.10380192281158,4935.924351447655,0,0,1,1,1,Bot,True
2026-03-15 09:47:47.058109157,443,6,3114.390484114977,5,4,318,259,57.99039348846669,71.583386292542,5039.894943318138,1,0,1,1,1,Bot,True
2026-03-15 09:47:48.037126700,8443,6,2718.0050552494713,7,3,445,280,67.81739601720088,66.93125145745736,5006.012953680813,1,0,1,1,1,Bot,True
2026-03-15 09:47:49.132606708,443,6,2570.88013094852,4,3,487,137,51.84588113512501,76.12510539894066,4926.06381788389,1,0,1,1,1,Bot,True
2026-03-15 09:47:50.687022133,8443,6,3745.5460345614506,5,5,392,287,76.86808668341419,50.648405389151634,5030.62041329492,0,0,1,1,1,Bot,True
2026-03-15 09:47:51.578226783,53,6,1439.6648394878462,5,3,219,189,69.86245828366486,65.48253049488912,5186.970518082098,0,0,1,1,1,Bot,True
2026-03-15 09:47:52.760240984,53,6,2371.333014563095,7,5,373,112,85.02783576066915,45.84810624104236,4916.075701231634,1,0,1,1,1,Bot,True
2026-03-15 09:47:53.946986590,8443,6,1746.508781252976,5,3,553,165,51.175476503262935,51.69495633346361,4930.687479163187,1,0,1,1,1,Bot,True
2026-03-15 09:47:55.087308043,8443,6,1191.3910191216673,7,4,249,113,76.8613152623198,65.01996294996812,5035.396129013502,0,0,1,1,1,Bot,True
2026-03-15 09:47:56.295416885,53,6,1646.0018832559967,6,4,329,233,88.8308104693265,41.750644860633784,4805.880772335492,1,0,1,1,1,Bot,True
2026-03-15 09:47:57.712702235,53,6,1726.68368330521,7,4,328,361,58.081777615777014,75.01885858272374,4907.823015432175,0,0,1,1,1,Bot,True
2026-03-15 09:47:58.524501358,8443,6,2504.780581738337,7,5,294,386,74.9950975690419,44.07424186177371,5064.935495070849,0,0,1,1,1,Bot,True
2026-03-15 09:48:00.109090035,443,6,1749.1705860923744,4,5,222,229,80.68083625406129,42.149151105082275,4998.340457169439,0,0,1,1,1,Bot,True
2026-03-15 09:48:01.020722698,8443,6,2612.4119075897165,5,4,491,149,84.10502496239425,60.01880809881183,5194.268785329829,1,0,1,1,1,Bot,True
2026-03-15 09:48:02.330524801,53,6,3625.7606978791205,5,4,487,238,82.60499986269176,56.81613035031111,4996.963242302257,0,0,1,1,1,Bot,True
2026-03-15 09:48:03.387923383,8443,6,3499.4564381435325,5,5,595,145,73.59264141141,44.67661557973859,5154.161824825157,0,0,1,1,1,Bot,True
2026-03-15 09:48:04.831650626,53,6,3186.0168092075382,4,3,466,221,74.76580033030447,70.84852386502413,4868.045649318517,0,0,1,1,1,Bot,True
2026-03-15 09:48:06.137610266,8443,6,2353.8001291292894,5,4,378,284,69.7472280768247,66.45813046875357,4808.402888578099,0,0,1,1,1,Bot,True
2026-03-15 09:48:07.112793345,8443,6,1779.900868880146,6,5,576,161,64.85475134054693,49.261179908991764,4889.69696099249,0,0,1,1,1,Bot,True
2026-03-15 09:48:08.198049946,53,6,3864.1131209281657,6,3,316,199,72.36667771915954,62.79558118455329,5065.024999968811,1,0,1,1,1,Bot,True
2026-03-15 09:48:09.435903349,8443,6,2371.9925138524495,7,4,228,234,73.70177927261682,48.563354987418904,5141.547205746177,1,0,1,1,1,Bot,True
2026-03-15 09:48:10.990867751,53,6,2150.108022866648,6,5,448,303,87.19803195357883,69.14793591744507,5084.207648152046,0,0,1,1,1,Bot,True
2026-03-15 09:48:11.860589241,53,6,2835.0147155217774,5,4,531,345,53.271723472383144,68.59244613351404,4906.4117796572655,1,0,1,1,1,Bot,True
2026-03-15 09:48:13.364821555,53,6,1815.7119747382585,6,4,314,258,84.8822315555058,66.15386501120989,4897.18854185934,1,0,1,1,1,Bot,True
2026-03-15 09:48:14.298719644,443,6,1965.8185220990401,6,5,305,211,56.15772239047597,45.66824050669236,5035.655840745227,0,0,1,1,1,Bot,True
2026-03-15 09:48:15.413239532,53,6,2413.534065935537,6,3,571,210,66.32829598108948,62.4808096209575,4831.513009184792,0,0,1,1,1,Bot,True
2026-03-15 09:48:16.936385135,443,6,3069.3344583811536,6,5,308,156,65.36820775214254,41.472783262314714,4972.738617978135,1,0,1,1,1,Bot,True
2026-03-15 09:48:17.981127017,8443,6,3825.3605655079555,7,3,298,228,87.6462407557699,58.77852850844754,5157.4853980616535,1,0,1,1,1,Bot,True
2026-03-15 09:48:18.918766350,53,6,3226.525006342529,7,3,228,335,55.11416680761288,69.94376066110112,4967.61996966379,1,0,1,1,1,Bot,True
2026-03-15 09:48:20.675965451,53,6,993.6914089166233,4,3,307,131,65.02064992794529,46.786224115926466,4803.162323533596,1,0,1,1,1,Bot,True
2026-03-15 09:48:21.388652067,8443,6,2619.1232446205954,7,3,489,181,78.22427895161911,60.80019737272533,4835.535692361528,1,0,1,1,1,Bot,True
2026-03-15 09:48:22.712044185,443,6,3979.23865137608,4,3,560,101,80.02891555722509,51.15325008116848,4962.0870348388635,0,0,1,1,1,Bot,True
2026-03-15 09:48:23.930876780,8443,6,3068.57987099326,4,5,585,383,83.69364233771825,48.23214580217802,4827.046385068594,0,0,1,1,1,Bot,True
2026-03-15 09:48:25.193657939,8443,6,1466.1901964746132,4,4,486,386,59.248784825095086,76.0717218061158,5014.868696390728,0,0,1,1,1,Bot,True
2026-03-15 09:48:26.571266413,8443,6,2294.599981582681,6,5,499,239,75.64087781929196,66.71367183988114,5042.919535934568,0,0,1,1,1,Bot,True
2026-03-15 09:48:27.303654167,53,6,3761.7257679108757,4,3,478,278,80.9508519062395,43.34719796695542,4980.0695126711325,0,0,1,1,1,Bot,True
2026-03-15 09:48:29.059483230,443,6,2835.7016312704554,4,4,565,164,83.39591631749022,60.994373342077495,5104.338264914128,1,0,1,1,1,Bot,True
2026-03-15 09:48:30.087593676,443,6,2834.9565887927647,5,4,453,275,77.64684950876622,74.44531703750899,5019.33870762306,1,0,1,1,1,Bot,True
2026-03-15 09:48:31.470389327,8443,6,3229.9978691452275,5,4,443,338,70.08421019044249,70.54763931095438,5068.919101754453,1,0,1,1,1,Bot,True
2026-03-15 09:48:32.590433722,443,6,3336.885306242731,5,5,584,143,60.21395388102464,79.5529825641572,4896.659392685235,1,0,1,1,1,Bot,True
2026-03-15 09:48:33.856702930,53,6,2031.668732936353,6,3,490,367,60.884764557816666,40.44120241885886,5111.349108579675,1,0,1,1,1,Bot,True
2026-03-15 09:48:34.860600330,53,6,1185.1607165396047,5,3,521,298,74.04734064734141,70.5258376953641,5149.284974246032,1,0,1,1,1,Bot,True
2026-03-15 09:48:35.914385389,8443,6,2466.0750522755225,6,5,426,232,51.86249914914705,61.745358033063454,4899.007431234101,1,0,1,1,1,Bot,True
2026-03-15 09:48:37.165748437,53,6,3195.7067403962988,7,3,282,327,75.75893978945388,77.86471724997723,5126.230414498789,1,0,1,1,1,Bot,True
2026-03-15 09:48:38.494819386,53,6,3957.594335797513,4,5,518,207,80.066635329418,74.18405964207929,5043.531370181603,0,0,1,1,1,Bot,True
2026-03-15 09:48:39.556159115,53,6,2283.0148525784716,7,3,283,193,61.02248920288588,65.25083334529249,5115.184478518606,1,0,1,1,1,Bot,True
2026-03-15 09:48:40.939003670,53,6,864.6584903669158,7,3,501,148,80.94656301920534,44.659522923506884,5182.968053897493,1,0,1,1,1,Bot,True
2026-03-15 09:48:41.755108809,53,6,2637.348568867298,6,3,205,353,85.08224943038857,72.6360713002795,4882.845179060648,0,0,1,1,1,Bot,True
2026-03-15 09:48:43.397991989,443,6,3591.4441086522575,7,4,542,358,54.26096527208135,60.588395563083104,4846.16646107824,0,0,1,1,1,Bot,True
2026-03-15 09:48:44.222513183,53,6,1317.0347580312177,5,4,403,301,83.64100803275458,43.22471832766348,5156.831078637095,0,0,1,1,1,Bot,True
2026-03-15 09:48:45.866368565,443,6,2341.756527982033,7,5,222,363,51.888323983939685,65.09683731179686,5118.763375592787,0,0,1,1,1,Bot,True
2026-03-15 09:48:46.593327479,53,6,2979.735092966456,6,4,434,121,77.73672092013342,78.1063958654461,4937.131120830489,0,0,1,1,1,Bot,True
2026-03-15 09:48:47.777498517,53,6,2833.7511166234813,5,4,593,108,81.24233010086587,54.41380678286329,5044.009027085955,0,0,1,1,1,Bot,True
2026-03-15 09:48:49.387125666,53,6,987.9365190594168,4,4,584,264,83.90357422155233,70.52570096909923,4981.662587415424,0,0,1,1,1,Bot,True
2026-03-15 09:48:50.591221096,8443,6,1725.036618545676,7,4,343,344,80.40929907563562,77.73218870297498,5151.542052037446,1,0,1,1,1,Bot,True
2026-03-15 09:48:51.743255651,53,6,1636.4990324562887,5,4,365,225,65.61070782630023,71.16610180193929,4955.014520755652,0,0,1,1,1,Bot,True
2026-03-15 09:48:53.076318278,443,6,3383.031241252469,5,4,403,191,74.92465792587396,46.99406311679455,4843.08933962705,0,0,1,1,1,Bot,True
2026-03-15 09:48:53.862323777,443,6,3264.6899878093323,7,3,544,162,58.10884660654506,72.91082994674127,4900.063383621387,1,0,1,1,1,Bot,True
2026-03-15 09:48:55.395989243,53,6,3331.2341876678693,4,3,304,368,63.27684048650549,66.29838278390521,4903.377823137678,0,0,1,1,1,Bot,True
2026-03-15 09:48:56.311224318,8443,6,2481.603744754141,7,5,359,349,89.71757488560294,57.789841611976364,5027.119044866798,1,0,1,1,1,Bot,True
2026-03-15 09:48:57.622439175,8443,6,1161.2678572155928,5,3,267,270,81.6108054309784,51.55589176116408,5112.32173257995,1,0,1,1,1,Bot,True
2026-03-15 09:48:58.767360017,53,6,2301.7503066110694,5,3,404,318,61.617000449351075,50.861850619025695,5010.426052741714,0,0,1,1,1,Bot,True
2026-03-15 09:48:59.703510013,53,6,1734.3055371752225,6,3,522,114,70.66136549761089,41.40132191302569,4808.1553571137665,0,0,1,1,1,Bot,True
2026-03-15 09:49:01.244677316,8443,6,1913.2773778295104,6,3,509,250,74.04913575287875,72.13056191607703,5005.546935096247,0,0,1,1,1,Bot,True
2026-03-15 09:49:02.548503532,8443,6,2194.3461008183685,7,5,312,320,57.38261889813726,67.64457893158678,4879.3886252709035,0,0,1,1,1,Bot,True
2026-03-15 09:49:03.404731430,443,6,887.9439478498167,5,4,516,294,58.774591256592146,40.15393038797302,5133.356013345962,1,0,1,1,1,Bot,True
2026-03-15 09:49:05.058993517,8443,6,1233.668643674699,7,4,470,188,70.09126600253524,69.86833910694034,4867.330890414519,0,0,1,1,1,Bot,True
2026-03-15 09:49:06.018239723,443,6,1661.1370825289564,7,3,218,316,60.33659467050443,61.17881209356702,5077.0435072702985,0,0,1,1,1,Bot,True
2026-03-15 09:49:07.006947601,53,6,839.0635088556028,4,4,352,364,88.91073158603243,57.93237481240062,4966.38093118239,1,0,1,1,1,Bot,True
2026-03-15 09:49:08.487568542,53,6,3464.25626641252,5,4,554,317,50.95946591401352,75.14058213597593,5015.55442910219,0,0,1,1,1,Bot,True
2026-03-15 09:49:09.415153625,8443,6,1234.7811351223118,4,4,347,312,72.3673958502766,56.47886282570184,4855.672447069212,0,0,1,1,1,Bot,True
2026-03-15 09:49:10.538120008,53,6,2740.189511549832,5,5,227,234,59.479793118292484,55.07048773151905,5004.086404034457,1,0,1,1,1,Bot,True
2026-03-15 09:49:12.111189145,8443,6,3765.097172686799,5,3,456,292,54.571329207601885,62.05996581290546,5121.121077346535,1,0,1,1,1,Bot,True
2026-03-15 09:49:12.966416929,443,6,3372.486829428636,5,3,495,198,51.92306074000705,54.24340370430465,5027.511802624308,1,0,1,1,1,Bot,True
2026-03-15 09:49:14.163730469,53,6,2001.4835084012495,5,3,471,379,56.845115916195695,68.02305325947015,5015.862389931591,1,0,1,1,1,Bot,True
2026-03-15 09:49:15.743966137,53,6,3940.306086953783,4,5,367,344,82.85295857796687,65.90364041487942,4810.261778303632,0,0,1,1,1,Bot,True
2026-03-15 09:49:16.533121339,8443,6,1375.2742402795898,7,5,582,378,72.33662273163512,43.38015773624592,5104.172073401108,1,0,1,1,1,Bot,True
2026-03-15 09:49:18.185861507,443,6,2095.6436314479283,5,3,275,235,63.9857187519431,47.51660941374741,4873.478362242362,1,0,1,1,1,Bot,True
2026-03-15 09:49:19.377689255,443,6,1118.0436369586232,5,4,263,325,64.7854906543964,42.253921787909846,4821.948354223416,0,0,1,1,1,Bot,True
2026-03-15 09:49:20.184836056,8443,6,3159.345454334292,5,5,443,353,71.82482990798601,55.6890910977875,4926.916686157444,1,0,1,1,1,Bot,True
2026-03-15 09:49:21.611028388,443,6,3804.5647504013923,7,5,593,270,57.69421302418777,78.48687205489964,4849.072178043063,0,0,1,1,1,Bot,True
2026-03-15 09:49:22.557975294,53,6,3463.4233358056667,6,4,423,173,70.95382422007603,70.81833731755366,4909.488938989883,1,0,1,1,1,Bot,True
2026-03-15 09:49:24.079542731,443,6,2073.146197731983,5,5,284,385,62.56589169842061,60.27083841454565,5121.8190366719355,0,0,1,1,1,Bot,True
2026-03-15 09:49:24.937758007,53,6,2917.163629867663,7,3,524,246,78.64241866658939,76.94164479152109,5144.246357398559,1,0,1,1,1,Bot,True
2026-03-15 09:49:26.666688513,8443,6,2147.1376885139694,4,5,520,346,66.78893969245684,51.41650963246048,5019.506405165106,1,0,1,1,1,Bot,True
2026-03-15 09:49:27.424638441,53,6,3013.0388883285336,4,3,214,100,85.44967690223359,57.81464175690509,5132.988768293274,1,0,1,1,1,Bot,True
2026-03-15 09:49:28.909736793,443,6,1928.9790600620695,7,3,463,179,56.56550540487744,57.47818534149572,4972.2363747281715,0,0,1,1,1,Bot,True
2026-03-15 09:49:29.776974854,8443,6,1999.7810103330874,4,4,389,339,84.33002743618982,68.6844956970338,5122.045912526035,0,0,1,1,1,Bot,True
2026-03-15 09:49:31.025757868,8443,6,1628.209167924713,6,3,367,310,87.87681489973936,54.27346126766345,5030.993046823722,0,0,1,1,1,Bot,True
2026-03-15 09:49:32.370569789,53,6,2984.139506070583,4,3,312,240,63.03234664551378,42.02620013735822,5096.299111527741,1,0,1,1,1,Bot,True
2026-03-15 09:49:33.643857684,53,6,3828.2063506058184,7,5,364,309,62.394188528532396,57.314227283392896,5134.364216011696,1,0,1,1,1,Bot,True
2026-03-15 09:49:35.099317944,53,6,2003.0369349674675,5,5,210,329,57.45951796782724,65.02427159195483,4998.445459883133,0,0,1,1,1,Bot,True
2026-03-15 09:49:35.715555736,443,6,3934.4823682551505,6,3,511,199,58.8428941574527,52.760792737484664,4807.196602254308,0,0,1,1,1,Bot,True
2026-03-15 09:49:36.900188651,443,6,3101.5971274591107,6,4,290,308,78.61657619623443,42.94668046479656,5178.349606283278,1,0,1,1,1,Bot,True
2026-03-15 09:49:38.310220256,53,6,1016.9470555351957,4,3,527,246,89.66862657378798,49.876348619245775,5118.194562647685,1,0,1,1,1,Bot,True
2026-03-15 09:49:39.519693820,8443,6,2576.586636928111,7,3,573,282,66.42702436118758,48.82484007785112,5134.824583687124,0,0,1,1,1,Bot,True
2026-03-15 09:49:41.030302341,443,6,1077.9386798175708,5,3,470,325,88.31534496877069,69.66090210102183,5160.47077261281,0,0,1,1,1,Bot,True
2026-03-15 09:49:42.247549528,443,6,2847.291960530684,4,5,356,388,76.00855729045631,77.90402977242601,4859.051001115827,0,0,1,1,1,Bot,True
2026-03-15 09:49:43.428314985,53,6,1815.403514126558,5,3,570,155,62.681995578149554,53.98988508241313,5085.1910995653225,0,0,1,1,1,Bot,True
2026-03-15 09:49:44.185907250,443,6,3519.690119600436,7,5,342,245,54.327065610782896,42.02829881198302,4903.37466589778,0,0,1,1,1,Bot,True
2026-03-15 09:49:45.547262901,443,6,2112.5643742004677,6,4,276,359,74.01192889017949,65.05188435273759,5073.336632597872,1,0,1,1,1,Bot,True
2026-03-15 09:49:46.947531097,53,6,2959.771222008794,7,3,589,214,70.86423151101553,47.40880707717156,5176.095519661575,0,0,1,1,1,Bot,True
2026-03-15 09:49:47.887566640,8443,6,3845.1367847289534,7,4,309,154,59.95169021786182,72.89976595554646,5118.097341578056,1,0,1,1,1,Bot,True
2026-03-15 09:49:49.297942817,8443,6,1000.6390362877884,5,5,501,273,66.93935847432101,75.57918612442289,5146.940143038418,1,0,1,1,1,Bot,True
2026-03-15 09:49:50.242285717,8443,6,1630.7914659433784,4,3,262,217,80.92656796281297,53.34407120028764,4913.046373462134,0,0,1,1,1,Bot,True
2026-03-15 09:49:51.494051554,443,6,961.517900391998,6,4,524,128,72.4768343029713,47.397183020142336,4908.682224182611,0,0,1,1,1,Bot,True
2026-03-15 09:49:53.016257789,53,6,1828.8183165261526,5,4,582,145,85.21422188843616,77.1414238828899,5187.161793875116,1,0,1,1,1,Bot,True
2026-03-15 09:49:53.850305421,443,6,3391.5158968762053,7,3,509,154,74.10888529854549,61.42005178200173,5088.351126314334,0,0,1,1,1,Bot,True
2026-03-15 09:49:55.478594452,53,6,2951.151595674387,5,5,444,297,55.923593010029464,74.31481849387434,5132.453194375051,0,0,1,1,1,Bot,True
2026-03-15 09:49:56.283755736,8443,6,3197.7531889408524,7,3,577,235,68.6446534833894,56.072617380786255,4936.865896871642,0,0,1,1,1,Bot,True
2026-03-15 09:49:57.314116865,443,6,1859.3549425030708,6,5,432,347,88.84339044600593,67.34935169113358,5140.908617612458,0,0,1,1,1,Bot,True
2026-03-15 09:49:58.652940542,8443,6,1620.3136185606909,7,3,373,345,77.92556388957229,72.84901997517204,5071.657294162676,0,0,1,1,1,Bot,True
2026-03-15 09:49:59.802722965,443,6,1860.8835341839645,5,3,373,128,72.64939887254354,65.42516921016596,4884.192186674063,0,0,1,1,1,Bot,True
2026-03-15 09:50:01.204096179,53,6,1552.5332357198572,5,4,571,188,58.685669090153,77.61255926074054,4907.203342292081,1,0,1,1,1,Bot,True
2026-03-15 09:50:02.167629639,443,6,2645.3979871284473,6,5,487,151,83.98491820552914,41.01915154351107,4829.507408689934,1,0,1,1,1,Bot,True
2026-03-15 09:50:03.675629326,8443,6,2078.9107732082784,5,3,435,205,75.9776073016174,74.12577010795906,4872.616402647212,0,0,1,1,1,Bot,True
2026-03-15 09:50:05.024939442,8443,6,3989.1718147738743,4,4,207,316,65.39154575658877,47.957095374571985,5072.076566132233,0,0,1,1,1,Bot,True
2026-03-15 09:50:05.917511329,443,6,2447.4674427237032,6,3,478,289,54.69038061861523,47.89897310699714,5132.001930383688,1,0,1,1,1,Bot,True
2026-03-15 09:50:07.001095631,53,6,2680.2680338834034,5,5,470,280,71.42906390931549,63.14507332414702,5113.436175580039,1,0,1,1,1,Bot,True
2026-03-15 09:50:08.340014997,53,6,2521.1411855281926,5,3,331,351,67.67311260063265,62.10852186478553,5052.97065492516,1,0,1,1,1,Bot,True
2026-03-15 09:50:09.771580092,443,6,2353.7180562439908,5,5,239,219,53.23500054270879,79.48153488903009,5187.924736451242,1,0,1,1,1,Bot,True
2026-03-15 09:50:10.854892604,53,6,1045.2204734132679,7,3,439,285,56.61664152699397,77.6239591852497,5062.882663701571,1,0,1,1,1,Bot,True
2026-03-15 09:50:11.760685927,443,6,3802.58853536868,7,3,242,272,52.810746745364604,71.13709975788616,5099.7343280310215,0,0,1,1,1,Bot,True
2026-03-15 09:50:13.222312292,53,6,2023.271337120103,6,4,595,249,78.15479515934925,45.24230010989677,4962.839719712271,1,0,1,1,1,Bot,True
2026-03-15 09:50:14.380851228,53,6,2881.001900833374,4,5,416,208,88.48616047378869,67.56183893661691,5015.514255277555,1,0,1,1,1,Bot,True
2026-03-15 09:50:15.496267353,53,6,2222.706647821826,4,5,457,200,59.68659881510967,57.659549586692115,4933.03693418727,1,0,1,1,1,Bot,True
2026-03-15 09:50:16.566096357,8443,6,2086.5526741393987,5,4,308,366,62.24468124390651,65.0673126748951,5122.5140547607925,1,0,1,1,1,Bot,True
2026-03-15 09:50:18.288667161,8443,6,1765.088497785558,6,4,499,214,76.00784823980554,74.86152457380783,5136.103554725476,1,0,1,1,1,Bot,True
2026-03-15 09:50:19.005625991,443,6,3396.2012731313735,5,5,350,280,73.55014312675954,63.859097667689355,5104.363883967772,1,0,1,1,1,Bot,True
2026-03-15 09:50:20.215645734,443,6,3664.7917178720013,6,5,570,288,50.62314434529043,44.5425166118046,4856.012317565679,0,0,1,1,1,Bot,True
2026-03-15 09:50:21.387349615,443,6,3123.4038974614314,7,3,453,364,76.20431647802381,69.20592432487825,4923.181510740634,0,0,1,1,1,Bot,True
2026-03-15 09:50:22.842115823,443,6,2996.8459096864885,6,3,545,274,89.01382671702108,40.98661417686985,4872.975427322646,1,0,1,1,1,Bot,True
2026-03-15 09:50:23.966201744,443,6,3064.8617733234246,4,4,232,314,71.90842885748857,72.61536035865858,4946.777167711385,0,0,1,1,1,Bot,True
2026-03-15 09:50:25.049734309,443,6,1913.1074740165477,7,3,281,156,68.72658649105918,75.2340869142871,5157.424311744569,1,0,1,1,1,Bot,True
2026-03-15 09:50:26.357654029,53,6,2511.574239052814,7,5,582,249,76.28302464267664,49.35832341161621,5104.4239897101725,1,0,1,1,1,Bot,True
2026-03-15 09:50:27.704113110,53,6,2331.5624435269838,5,4,396,209,80.08771299798501,78.0003950950044,4960.201143133371,0,0,1,1,1,Bot,True
2026-03-15 09:50:28.669020318,8443,6,3461.133687061516,4,3,324,175,54.63598755166317,41.577424575910186,4923.84497061692,0,0,1,1,1,Bot,True
2026-03-15 09:50:30.249147465,53,6,3992.0529332385763,7,3,536,322,86.83814454739328,71.3036513058565,5189.6995995900725,0,0,1,1,1,Bot,True
2026-03-15 09:50:31.083807742,8443,6,2470.5016660112956,6,4,547,142,81.15978971983117,55.45274511912281,5070.763304693009,1,0,1,1,1,Bot,True
2026-03-15 09:50:32.218907418,53,6,1431.0289828602668,6,3,253,193,84.52506906011014,58.59245384799544,4902.785388947421,1,0,1,1,1,Bot,True
2026-03-15 09:50:33.872740708,443,6,3380.9854541112513,4,3,519,398,60.553280009890514,57.38239919488781,4941.660011727424,0,0,1,1,1,Bot,True
2026-03-15 09:50:34.986336366,8443,6,2704.2108428931033,5,3,580,398,72.97673020045639,44.678371228616626,5045.840123132698,0,0,1,1,1,Bot,True
2026-03-15 09:50:35.905882574,8443,6,1751.001292265423,4,5,302,112,61.02765370304436,41.91784590039735,5127.179882137749,0,0,1,1,1,Bot,True
2026-03-15 09:50:37.404859110,8443,6,1774.913981139341,7,4,287,337,74.60434621219432,43.506951588044714,4983.862025685935,1,0,1,1,1,Bot,True
2026-03-15 09:50:38.411288549,53,6,929.3191845594116,4,3,480,195,56.55099646436196,66.8103661839884,4832.718614289947,0,0,1,1,1,Bot,True
2026-03-15 09:50:39.508051498,8443,6,3423.5705785434607,6,3,583,276,64.83057100121405,75.73373182453423,5058.643180730128,0,0,1,1,1,Bot,True
2026-03-15 09:50:41.003766953,8443,6,2483.3217803856787,5,3,593,194,78.55825559029586,79.34742048576237,4861.279173439452,0,0,1,1,1,Bot,True
2026-03-15 09:50:42.151299040,53,6,3877.601160624493,5,5,539,161,66.85829736567679,47.51659288338528,5080.280315292399,1,0,1,1,1,Bot,True
2026-03-15 09:50:43.078724905,443,6,3689.798100692127,6,5,240,263,69.38145335492678,41.08100210013025,5165.915402071305,1,0,1,1,1,Bot,True
2026-03-15 09:50:44.464007109,53,6,3819.9494129407503,4,5,285,183,61.458912483717405,53.12262856070045,4890.226222390716,1,0,1,1,1,Bot,True
2026-03-15 09:50:45.521634134,53,6,1651.800653228015,6,5,508,175,65.17088737301155,76.56692248970276,5022.203625209163,1,0,1,1,1,Bot,True
2026-03-15 09:50:46.500631183,8443,6,904.4046737194012,5,4,438,223,79.92170535321682,41.752325952863615,4954.348313355913,0,0,1,1,1,Bot,True
2026-03-15 09:50:48.277089444,53,6,2143.599817207657,7,4,255,254,85.27386951756657,71.01411737167632,5140.208115973123,1,0,1,1,1,Bot,True
2026-03-15 09:50:49.229777445,53,6,3965.8310259722357,6,4,223,204,54.46431557165576,74.30207384347008,5172.214632883257,0,0,1,1,1,Bot,True
2026-03-15 09:50:50.459059560,53,6,1583.8029813943294,6,4,544,158,77.80437743073307,61.7178215664188,4914.417628955213,1,0,1,1,1,Bot,True
2026-03-15 09:50:51.659934855,443,6,2334.6066425432255,4,4,422,124,66.47461314485409,46.36051723237779,5021.710718615521,1,0,1,1,1,Bot,True
2026-03-15 09:50:52.830384876,53,6,3819.0201202674343,4,4,321,365,89.16461850141721,72.14520702701667,5098.481359118812,0,0,1,1,1,Bot,True
2026-03-15 09:50:53.874028706,8443,6,2477.298434215587,6,5,522,298,72.7097830925424,76.84165361999105,5023.82379068165,1,0,1,1,1,Bot,True
2026-03-15 09:50:55.482945674,8443,6,3315.932554138503,7,3,259,374,81.48894751318693,66.94774573281926,4948.5847423831165,0,0,1,1,1,Bot,True
2026-03-15 09:50:56.473001047,53,6,2882.481355484525,6,5,371,375,63.65692614123858,51.56333209844739,5096.5699178936175,1,0,1,1,1,Bot,True
2026-03-15 09:50:57.702552816,443,6,1677.805431558507,5,3,557,101,66.61430768538601,79.68193039548387,5120.3203004475945,0,0,1,1,1,Bot,True
2026-03-15 09:50:58.772875654,443,6,3847.8308293459067,6,5,578,392,66.12635246421924,66.68760108713758,4952.724899994782,0,0,1,1,1,Bot,True
2026-03-15 09:50:59.872716840,443,6,2126.9735147202227,6,5,367,320,54.28995514550688,79.4349625715997,5130.78230207657,0,0,1,1,1,Bot,True
2026-03-15 09:51:00.938609389,8443,6,3218.7183535299587,5,5,245,254,78.94720727682636,43.399981161407496,5182.498345412469,0,0,1,1,1,Bot,True
2026-03-15 09:51:02.310138117,443,6,2360.6242193696044,7,4,457,209,66.61879055257454,78.08665948665555,4924.072993257573,0,0,1,1,1,Bot,True
2026-03-15 09:51:03.405658457,8443,6,3661.4390806987844,4,3,456,132,56.26503206215527,54.285552727870495,5151.361643771343,1,0,1,1,1,Bot,True
2026-03-15 09:51:04.897252960,53,6,2512.9117597866234,4,5,449,339,72.54547733925276,53.7387080946311,5198.348689618296,0,0,1,1,1,Bot,True
2026-03-15 09:51:06.227402330,53,6,3886.6144167832936,5,3,446,255,54.419626779854504,75.71998484080724,4995.750889615242,1,0,1,1,1,Bot,True
2026-03-15 09:51:07.081652914,8443,6,1408.2086458090316,7,4,223,267,72.48555924649177,74.103179644679,5075.937054586042,1,0,1,1,1,Bot,True
2026-03-15 09:51:08.299729575,53,6,2346.5916939945764,7,5,495,375,78.37270043195647,77.27196769613244,4896.573577096737,1,0,1,1,1,Bot,True
2026-03-15 09:51:09.702218702,53,6,994.422012363485,6,5,458,198,89.63630225460824,65.99211607726392,4852.28994085046,1,0,1,1,1,Bot,True
2026-03-15 09:51:10.589562860,8443,6,1807.523983764683,7,5,357,279,64.21768408975956,56.26655388555754,5061.205389991629,1,0,1,1,1,Bot,True
2026-03-15 09:51:12.257662456,443,6,3971.2264418710974,7,4,246,162,58.224262153159714,78.93269544277133,4838.979147588829,1,0,1,1,1,Bot,True
2026-03-15 09:51:13.118308068,443,6,3864.771587964558,4,4,278,102,52.626639375726675,68.39262940137566,4959.343269300997,1,0,1,1,1,Bot,True
2026-03-15 09:51:14.160719667,443,6,3674.6611955783815,4,3,562,242,69.051762153825,55.74601400002412,4879.144553815013,1,0,1,1,1,Bot,True
2026-03-15 09:51:15.404810402,8443,6,2365.8040497469974,7,3,511,337,88.8737565962918,51.29663895347136,5074.8544804057665,1,0,1,1,1,Bot,True
2026-03-15 09:51:17.059647645,53,6,3400.371464879044,4,3,399,115,57.22909823618001,48.71838875279522,5022.411163489434,0,0,1,1,1,Bot,True
2026-03-15 09:51:17.848271573,53,6,2709.609509103104,5,3,542,334,60.95891991911948,69.48003947708446,4865.210702004331,1,0,1,1,1,Bot,True
2026-03-15 09:51:19.297361282,443,6,1346.593848322903,4,4,335,354,51.268199609003496,69.61219266454862,4894.136025802056,1,0,1,1,1,Bot,True
2026-03-15 09:51:20.193699134,53,6,1717.9898760380456,5,3,356,304,61.06672620056065,61.609050029425845,5108.852704849575,1,0,1,1,1,Bot,True
2026-03-15 09:51:21.416461015,443,6,1471.2801314541657,4,5,308,131,79.87878034915714,61.68084607452256,5151.94939737919,1,0,1,1,1,Bot,True
2026-03-15 09:51:23.027542931,8443,6,2762.5041219127265,5,4,504,223,63.83661846148314,46.996140899793495,4908.044519477162,1,0,1,1,1,Bot,True
2026-03-15 09:51:23.788819932,53,6,814.3867772440583,7,3,289,320,73.42247132846263,42.85122438674519,5122.97077721296,1,0,1,1,1,Bot,True
2026-03-15 09:51:24.911250352,53,6,1701.1388554515602,6,5,505,366,75.8881986786406,69.74626716083685,4819.595480459396,1,0,1,1,1,Bot,True
2026-03-15 09:51:26.400739913,8443,6,2280.3165921050795,7,5,361,306,76.99274662292098,72.66530823385494,5126.542339852104,1,0,1,1,1,Bot,True
2026-03-15 09:51:27.817636087,8443,6,3947.53043000663,6,4,294,232,63.23136420406964,44.97443589673473,4888.991948936381,0,0,1,1,1,Bot,True
2026-03-15 09:51:28.695594627,53,6,3992.859603679167,6,5,510,142,57.2545670547762,40.96305556929523,4801.098628531121,1,0,1,1,1,Bot,True
2026-03-15 09:51:29.776897362,53,6,1176.1112094695602,6,3,393,153,78.54954519055802,78.12899460020765,4848.471162070762,0,0,1,1,1,Bot,True
2026-03-15 09:51:31.489338497,53,6,2840.4118370142105,5,4,347,234,54.60754654580779,58.319527963737805,4814.103718535024,1,0,1,1,1,Bot,True
2026-03-15 09:51:32.506043177,443,6,3435.26034344474,6,5,555,196,83.00401204681557,60.276270496775425,4907.067382661029,0,0,1,1,1,Bot,True
2026-03-15 09:51:33.810414379,53,6,3575.1840348518203,5,5,579,356,80.92444200775256,48.51999153059563,5097.616315842433,0,0,1,1,1,Bot,True
2026-03-15 09:51:34.951282963,8443,6,2138.2203137011666,7,5,300,209,54.12914186956043,78.84255077966374,4919.565041828432,0,0,1,1,1,Bot,True
2026-03-15 09:51:36.118945364,443,6,3030.3350340139036,5,4,353,329,58.52343383858845,63.149382010494236,4842.793494860753,0,0,1,1,1,Bot,True
2026-03-15 09:51:37.130738440,53,6,1424.9519773688744,4,3,243,297,83.9429749538649,74.6200371214205,5051.315167583607,0,0,1,1,1,Bot,True
2026-03-15 09:51:38.294603995,443,6,1738.181428679912,5,5,381,360,72.21073884500244,70.46486251679636,4851.327136641832,0,0,1,1,1,Bot,True
2026-03-15 09:51:39.730175157,8443,6,3970.5377697668573,4,3,290,391,61.57725213851514,42.585185465800144,5003.005977175235,0,0,1,1,1,Bot,True
2026-03-15 09:51:40.930027804,8443,6,2183.8816847799344,7,3,376,355,54.441861294738246,64.93070719416014,4861.84690262069,1,0,1,1,1,Bot,True
2026-03-15 09:51:42.270353030,8443,6,2080.6127335102483,7,5,355,256,85.53542879796585,41.01208138726249,5090.171973603534,1,0,1,1,1,Bot,True
2026-03-15 09:51:43.241195890,8443,6,1138.3955945534367,4,5,494,148,53.054858687300346,67.80231790879427,4916.361388611213,0,0,1,1,1,Bot,True
2026-03-15 09:51:44.276772663,8443,6,1062.7294014806246,6,4,303,373,84.40879220002225,53.24201068784936,4922.7210809802855,1,0,1,1,1,Bot,True
2026-03-15 09:51:45.593717279,8443,6,1452.0819820220559,6,3,559,220,63.6175538932981,75.71357245978649,5065.447564985927,1,0,1,1,1,Bot,True
2026-03-15 09:51:46.868228290,53,6,2033.2864936781134,7,4,357,250,60.54275918272502,61.493543203897815,5003.652043745253,0,0,1,1,1,Bot,True
2026-03-15 09:51:47.956037879,443,6,1134.7272939240006,7,3,552,393,69.28216357576844,74.33921934387351,4981.294575286177,0,0,1,1,1,Bot,True
2026-03-15 09:51:49.374679874,8443,6,1305.4322393826465,4,5,381,349,70.40877522510223,51.299999281514495,5176.331043229401,1,0,1,1,1,Bot,True
2026-03-15 09:51:50.450767927,53,6,3334.7943957489365,6,5,333,238,64.0274052105649,50.322018533216195,4893.079189037441,1,0,1,1,1,Bot,True
2026-03-15 09:51:51.305661436,53,6,3377.518962421426,5,3,310,121,56.18398796958398,52.30233896673423,5043.929976961236,1,0,1,1,1,Bot,True
2026-03-15 09:51:52.841903932,53,6,2254.874783938963,4,3,408,285,79.19268544068531,63.8083118438085,5092.331220867428,1,0,1,1,1,Bot,True
2026-03-15 09:51:54.080162271,443,6,3670.072279370972,4,5,223,340,70.3774556687884,49.48894392283415,4836.349662673742,0,0,1,1,1,Bot,True
2026-03-15 09:51:55.449156750,443,6,2666.6744051175338,7,4,210,177,67.64284597730304,56.08829048823827,5078.924019790444,0,0,1,1,1,Bot,True
2026-03-15 09:51:56.348233004,443,6,1983.4016512152057,4,4,353,395,87.00817158571596,55.268149546745796,4933.620512602652,1,0,1,1,1,Bot,True
2026-03-15 09:51:57.644680595,8443,6,3072.623463547488,7,4,448,206,78.38898476982493,73.46943081734338,5089.415477030763,1,0,1,1,1,Bot,True
2026-03-15 09:51:58.784998470,53,6,3797.796647606984,4,5,308,225,89.94126608847907,55.7250431588121,4899.598314949198,0,0,1,1,1,Bot,True
2026-03-15 09:52:00.018993857,53,6,1967.7674365504965,4,3,587,202,86.78215909824166,44.28752913053996,4858.572806165147,0,0,1,1,1,Bot,True
2026-03-15 09:52:00.940382442,443,6,2558.3952772569482,7,5,369,161,63.352325061099364,74.13388197727254,5012.483704129582,0,0,1,1,1,Bot,True
2026-03-15 09:52:02.638370200,53,6,3152.2417460381002,5,5,344,110,82.03675656673168,42.27513956833318,5099.946819806654,1,0,1,1,1,Bot,True
2026-03-15 09:52:03.846247403,8443,6,1057.2303102377255,5,3,561,284,77.05740588410032,58.490998544894595,5174.227347803988,0,0,1,1,1,Bot,True
2026-03-15 09:52:04.828835765,443,6,832.9193866974006,4,5,528,141,74.1354897984251,77.18440624810424,4821.063100547612,0,0,1,1,1,Bot,True
2026-03-15 09:52:06.033933309,443,6,3587.335151303879,5,3,596,226,73.21052104458727,68.6617856317841,4873.583744930646,1,0,1,1,1,Bot,True
2026-03-15 09:52:06.934533621,53,6,1089.9092578479763,7,3,243,243,68.90849761404843,58.10026985003882,4887.016987400914,1,0,1,1,1,Bot,True
2026-03-15 09:52:08.458770307,53,6,1165.0916216036821,6,4,563,316,89.22593749575955,48.49448187929157,5054.376516362689,0,0,1,1,1,Bot,True
2026-03-15 09:52:09.557491073,53,6,1108.7579410601697,5,3,532,323,85.65704594438373,41.60840869109694,5079.336277417621,1,0,1,1,1,Bot,True
2026-03-15 09:52:10.925426178,8443,6,3019.2522146689143,7,5,562,391,83.2285095270928,48.426688385725264,5103.741573093649,1,0,1,1,1,Bot,True
2026-03-15 09:52:11.728274949,53,6,1917.9293502310418,5,3,391,279,59.91099112992842,46.324883887100505,4914.609696397523,1,0,1,1,1,Bot,True
2026-03-15 09:52:13.326532609,53,6,934.7190669420816,7,5,381,267,54.2471481479508,68.92517775261366,4914.690658329981,1,0,1,1,1,Bot,True
2026-03-15 09:52:14.272136294,53,6,2411.8971740214533,7,4,273,112,72.84722679845864,54.3890080179366,5107.730820161082,0,0,1,1,1,Bot,True
2026-03-15 09:52:15.691023198,8443,6,3492.52507809517,5,4,421,275,52.2408252574419,48.40553700757939,4975.429846194201,1,0,1,1,1,Bot,True
2026-03-15 09:52:16.876275585,443,6,1032.1511006605015,7,4,574,110,89.30813511330098,41.78733925854207,5003.576516232959,1,0,1,1,1,Bot,True
2026-03-15 09:52:17.836104890,443,6,1921.4702405749897,4,5,570,377,63.24797070829008,40.16204226264489,4870.139023928108,0,0,1,1,1,Bot,True
2026-03-15 09:52:19.164271407,443,6,1251.2229107765233,6,3,391,164,84.67796166602929,51.78081723689025,5079.147368543436,1,0,1,1,1,Bot,True
2026-03-15 09:52:20.601379955,443,6,2001.5344486082256,6,5,348,134,78.43905399282716,47.178097265787024,4832.755526367343,1,0,1,1,1,Bot,True
2026-03-15 09:52:21.663354986,53,6,1647.1714684886374,4,4,204,167,80.39650495778004,40.82574980727318,5006.837674135245,1,0,1,1,1,Bot,True
2026-03-15 09:52:22.541242981,53,6,3318.938577266625,6,5,481,120,61.319241655101095,60.844215538390465,5004.334274306169,1,0,1,1,1,Bot,True
2026-03-15 09:52:23.965745298,8443,6,3093.6208147056586,7,3,392,229,50.15162548764942,58.02657213346217,4845.468929563498,1,0,1,1,1,Bot,True
2026-03-15 09:52:25.087062875,8443,6,3300.1909073725255,6,5,220,238,53.48151338028404,45.55265763465118,5163.059770185651,0,0,1,1,1,Bot,True
2026-03-15 09:52:26.484987407,8443,6,1226.9812217296665,5,5,527,324,64.89192521874654,69.69827320825215,5038.96278067737,1,0,1,1,1,Bot,True
2026-03-15 09:52:27.668738364,443,6,962.0851567656291,4,3,327,182,89.79752992930713,48.98821829048317,4949.312641371652,0,0,1,1,1,Bot,True
2026-03-15 09:52:28.506238860,53,6,800.22728955216,5,4,521,142,69.61573578214993,73.80333152518534,4801.996975967675,0,0,1,1,1,Bot,True
2026-03-15 09:52:30.064617305,53,6,1344.76125440259,5,4,410,226,77.15430963253011,72.08720458361068,5176.7111022913,0,0,1,1,1,Bot,True
2026-03-15 09:52:31.340909792,53,6,3479.8211289039127,6,5,360,166,77.47005151204657,43.15944661437503,5048.607531537119,1,0,1,1,1,Bot,True
2026-03-15 09:52:32.561238019,8443,6,1787.659484761318,6,5,590,124,88.02455204656727,65.50408076101242,4823.750119005601,0,0,1,1,1,Bot,True
2026-03-15 09:52:33.335385462,53,6,1427.2275499671055,7,4,218,260,89.94355776441705,55.17304376307378,4976.762400175884,1,0,1,1,1,Bot,True
2026-03-15 09:52:34.682195050,8443,6,2716.070939468166,5,3,594,264,68.407950983892,40.65239941297627,4842.996725217505,1,0,1,1,1,Bot,True
2026-03-15 09:52:35.952764136,53,6,3260.9438582340076,4,5,396,352,88.0690379951672,73.53353413373046,5055.583534442667,1,0,1,1,1,Bot,True
2026-03-15 09:52:37.007863024,443,6,2928.660081650485,5,3,240,286,59.784292695954505,77.91480019169416,4963.6214227241935,1,0,1,1,1,Bot,True
2026-03-15 09:52:38.352440322,53,6,2313.7959914508187,4,5,241,316,72.41554860400296,65.29993847196847,4958.191155408751,0,0,1,1,1,Bot,True
2026-03-15 09:52:39.342677721,8443,6,2910.8568379311,5,3,549,342,77.01166855823824,70.9695530278008,5189.463738624603,0,0,1,1,1,Bot,True
2026-03-15 09:52:40.567930369,443,6,2824.3404756592226,6,4,434,104,87.67943886244058,59.35665526461459,5144.685866906743,1,0,1,1,1,Bot,True
2026-03-15 09:52:42.101216857,8443,6,3304.1129751681706,5,3,284,198,87.41014991351656,73.31982728924359,5002.514711618791,0,0,1,1,1,Bot,True
2026-03-15 09:52:43.057543476,443,6,1464.1026478858748,5,3,290,373,60.66373224421444,57.85455667231131,5072.783522607023,1,0,1,1,1,Bot,True
2026-03-15 09:52:44.526843508,53,6,3267.0920918774227,4,4,560,199,70.10522473716365,65.38902508724043,5197.84077780858,1,0,1,1,1,Bot,True
2026-03-15 09:52:45.328865116,53,6,3758.455016147676,7,3,201,275,50.12994532309306,76.1371204889006,4954.974120289748,1,0,1,1,1,Bot,True
2026-03-15 09:52:46.837621831,443,6,2346.7215687204516,6,5,351,210,50.488237791200575,54.35594838905131,4988.140408283475,0,0,1,1,1,Bot,True
2026-03-15 09:52:47.934869198,53,6,1108.8948599624728,5,4,211,218,52.63771595024124,55.88085154706348,4831.326526135449,0,0,1,1,1,Bot,True
2026-03-15 09:52:49.378182835,53,6,2871.881969012362,7,5,573,204,79.8252539453533,71.22017109230647,5056.150547771468,1,0,1,1,1,Bot,True
2026-03-15 09:52:50.570370948,8443,6,1040.4226698802822,4,3,382,276,64.88089707088966,76.87595771181401,4849.367267892279,1,0,1,1,1,Bot,True
2026-03-15 09:52:51.525335785,8443,6,2152.0060836250336,5,5,532,213,70.32023075121978,67.5256001168699,4989.526478471877,1,0,1,1,1,Bot,True
2026-03-15 09:52:52.873628408,443,6,858.0103286713186,6,3,519,359,76.93590871974642,52.940478288071205,5079.566343655909,1,0,1,1,1,Bot,True
2026-03-15 09:52:53.836529321,8443,6,3995.354901717011,6,4,275,165,69.27452047758996,67.67198266553667,4992.683338131298,1,0,1,1,1,Bot,True
2026-03-15 09:52:55.248244101,8443,6,3935.757490029947,7,4,250,173,61.78264805428229,77.14658441487998,5112.494032747223,0,0,1,1,1,Bot,True
2026-03-15 09:52:56.148758816,443,6,2202.7937865249896,6,5,259,161,72.1405433135453,67.56923886927117,4825.921164973215,0,0,1,1,1,Bot,True
2026-03-15 09:52:57.560762570,8443,6,837.7518693743575,7,4,453,214,67.19856472499112,50.358852724620434,5090.66351604891,0,0,1,1,1,Bot,True
2026-03-15 09:52:58.609636608,53,6,1870.1571946308366,7,3,566,388,79.81454372500833,45.54491391096117,4918.980848757236,1,0,1,1,1,Bot,True
2026-03-15 09:53:00.230028709,443,6,1926.9314214447268,7,5,483,270,55.95834970006454,76.03418479011381,5017.3491346754,0,0,1,1,1,Bot,True
2026-03-15 09:53:01.166940490,443,6,2369.789102069757,5,4,289,399,50.58512639354055,69.58548974473523,5102.53988105139,1,0,1,1,1,Bot,True
2026-03-15 09:53:02.454464249,443,6,3070.8650350584326,7,3,369,311,88.70353454652455,49.687546404920795,4922.091599526974,0,0,1,1,1,Bot,True
2026-03-15 09:53:03.516229116,443,6,1861.6432649015628,6,3,308,207,66.1429752211603,66.71537725898565,5188.350772261789,1,0,1,1,1,Bot,True
2026-03-15 09:53:04.673244621,53,6,976.3172093356751,7,4,350,209,73.89243018742572,79.16529596207234,4884.898034748545,1,0,1,1,1,Bot,True
2026-03-15 09:53:05.821751869,443,6,3242.029324826747,7,3,267,229,55.58989390349678,54.08737988267797,5122.733268394088,0,0,1,1,1,Bot,True
2026-03-15 09:53:07.447122949,443,6,3283.9789302324616,7,3,305,157,74.70964731750558,64.2693937610882,5025.2122807993355,0,0,1,1,1,Bot,True
2026-03-15 09:53:08.579679469,8443,6,3820.9143643513935,4,3,519,289,51.42320273983549,62.22887325506892,4873.72300939195,0,0,1,1,1,Bot,True
2026-03-15 09:53:09.379956686,53,6,3857.9403911297386,4,4,251,294,68.81276053065413,40.97541499276824,5169.853259378049,0,0,1,1,1,Bot,True
2026-03-15 09:53:10.948034925,8443,6,3716.8752530188194,7,3,370,223,81.3177061731416,40.991138851003754,5123.925464478574,0,0,1,1,1,Bot,True
2026-03-15 09:53:11.951118466,443,6,1395.7183512591744,5,5,293,156,50.41582107690394,52.75112806434106,4928.138400492709,0,0,1,1,1,Bot,True
2026-03-15 09:53:12.909237992,53,6,1794.4482754170515,6,3,460,150,72.28630382196907,62.46749729069833,5171.869726103599,1,0,1,1,1,Bot,True
2026-03-15 09:53:14.417020392,53,6,1104.4667082351523,5,4,494,357,80.36581692929978,47.74024712145709,5046.0905215295525,1,0,1,1,1,Bot,True
2026-03-15 09:53:15.378027864,8443,6,1957.5849275898765,5,4,488,119,60.81175475238061,46.57941480036995,4949.862248018356,0,0,1,1,1,Bot,True
2026-03-15 09:53:16.625960587,443,6,3147.5414142882846,7,3,546,174,72.5670308943107,69.80650936698163,4996.0539061778145,1,0,1,1,1,Bot,True
2026-03-15 09:53:18.117624576,53,6,2517.5134613048795,6,5,362,182,77.47676605310015,63.14167678379046,4899.935020641284,1,0,1,1,1,Bot,True
2026-03-15 09:53:19.054285222,8443,6,2812.824631648751,5,5,463,103,77.34393379127351,56.694480640624064,5049.8724502931145,1,0,1,1,1,Bot,True
2026-03-15 09:53:20.635132921,53,6,1017.9708437448571,7,5,311,138,68.62340235268479,46.56309576968309,5112.968111579477,0,0,1,1,1,Bot,True
2026-03-15 09:53:21.694301855,443,6,2084.832675289457,6,5,306,393,61.68247118216186,48.46813874308468,4972.585780347289,0,0,1,1,1,Bot,True
2026-03-15 09:53:22.999370090,53,6,3128.9883976546134,5,3,319,307,66.88440559237984,71.35742857952458,4933.558843387445,0,0,1,1,1,Bot,True
2026-03-15 09:53:24.069113722,443,6,1224.1228817806132,7,4,391,356,86.99980006508922,49.840343051952104,5135.266212304081,1,0,1,1,1,Bot,True
2026-03-15 09:53:25.421309754,53,6,3755.4111631823207,4,5,334,126,87.77535823939127,40.98820861401685,4937.422432327075,0,0,1,1,1,Bot,True
2026-03-15 09:53:26.317010805,443,6,1552.733395304082,5,5,249,302,75.67278198877344,58.9957244124436,5109.841365078746,1,0,1,1,1,Bot,True
2026-03-15 09:53:27.629484346,53,6,1516.5650305815207,4,3,318,380,71.76173444872396,51.249570678806705,4863.288817888061,1,0,1,1,1,Bot,True
2026-03-15 09:53:28.809534240,53,6,3559.224191285559,6,3,454,294,84.33192523366469,54.260329205186025,5107.388837844882,0,0,1,1,1,Bot,True
2026-03-15 09:53:30.242274424,8443,6,3671.6475209917794,4,4,395,197,79.02977174895098,74.40535421560278,5140.407313440582,0,0,1,1,1,Bot,True
2026-03-15 09:53:30.998949245,53,6,1277.7384711645113,5,4,215,316,79.00919448361128,63.071266923274834,5033.362860755452,0,0,1,1,1,Bot,True
2026-03-15 09:53:32.446836457,53,6,2252.004794091871,5,5,594,238,73.23251259230909,55.08404688210876,4842.013785837645,0,0,1,1,1,Bot,True
2026-03-15 09:53:33.752658716,53,6,2651.4545228484103,4,4,592,217,84.33757394095238,41.71123475382633,5002.007405781021,1,0,1,1,1,Bot,True
2026-03-15 09:53:34.722029856,8443,6,1821.5264534049375,6,3,278,165,52.80038993310716,75.52878675533748,4801.832816786788,0,0,1,1,1,Bot,True
2026-03-15 09:53:36.220548914,8443,6,1759.1361599329496,7,3,345,308,85.62827063149584,77.14955554122761,5171.5254980472055,0,0,1,1,1,Bot,True
2026-03-15 09:53:37.123808860,443,6,1441.212586278396,7,5,570,354,64.17101973503442,63.12022287916639,4956.291069396999,0,0,1,1,1,Bot,True
2026-03-15 09:53:38.203985255,443,6,3663.809233733766,5,5,543,144,62.27832336447416,42.95431706010532,4919.214185268159,0,0,1,1,1,Bot,True
2026-03-15 09:53:39.650429013,443,6,970.1804138280007,4,5,410,351,87.13854087944907,69.774353303705,5104.01981268037,1,0,1,1,1,Bot,True
2026-03-15 09:53:40.752340806,8443,6,1363.0808522221635,6,3,271,120,77.62405248545338,41.188718855720296,5018.5612686116,1,0,1,1,1,Bot,True
2026-03-15 09:53:41.709114062,8443,6,1203.2601332272723,7,3,558,396,63.154896490750176,41.14991060591266,5073.456056463966,1,0,1,1,1,Bot,True
2026-03-15 09:53:42.941903155,443,6,1491.415843285687,4,4,372,163,82.587636390637,79.73946914504637,5125.209588959206,0,0,1,1,1,Bot,True
2026-03-15 09:53:44.217166308,8443,6,3315.7436438305826,4,4,396,247,75.38664562382806,57.59058409002381,5052.884034877349,1,0,1,1,1,Bot,True
2026-03-15 09:53:45.761597975,443,6,2771.9575427737154,4,5,261,117,67.74551707123734,78.88964494379942,4930.225963845488,1,0,1,1,1,Bot,True
2026-03-15 09:53:47.035223709,8443,6,1878.5902148108999,6,3,467,230,53.59457155878369,72.77216929961163,4999.32689527704,1,0,1,1,1,Bot,True
2026-03-15 09:53:48.027384524,8443,6,2108.519679375057,7,4,380,186,78.57273123182924,73.29041690059317,5029.660972028078,0,0,1,1,1,Bot,True
2026-03-15 09:53:48.963339277,443,6,3077.167063733531,6,5,578,202,66.3694710397971,59.80760297691756,5116.315088880092,1,0,1,1,1,Bot,True
2026-03-15 09:53:50.420651371,53,6,3377.6172923330664,6,3,543,124,52.79256489609199,59.026784661413174,5112.646739998775,0,0,1,1,1,Bot,True
2026-03-15 09:53:51.813363276,443,6,3562.8441645568478,6,3,492,308,82.13258263779638,41.8193624790941,5139.4970206180815,1,0,1,1,1,Bot,True
2026-03-15 09:53:52.949686577,53,6,1468.947498518879,4,5,544,124,69.37201030752594,45.025625681595756,4911.822431569987,0,0,1,1,1,Bot,True
2026-03-15 09:53:53.874658898,53,6,2819.7619158415914,4,5,246,282,85.61294945140521,40.42372677775979,4955.967170102566,0,0,1,1,1,Bot,True
2026-03-15 09:53:54.974334365,8443,6,2978.7951486050342,7,4,556,304,84.22156360421849,61.53433859693907,4861.340811648926,1,0,1,1,1,Bot,True
2026-03-15 09:53:56.640409019,443,6,1547.4271860285116,4,5,350,261,70.59538505123848,61.396898544102925,5190.189270753569,1,0,1,1,1,Bot,True
2026-03-15 09:53:57.812453247,53,6,3858.8734892630564,4,3,312,397,82.9246726606373,43.383342027255964,4893.030458256435,1,0,1,1,1,Bot,True
2026-03-15 09:53:58.532229219,8443,6,1175.078069321058,6,4,490,155,64.16063262270073,71.61748495281861,5183.623366541319,1,0,1,1,1,Bot,True
2026-03-15 09:54:00.194204693,8443,6,1056.4833448168229,5,3,360,157,80.26672000971814,54.25524154516924,4867.969657002134,1,0,1,1,1,Bot,True
2026-03-15 09:54:00.958327582,53,6,3462.6976590441695,5,4,385,262,78.26838188193113,45.17588646701727,5047.45454587436,0,0,1,1,1,Bot,True
2026-03-15 09:54:02.137970180,8443,6,964.6491449850945,4,5,445,290,55.93353410833299,58.82312542665412,5157.565547029568,1,0,1,1,1,Bot,True
2026-03-15 09:54:03.755160538,53,6,2154.2367308975668,4,5,521,112,80.26157922068208,69.0238022729153,5033.151789166775,0,0,1,1,1,Bot,True
2026-03-15 09:54:04.821786373,53,6,1349.526909208637,5,3,223,348,57.26459035699372,48.2665272936584,5080.307708047324,0,0,1,1,1,Bot,True
2026-03-15 09:54:05.948728814,53,6,2095.776275932649,5,3,482,378,89.85731115340447,54.73174019549243,4886.249080656263,1,0,1,1,1,Bot,True
2026-03-15 09:54:07.442317317,443,6,1291.5963733090482,7,5,394,380,59.349293165978516,59.75120422870802,4959.853901886252,0,0,1,1,1,Bot,True
2026-03-15 09:54:08.603582143,443,6,2029.7636248006363,6,3,441,122,60.47837922363435,60.91650240300633,4885.178376939954,1,0,1,1,1,Bot,True
2026-03-15 09:54:09.334574082,443,6,3655.156915429015,7,4,577,382,87.72142499759772,75.01313263228832,4926.2739126640245,0,0,1,1,1,Bot,True
2026-03-15 09:54:10.869652345,8443,6,1337.3309856298724,5,5,321,258,58.23366152528651,72.3750971530472,5140.155690385977,1,0,1,1,1,Bot,True
2026-03-15 09:54:12.163360441,443,6,1504.1143111334925,5,4,506,198,70.43291935131114,69.70938735633678,4879.917138155398,1,0,1,1,1,Bot,True
2026-03-15 09:54:13.230294347,53,6,1840.4997876033551,6,5,398,227,58.22447605922005,47.84511499629859,5198.243443639195,1,0,1,1,1,Bot,True
2026-03-15 09:54:14.689803299,8443,6,2337.669361801257,7,4,466,114,55.21493165312438,45.753273071528525,4957.612572686972,0,0,1,1,1,Bot,True
2026-03-15 09:54:15.711628502,53,6,2297.8874472727916,7,3,580,285,80.19820140339365,74.85428926419134,4963.752507967233,0,0,1,1,1,Bot,True
2026-03-15 09:54:16.562485807,8443,6,2592.708167754883,4,5,215,279,69.0783164536223,64.36729421289589,4960.015132343749,0,0,1,1,1,Bot,True
2026-03-15 09:54:17.818978807,53,6,3324.2891500276196,5,4,575,221,80.35948132571374,53.89868447413292,5058.997579214706,1,0,1,1,1,Bot,True
2026-03-15 09:54:19.395747372,8443,6,3258.841532692427,7,3,209,234,74.64965344561985,44.93378646359348,5100.094646295784,0,0,1,1,1,Bot,True
2026-03-15 09:54:20.698054003,8443,6,2796.0107388138263,6,3,418,153,65.83977298263329,48.25604013519872,5194.705950936633,1,0,1,1,1,Bot,True
2026-03-15 09:54:21.359003560,53,6,2030.374713538851,4,4,565,303,69.39391806001825,61.47929602992963,4921.548401714178,0,0,1,1,1,Bot,True
2026-03-15 09:54:22.560197590,8443,6,1430.6279551197388,6,5,503,170,66.9916834814448,77.07022418157024,4962.346466116492,0,0,1,1,1,Bot,True
2026-03-15 09:54:24.158032232,443,6,1597.1525999804403,5,5,493,292,60.10686315917653,56.80999133596259,5012.753930009317,1,0,1,1,1,Bot,True
2026-03-15 09:54:24.938612569,53,6,1873.2322573810582,7,4,529,381,60.441828618859276,69.13267509083792,5062.083943404136,0,0,1,1,1,Bot,True
2026-03-15 09:54:26.141136069,8443,6,3303.496457876203,7,5,371,327,64.43444793692669,50.47090760377914,5158.454298371135,1,0,1,1,1,Bot,True
2026-03-15 09:54:27.833289889,8443,6,1982.2164796895822,5,5,541,232,57.392648201020904,46.101690041631244,5176.334457394325,0,0,1,1,1,Bot,True
2026-03-15 09:54:28.980269887,8443,6,2520.440910637446,5,4,430,269,87.43252618022757,53.24112479895936,4845.219341736397,1,0,1,1,1,Bot,True
2026-03-15 09:54:30.228937919,8443,6,1503.1764907370593,5,5,410,353,81.10231713216808,45.3145708949108,4813.916467250626,0,0,1,1,1,Bot,True
2026-03-15 09:54:31.290308041,8443,6,3334.5323681388804,5,3,357,225,52.8672062580163,58.42187527399439,4811.492766482234,1,0,1,1,1,Bot,True
2026-03-15 09:54:32.293521853,443,6,1584.0324330426733,7,4,464,337,72.0980857460679,75.31650830698094,5138.8026997153465,0,0,1,1,1,Bot,True
2026-03-15 09:54:33.843787914,443,6,3565.6165789407682,4,3,462,340,53.32742477590668,79.47742534010783,5193.780831349447,0,0,1,1,1,Bot,True
2026-03-15 09:54:34.679234114,53,6,987.8190560690889,4,4,291,230,60.75494566252906,42.16384933660989,5146.7298841748825,0,0,1,1,1,Bot,True
2026-03-15 09:54:35.865306503,53,6,1627.6915456813153,7,5,539,109,54.03117868921309,72.90859798199713,4911.020718590794,0,0,1,1,1,Bot,True
2026-03-15 09:54:37.431840251,443,6,2105.154995774554,6,4,304,290,53.03166151994584,78.12436305218608,4820.819092141816,1,0,1,1,1,Bot,True
2026-03-15 09:54:38.508493555,8443,6,1726.3749802933887,6,3,438,271,76.67746362214044,69.50778596040381,5005.940816191147,1,0,1,1,1,Bot,True
2026-03-15 09:54:39.837403250,8443,6,1433.909924415098,4,5,374,228,87.64174946561627,74.22127736820573,4800.528903485765,1,0,1,1,1,Bot,True
2026-03-15 09:54:40.593540773,443,6,3085.5988703980715,6,4,303,338,55.626211206941846,75.95370532702893,4973.773730441566,0,0,1,1,1,Bot,True
2026-03-15 09:54:42.271378078,53,6,3042.204644029582,7,4,568,176,76.76144731884443,53.33923248196709,4886.776064681828,1,0,1,1,1,Bot,True
2026-03-15 09:54:43.267645294,8443,6,968.9842463474484,5,3,290,306,72.97764696323891,59.461360980151866,5167.509227958802,0,0,1,1,1,Bot,True
2026-03-15 09:54:44.500821026,8443,6,3575.331593026629,6,4,246,304,71.60707337580101,44.35256343923101,4968.992269967401,1,0,1,1,1,Bot,True
2026-03-15 09:54:45.848436348,53,6,1856.7618111242873,5,3,480,146,71.45068192991585,69.45338405941324,5136.7835269576635,1,0,1,1,1,Bot,True
2026-03-15 09:54:46.728451784,53,6,3025.718277710269,6,3,425,108,74.10830294943783,65.42885130703051,4917.512526774381,1,0,1,1,1,Bot,True
2026-03-15 09:54:48.131744996,8443,6,3261.9610757494993,4,5,341,393,89.16923301804238,60.66204595951788,5010.667242214442,0,0,1,1,1,Bot,True
2026-03-15 09:54:49.284204372,8443,6,941.9216964641646,7,5,489,359,82.41715752357979,79.76903475006556,4838.720267474192,1,0,1,1,1,Bot,True
2026-03-15 09:54:50.572651631,8443,6,2831.2682668256875,4,5,487,174,60.595337488790086,75.33279847369948,5026.418069504932,1,0,1,1,1,Bot,True
2026-03-15 09:54:51.838165675,53,6,2222.869918047956,5,4,322,369,82.62891888692278,43.44354710779422,4975.473701383215,0,0,1,1,1,Bot,True
2026-03-15 09:54:52.908036513,443,6,2330.7251418034025,7,3,304,273,61.72173012765769,54.58959375424183,5188.1620044560805,1,0,1,1,1,Bot,True
2026-03-15 09:54:53.740583732,443,6,2281.1891516416217,7,5,572,339,80.7793965013476,50.752495026475785,5097.00821338027,1,0,1,1,1,Bot,True
2026-03-15 09:54:55.009884207,53,6,2534.8557404457174,7,3,200,316,76.16403545644054,45.54135448686639,4962.271171796167,1,0,1,1,1,Bot,True
2026-03-15 09:54:56.672386909,8443,6,3652.346129156096,7,5,540,283,59.03688492540523,66.83970427087377,5135.388823178138,0,0,1,1,1,Bot,True
2026-03-15 09:54:57.881190284,443,6,1884.0926319890318,7,4,453,294,85.51083002715887,58.73498743942888,4984.262800252601,1,0,1,1,1,Bot,True
2026-03-15 09:54:59.080447988,53,6,2292.561749492639,4,3,381,245,74.1692370110483,69.748893352377,4831.6607891969925,1,0,1,1,1,Bot,True
2026-03-15 09:54:59.722079640,8443,6,2975.0135075682483,6,5,308,293,81.5786634771037,45.487774976971465,5108.854578594698,1,0,1,1,1,Bot,True
2026-03-15 09:55:01.129468900,53,6,2197.044425795365,5,5,395,138,64.29280310162378,75.71422275850242,4857.288716469548,1,0,1,1,1,Bot,True
2026-03-15 09:55:02.555803622,443,6,821.469598056694,6,4,262,396,80.88494336354634,50.16976987159564,5027.884470723044,1,0,1,1,1,Bot,True
2026-03-15 09:55:03.751731482,443,6,3686.854748306939,6,5,483,250,55.70421898679102,53.90057742021672,4933.95372624909,1,0,1,1,1,Bot,True
2026-03-15 09:55:04.551545342,53,6,1832.2167175649813,7,4,365,295,66.13701577430069,43.21033231747001,5134.007481586512,1,0,1,1,1,Bot,True
2026-03-15 09:55:06.065693332,443,6,2736.2061513705726,7,3,530,235,68.49241349963822,43.86341678445328,4812.208124202058,1,0,1,1,1,Bot,True
2026-03-15 09:55:06.985721771,443,6,2866.957336862417,6,3,558,253,83.5689109571276,40.926191416163185,4922.788980432682,1,0,1,1,1,Bot,True
2026-03-15 09:55:08.395925599,53,6,3683.8022366725445,4,5,280,301,83.87810938644063,46.40283418465505,4957.022533379127,0,0,1,1,1,Bot,True
2026-03-15 09:55:09.443811420,53,6,3284.071845535503,5,5,274,321,80.73421794828278,75.19288793290886,5186.894002488979,1,0,1,1,1,Bot,True
2026-03-15 09:55:10.531896703,53,6,2961.53466600315,6,5,568,156,79.55266687863653,76.37620460785476,4981.291370274155,0,0,1,1,1,Bot,True
2026-03-15 09:55:11.748011655,8443,6,1109.0699130476441,5,3,450,338,53.65517612230676,57.09753975925104,5069.05289954785,1,0,1,1,1,Bot,True
2026-03-15 09:55:13.446535769,53,6,1505.3028008205488,5,4,364,105,65.60704792449724,53.80378472008378,4870.889535615513,0,0,1,1,1,Bot,True
2026-03-15 09:55:14.546787578,53,6,995.6837891872684,5,5,562,146,84.5206659933943,40.14762717971775,4937.943325668115,0,0,1,1,1,Bot,True
2026-03-15 09:55:15.859094389,53,6,1853.1873628840167,7,5,529,302,57.80581567605438,43.465473931180554,5039.962586926567,1,0,1,1,1,Bot,True
2026-03-15 09:55:16.781993959,53,6,1584.714177987662,6,5,422,299,81.47874657893453,57.03223370770566,5088.437033718023,0,0,1,1,1,Bot,True
2026-03-15 09:55:17.947975499,8443,6,876.3414478299773,7,5,428,395,89.45658971804733,70.04343731453537,5067.136077787769,0,0,1,1,1,Bot,True
2026-03-15 09:55:19.115044375,443,6,2338.1071839944407,7,3,490,173,85.87709483098635,67.5771864625278,4922.719300368912,1,0,1,1,1,Bot,True
2026-03-15 09:55:20.469784257,8443,6,1366.1995577858945,7,3,288,207,64.70844289118112,72.93510450941648,4974.934794831245,1,0,1,1,1,Bot,True
2026-03-15 09:55:21.510935632,8443,6,2038.3040317206817,5,4,505,266,54.94580178799006,45.54639272595301,4893.0151644881835,1,0,1,1,1,Bot,True
2026-03-15 09:55:22.947763940,443,6,929.8730347711519,6,4,585,329,79.89604785851628,65.29032127605024,4975.8675594463875,1,0,1,1,1,Bot,True
2026-03-15 09:55:24.180790395,53,6,3223.0052201319245,4,3,352,330,75.1674427222434,45.55725040339424,5135.887751463912,0,0,1,1,1,Bot,True
2026-03-15 09:55:25.425506756,53,6,3394.3564707753417,6,4,449,145,73.79232213049221,62.193405091353014,4926.612947196028,1,0,1,1,1,Bot,True
2026-03-15 09:55:26.245680558,443,6,1247.2131186791128,4,4,296,294,56.644533296481924,72.26056834848413,5109.448849873352,1,0,1,1,1,Bot,True
2026-03-15 09:55:27.616213229,53,6,2302.73917108924,7,4,211,164,77.80078574554068,58.46825778887542,4909.514540964227,0,0,1,1,1,Bot,True
2026-03-15 09:55:28.634066770,443,6,942.5173702560926,4,3,375,382,87.74442025240752,45.417238218847324,5020.5788638126705,0,0,1,1,1,Bot,True
2026-03-15 09:55:29.722533494,53,6,2879.312074050424,6,3,586,263,68.4455778510226,62.45051051616544,4860.9165517325755,1,0,1,1,1,Bot,True
2026-03-15 09:55:31.324695182,443,6,2426.6841069701377,5,3,547,151,65.90282784706312,61.93385128115516,4964.999870965468,0,0,1,1,1,Bot,True
2026-03-15 09:55:32.429388764,443,6,3105.765013341481,6,5,474,243,60.28182221674837,50.32222186506589,5105.649104554294,0,0,1,1,1,Bot,True
2026-03-15 09:55:33.734356367,8443,6,2992.0794610907833,5,3,401,227,55.54664745468314,76.0246742591244,5132.251075851589,1,0,1,1,1,Bot,True
2026-03-15 09:55:34.552573746,8443,6,1399.780836838223,4,4,365,384,87.11042343226524,41.553485610172565,4802.7480552746565,1,0,1,1,1,Bot,True
2026-03-15 09:55:36.297315707,8443,6,1473.1149861728184,4,5,385,130,76.77965292444847,54.034401069540664,4829.192596469156,1,0,1,1,1,Bot,True
2026-03-15 09:55:37.496609140,443,6,2478.2567285992245,6,5,438,101,73.39040052410867,58.79071024595317,5174.96789916803,0,0,1,1,1,Bot,True
2026-03-15 09:55:38.378999895,53,6,1351.2278434573218,6,4,543,140,68.00769132012607,67.50565218948091,4908.31609910549,0,0,1,1,1,Bot,True
2026-03-15 09:55:39.819635229,8443,6,2228.3384791345156,7,4,206,206,50.30671215267188,71.17197078170102,5095.9217419746565,1,0,1,1,1,Bot,True
2026-03-15 09:55:40.646141133,53,6,2385.7082073800343,5,4,465,391,61.29923912713498,69.90129221073272,5045.980681174844,1,0,1,1,1,Bot,True
2026-03-15 09:55:42.142539696,53,6,1099.6596871523911,4,5,225,223,63.18084163705839,57.298127097876346,5148.768513837215,1,0,1,1,1,Bot,True
2026-03-15 09:55:43.427535514,53,6,1550.4237231183406,4,5,477,123,71.5231109652646,63.6886805214857,4912.433710915697,0,0,1,1,1,Bot,True
2026-03-15 09:55:44.588799759,53,6,2200.213978315568,5,4,333,269,57.61095595577653,43.084216794516244,4934.262110290705,1,0,1,1,1,Bot,True
2026-03-15 09:55:45.787064446,8443,6,2987.8523162460488,5,5,303,125,58.44457580460469,57.14411629160213,4907.4824185395355,0,0,1,1,1,Bot,True
2026-03-15 09:55:46.777815979,443,6,2645.256514055217,7,5,480,329,67.49227465533289,52.096667712739574,5062.680607013882,0,0,1,1,1,Bot,True
2026-03-15 09:55:48.191993968,8443,6,3549.8820795918964,7,4,314,242,51.15596898527449,57.176894911267084,4975.312308137951,1,0,1,1,1,Bot,True
2026-03-15 09:55:49.314422887,8443,6,2099.2000103752525,5,4,492,198,54.13527409291977,64.13916768490282,4884.506323180614,1,0,1,1,1,Bot,True
2026-03-15 09:55:50.179470838,443,6,3147.9121375811205,7,3,243,338,81.98915703405012,40.27821163789688,4859.011115185262,0,0,1,1,1,Bot,True
2026-03-15 09:55:51.368510642,8443,6,2419.932548634534,4,4,459,367,79.9651984602778,78.04626876116897,5186.253915688371,0,0,1,1,1,Bot,True
2026-03-15 09:55:52.963153281,443,6,3379.099960276359,4,4,573,250,50.37452837639034,43.81362695914946,5186.598449103391,0,0,1,1,1,Bot,True
2026-03-15 09:55:54.075278453,53,6,3682.553688354099,6,4,380,379,57.91089128285394,78.89289477547362,5008.3796932415435,1,0,1,1,1,Bot,True
2026-03-15 09:55:55.211625670,8443,6,1225.6986332013698,4,4,293,399,50.02568802560337,67.59104694639151,4840.9603823430625,1,0,1,1,1,Bot,True
2026-03-15 09:55:56.644357074,53,6,1766.8502008341848,6,5,581,194,86.42742499412347,62.71472031321845,4887.199306092746,1,0,1,1,1,Bot,True
2026-03-15 09:55:57.695754214,443,6,2755.2705584713103,5,4,417,214,60.23284266041667,45.01618880271246,5165.123960434434,0,0,1,1,1,Bot,True
2026-03-15 09:55:58.737688047,53,6,2790.1201368108796,6,5,394,124,61.679064481533544,43.34234489845716,5168.634110406437,1,0,1,1,1,Bot,True
2026-03-15 09:55:59.948359084,53,6,1967.1264925833866,7,4,391,317,85.40324662693129,40.45817571996213,4871.617242058437,0,0,1,1,1,Bot,True
2026-03-15 09:56:01.263146616,53,6,3202.1313573238535,4,4,360,161,83.14516297843167,53.638450640131055,4845.353035989496,1,0,1,1,1,Bot,True
2026-03-15 09:56:02.556165170,443,6,2645.5783591724457,7,4,598,165,59.787431509624675,53.170361705470434,4878.3035221255495,1,0,1,1,1,Bot,True
2026-03-15 09:56:03.638611984,53,6,2886.500581357982,7,5,236,258,54.90038486497393,50.0149402316831,4987.3318481961,0,0,1,1,1,Bot,True
2026-03-15 09:56:04.805256529,443,6,3646.5010083286734,4,3,408,358,54.09588571024439,76.42209603537816,5144.980094548374,0,0,1,1,1,Bot,True
2026-03-15 09:56:06.136140421,8443,6,1434.3212252134051,6,5,414,272,83.26219033871614,59.276375942929846,5156.510475033894,1,0,1,1,1,Bot,True
2026-03-15 09:56:07.323158729,8443,6,3215.532970009392,5,4,328,397,65.98501057180086,56.73376510829384,5090.260373276099,0,0,1,1,1,Bot,True
2026-03-15 09:56:08.598208104,8443,6,1834.279450728197,7,4,429,183,55.31823863427236,68.12929698371417,5038.960939237242,1,0,1,1,1,Bot,True
2026-03-15 09:56:09.337531071,8443,6,2630.765064864832,6,4,306,213,70.93558473058329,58.428294296554064,4962.001347478214,0,0,1,1,1,Bot,True
2026-03-15 09:56:10.952971279,443,6,1478.9428179370002,7,4,325,111,72.42046192146799,62.27619933098672,5066.7533979068885,1,0,1,1,1,Bot,True
2026-03-15 09:56:12.008256270,443,6,3372.1311087093673,6,4,253,360,65.53707884925926,66.66865906687683,4848.224649992859,0,0,1,1,1,Bot,True
2026-03-15 09:56:12.944815872,53,6,3778.6129625396115,6,3,428,239,53.78103041224509,43.73224396135639,5197.574983034255,1,0,1,1,1,Bot,True
2026-03-15 09:56:14.507406016,8443,6,1666.3115577976223,6,4,260,269,59.970014570106024,50.84207120451285,4968.152606561911,0,0,1,1,1,Bot,True
2026-03-15 09:56:15.729924116,8443,6,3806.3014200337575,4,4,593,120,69.30250341222037,62.44335647736858,4943.451646965782,1,0,1,1,1,Bot,True
2026-03-15 09:56:16.814176301,53,6,1564.400159644797,6,5,416,229,62.34883398972241,74.90265730196731,4822.782772450441,0,0,1,1,1,Bot,True
2026-03-15 09:56:18.176279386,53,6,3768.3006401902835,5,3,390,122,51.801177777427,70.14528174795622,4934.468129385352,1,0,1,1,1,Bot,True
2026-03-15 09:56:19.080148865,443,6,3202.219423334415,6,5,566,199,56.05380256822381,76.28099937815108,4934.276566717178,1,0,1,1,1,Bot,True
2026-03-15 09:56:20.221144331,53,6,2468.167323790466,5,3,430,306,76.75977690361684,76.3146579630407,4964.16448931327,1,0,1,1,1,Bot,True
2026-03-15 09:56:21.510440371,53,6,2560.944662126813,6,5,337,122,82.10495464816039,65.38146666895523,5074.5362864983745,1,0,1,1,1,Bot,True
2026-03-15 09:56:22.746030307,8443,6,3006.9738933939457,4,5,525,331,67.1616710019484,58.40687140854624,5191.5682224295715,1,0,1,1,1,Bot,True
2026-03-15 09:56:24.117560161,443,6,986.4600768567673,5,3,286,176,87.06874752670892,71.38012318849701,5118.353942826185,1,0,1,1,1,Bot,True
2026-03-15 09:56:25.407311962,53,6,2223.4352077057056,7,3,240,285,86.36902188866176,57.80722005281386,5126.694134773272,1,0,1,1,1,Bot,True
2026-03-15 09:56:26.532550914,53,6,2166.6993345920464,4,5,381,379,60.547647927728455,59.559001353063124,5089.272761949553,1,0,1,1,1,Bot,True
2026-03-15 09:56:27.404392535,8443,6,3775.790717573842,7,5,421,326,61.579789013668545,41.25124230486635,5005.24645745789,1,0,1,1,1,Bot,True
2026-03-15 09:56:28.719730250,53,6,3405.919842080483,5,3,448,217,63.69563375200125,67.30970331086874,5030.4737135312,0,0,1,1,1,Bot,True
2026-03-15 09:56:29.795048228,443,6,2567.6072033782766,5,3,404,264,87.10396166775774,43.67184131946597,4993.552615660205,1,0,1,1,1,Bot,True
2026-03-15 09:56:31.312034519,8443,6,1951.449639235106,5,4,430,345,84.6682690850783,50.82387598779441,5186.834270191818,0,0,1,1,1,Bot,True
2026-03-15 09:56:32.248903126,53,6,1478.4967254812166,5,5,245,360,57.41796916261432,53.00726729736495,4830.922698886199,0,0,1,1,1,Bot,True
2026-03-15 09:56:33.615232159,443,6,2689.677834693739,6,3,274,350,80.20412228338813,44.392061749520224,4801.6439074435875,0,0,1,1,1,Bot,True
2026-03-15 09:56:34.975097905,443,6,2653.703799592383,6,5,438,111,63.367738565980616,74.26161333931105,5085.173179653168,1,0,1,1,1,Bot,True
2026-03-15 09:56:36.102563564,8443,6,2287.255983890671,4,3,591,346,82.61403227605203,60.54177465295616,4944.6057168500165,0,0,1,1,1,Bot,True
2026-03-15 09:56:37.079024394,53,6,3349.407122409169,7,4,217,196,76.22672125591059,79.93742268778006,4972.14141545147,0,0,1,1,1,Bot,True
2026-03-15 09:56:38.299720050,443,6,2082.0407845438813,6,5,435,215,68.32126969926847,52.11264269095223,5192.293237185534,1,0,1,1,1,Bot,True
2026-03-15 09:56:39.692018571,53,6,1777.6703795672404,5,3,374,281,64.52601291009367,70.91699948064434,4877.216528263879,0,0,1,1,1,Bot,True
2026-03-15 09:56:40.829680649,53,6,3596.366728068569,4,4,236,170,84.54704249708342,47.077203899206225,5167.579587052834,1,0,1,1,1,Bot,True
2026-03-15 09:56:41.757836092,8443,6,1535.9333199139764,6,5,598,349,52.27547413215306,73.01179031316012,5030.6908219997285,1,0,1,1,1,Bot,True
2026-03-15 09:56:43.424394953,53,6,3347.149163044814,6,3,533,199,52.34967198857636,66.62138394114538,5158.72027719869,1,0,1,1,1,Bot,True
2026-03-15 09:56:44.407567948,53,6,3254.6697618042313,5,3,350,357,51.02267357086206,70.83641965387798,4994.197175256009,1,0,1,1,1,Bot,True
2026-03-15 09:56:45.584016607,443,6,2152.918921319634,6,5,537,157,69.51056603707065,73.74697161551282,4805.179001536133,0,0,1,1,1,Bot,True
2026-03-15 09:56:46.619063601,443,6,3464.906251691778,7,5,565,148,67.78365058990265,53.75272024407145,5190.354537995717,1,0,1,1,1,Bot,True
2026-03-15 09:56:47.926196291,8443,6,3591.069685535093,5,3,483,256,74.47431072057304,56.67977210728175,4839.431611282179,1,0,1,1,1,Bot,True
2026-03-15 09:56:49.099694917,53,6,2126.910375392037,5,4,378,377,78.84208530609581,71.26807530866381,5104.078501184635,0,0,1,1,1,Bot,True
2026-03-15 09:56:50.262441409,8443,6,2539.438270816315,6,3,296,239,64.98559359017474,42.169132736409495,5188.058114000312,0,0,1,1,1,Bot,True
2026-03-15 09:56:51.640443944,8443,6,1919.659410573436,5,4,421,236,89.09387641245297,42.00300913690853,5126.648901389061,0,0,1,1,1,Bot,True
2026-03-15 09:56:52.777365216,53,6,1356.8136892955365,4,3,336,247,59.754396742607774,60.601357069400805,4991.387898833764,0,0,1,1,1,Bot,True
2026-03-15 09:56:54.233518611,53,6,2282.5786019815696,6,5,332,309,65.64989404944022,50.77294980252469,5006.229294817266,0,0,1,1,1,Bot,True
2026-03-15 09:56:55.464806386,8443,6,938.8848187688517,4,3,204,301,64.4522956297324,41.48914878153096,5032.50662635195,0,0,1,1,1,Bot,True
2026-03-15 09:56:56.231684057,53,6,2638.2946797318937,7,4,220,130,79.94058538684186,55.051299801198184,5198.451942947355,1,0,1,1,1,Bot,True
2026-03-15 09:56:57.360063257,53,6,1956.4730517505336,5,5,415,379,71.02919021515706,78.81273566573935,4962.174700673638,0,0,1,1,1,Bot,True
2026-03-15 09:56:58.971202530,8443,6,2161.020530797303,5,3,352,236,86.82983894853268,48.04195069066276,4835.687478729968,0,0,1,1,1,Bot,True
2026-03-15 09:57:00.296916842,443,6,3248.2941801429984,6,5,468,120,82.67322279420215,74.13750096166382,4934.475002150836,1,0,1,1,1,Bot,True
2026-03-15 09:57:01.418160041,8443,6,2905.755367271486,7,4,337,290,76.3769943882676,40.00638874622121,4833.971887569729,1,0,1,1,1,Bot,True
2026-03-15 09:57:02.114218441,443,6,2424.678602219712,4,3,217,369,72.18140548298277,48.150428270588975,5145.055406032272,0,0,1,1,1,Bot,True
2026-03-15 09:57:03.450758130,53,6,3704.038703321714,6,5,497,297,83.53260125055549,72.95006857552184,4981.443704571936,0,0,1,1,1,Bot,True
2026-03-15 09:57:04.526005366,8443,6,1132.157107790622,4,3,405,235,69.20418540770287,51.472965639988736,5148.746428089261,0,0,1,1,1,Bot,True
2026-03-15 09:57:06.192467626,443,6,2976.258537083475,6,3,313,258,63.366190210665934,61.97404243798201,4829.317338563545,1,0,1,1,1,Bot,True
2026-03-15 09:57:07.248844185,53,6,3499.546981819545,6,3,222,207,89.2077650065417,59.49046131617754,5084.162242654614,0,0,1,1,1,Bot,True
2026-03-15 09:57:08.408231124,443,6,2816.3551233823655,7,4,325,349,67.36589770716768,67.06734143388022,4932.904949749112,0,0,1,1,1,Bot,True
2026-03-15 09:57:09.632669929,443,6,2610.7873110052783,4,5,396,134,83.92965079906998,41.473605782959375,5119.652477307467,1,0,1,1,1,Bot,True
2026-03-15 09:57:10.651470755,53,6,3074.964863767306,7,5,235,381,85.58855739231501,54.690339985489324,5057.380629349495,1,0,1,1,1,Bot,True
2026-03-15 09:57:12.060983021,443,6,1536.2429603802393,4,5,401,105,72.94444376488292,71.88643634268752,5121.429789521458,0,0,1,1,1,Bot,True
2026-03-15 09:57:12.918400187,8443,6,1649.364068823805,6,4,518,213,88.39880399681097,65.37644330721122,4903.190635785962,0,0,1,1,1,Bot,True
2026-03-15 09:57:14.487607034,443,6,1826.1686750626914,6,3,276,340,77.78273296074818,66.3238916259977,4840.326018109942,1,0,1,1,1,Bot,True
2026-03-15 09:57:15.740660298,443,6,2773.022290329357,4,5,584,126,60.89242540238646,72.14183763671937,4975.8698895869375,1,0,1,1,1,Bot,True
2026-03-15 09:57:16.903815758,8443,6,973.5249066927356,6,5,380,377,80.4367884362205,45.99600683461931,5153.045449465636,1,0,1,1,1,Bot,True
2026-03-15 09:57:17.899270510,443,6,2674.7808360798845,6,4,575,385,84.5474479584029,76.87836990763329,5128.892264529071,0,0,1,1,1,Bot,True
2026-03-15 09:57:19.395757749,53,6,1753.943989110683,4,3,584,148,58.14946913185619,49.05210267170327,5063.173935214057,1,0,1,1,1,Bot,True
2026-03-15 09:57:20.529326398,53,6,2606.0867379653537,5,5,332,267,73.21296422218894,66.4530815779834,5004.211522937278,1,0,1,1,1,Bot,True
2026-03-15 09:57:21.376978393,443,6,3728.8999410860765,6,5,572,350,60.74813278076302,74.68321665535234,5077.595030760233,0,0,1,1,1,Bot,True
2026-03-15 09:57:22.617086532,53,6,2807.7495278798015,6,4,507,350,63.46581175857929,57.58679522650915,5117.179051314842,0,0,1,1,1,Bot,True
2026-03-15 09:57:24.082265047,8443,6,2236.3398532776237,6,5,346,233,50.465952415348816,64.54737007383034,5024.056580472725,1,0,1,1,1,Bot,True
2026-03-15 09:57:25.073649680,443,6,1763.9588603589286,6,3,295,238,51.678540978995365,50.35297703693073,5067.299220619469,0,0,1,1,1,Bot,True
2026-03-15 09:57:26.171659764,53,6,3357.939579773828,5,5,334,219,61.17351462276595,78.09483882917553,4900.046817292575,0,0,1,1,1,Bot,True
2026-03-15 09:57:27.392981395,443,6,1359.9285090531757,7,4,480,183,58.3826814403587,63.480477576909564,5105.8202047770255,1,0,1,1,1,Bot,True
2026-03-15 09:57:28.599370308,443,6,3914.9265568695964,5,3,314,223,57.64643423805851,60.1191035174728,4994.232521435977,1,0,1,1,1,Bot,True
2026-03-15 09:57:29.986674544,8443,6,2262.502510522303,4,3,577,384,60.71169426923616,49.79486590116825,5160.699273243852,1,0,1,1,1,Bot,True
2026-03-15 09:57:31.264431272,443,6,1720.8710686859692,7,3,220,157,59.80444979866949,69.20301518543039,4886.045824986299,0,0,1,1,1,Bot,True
2026-03-15 09:57:32.205841364,8443,6,2313.269794105386,7,3,585,176,62.58226950310927,52.24750158001789,4976.800023600926,1,0,1,1,1,Bot,True
2026-03-15 09:57:33.727497966,8443,6,2704.704161844131,6,5,251,160,87.27057545656538,48.919076668987316,5132.145025314635,0,0,1,1,1,Bot,True
2026-03-15 09:57:34.668607564,443,6,2962.8466712207814,7,4,426,238,64.95012436841864,74.57525871661537,5081.2389861726115,1,0,1,1,1,Bot,True
2026-03-15 09:57:35.886934883,8443,6,1014.9299144053344,7,5,499,283,88.85211136265292,46.938790073658176,5123.935848627772,0,0,1,1,1,Bot,True
2026-03-15 09:57:37.034099172,53,6,3014.6021811839923,5,4,358,236,63.77985539108323,49.56538167468523,4939.762794579734,0,0,1,1,1,Bot,True
2026-03-15 09:57:38.571123681,8443,6,2424.8183753867643,5,3,405,259,79.08587460903777,44.66454575509079,5140.032649565264,0,0,1,1,1,Bot,True
2026-03-15 09:57:39.875888299,8443,6,1412.001667560176,5,3,343,341,69.12017757930009,50.30331030426332,5172.561454796474,1,0,1,1,1,Bot,True
2026-03-15 09:57:40.795499909,8443,6,1593.322382823073,6,5,359,205,59.83736697455488,75.95222462365827,4851.417682365295,0,0,1,1,1,Bot,True
2026-03-15 09:57:41.725218384,443,6,2016.5709405365287,6,4,307,194,58.09356494930905,42.18088544956191,5133.070249614917,1,0,1,1,1,Bot,True
2026-03-15 09:57:43.056341589,443,6,3145.9533181200923,6,5,536,266,81.63049534041114,44.12225630321866,5173.322284633828,1,0,1,1,1,Bot,True
2026-03-15 09:57:44.194830174,443,6,3243.5093503186376,7,4,373,220,78.23974450776939,53.17951623592709,5039.966563574753,0,0,1,1,1,Bot,True
2026-03-15 09:57:45.805657370,53,6,1334.1089493721781,7,4,445,186,77.21777738127277,58.948964547100076,5001.799233981515,0,0,1,1,1,Bot,True
2026-03-15 09:57:46.550912392,53,6,910.7173874480459,4,5,243,386,78.82036103440285,75.94882824178387,5148.591594770445,0,0,1,1,1,Bot,True
2026-03-15 09:57:48.279885744,443,6,2270.3323736563802,5,3,236,267,50.09714364709414,61.15070643524888,5015.458588550605,0,0,1,1,1,Bot,True
2026-03-15 09:57:49.253108265,443,6,1367.7191269366726,7,5,578,259,81.14725478852299,48.021621413822814,5028.709889555276,0,0,1,1,1,Bot,True
2026-03-15 09:57:50.410643872,443,6,3757.7412556173304,7,3,330,224,55.900332978183854,47.05523529225014,5052.6238458563685,0,0,1,1,1,Bot,True
2026-03-15 09:57:51.808410373,443,6,1388.6550835920352,6,4,222,338,55.34210262917779,46.27512036866452,4830.184003553765,0,0,1,1,1,Bot,True
2026-03-15 09:57:52.516528572,443,6,3346.4002276081933,4,3,594,253,57.281766311840734,46.61487815683701,4817.517468757188,1,0,1,1,1,Bot,True
2026-03-15 09:57:54.166291649,443,6,2432.23661467568,5,3,331,162,56.98386890499661,44.401730242792524,5066.484215354943,1,0,1,1,1,Bot,True
2026-03-15 09:57:54.969962427,8443,6,1476.5077714763702,4,3,527,141,57.11046943780742,66.06612702788914,5136.796780627394,0,0,1,1,1,Bot,True
2026-03-15 09:57:56.604466859,8443,6,3237.4222636476143,7,5,207,204,86.9685280505462,56.110872637579334,4842.697615414172,1,0,1,1,1,Bot,True
2026-03-15 09:57:57.617505731,53,6,1459.8996039644355,4,5,462,307,53.17675949419807,72.01518719784566,4808.129261753047,0,0,1,1,1,Bot,True
2026-03-15 09:57:58.536677641,8443,6,2802.967650388923,7,5,552,236,68.08775893360753,77.59433504559797,4921.051237858536,1,0,1,1,1,Bot,True
2026-03-15 09:58:00.199947023,8443,6,3768.295327915949,6,5,505,207,80.61478737744646,64.87022844290595,5109.796106949619,0,0,1,1,1,Bot,True
2026-03-15 09:58:00.916388470,443,6,3746.002921821934,5,5,496,354,85.23633633808315,43.835125370087646,5119.24007657733,1,0,1,1,1,Bot,True
2026-03-15 09:58:02.183022415,443,6,2023.8339123848878,6,5,305,124,61.432032259691155,76.6865662253746,5043.334179623641,0,0,1,1,1,Bot,True
2026-03-15 09:58:03.778694714,8443,6,867.9732276708919,4,3,448,187,56.48241644786564,61.816034993715064,5088.487523564802,1,0,1,1,1,Bot,True
2026-03-15 09:58:04.778922674,8443,6,2650.5460942668988,6,3,295,387,62.63794099359117,68.12350541928379,5099.01940487631,0,0,1,1,1,Bot,True
2026-03-15 09:58:06.228833222,53,6,2882.468506301292,5,5,365,308,69.06898349069135,56.1014497307316,4859.956105088069,0,0,1,1,1,Bot,True
2026-03-15 09:58:07.281257563,443,6,2048.821839465736,7,5,264,208,67.52363278037029,53.57462076866363,4806.769997198127,0,0,1,1,1,Bot,True
2026-03-15 09:58:08.474117252,8443,6,3669.7342914898636,7,3,418,208,78.62522423326834,46.232419088904095,5136.489233454914,1,0,1,1,1,Bot,True
2026-03-15 09:58:09.475341063,53,6,1208.610365346667,6,5,227,320,58.84808064466761,57.43419061672492,5003.030036498653,0,0,1,1,1,Bot,True
2026-03-15 09:58:10.580208314,53,6,3052.096150729307,5,4,261,372,55.23509570440715,46.729387098051376,4903.413442250306,0,0,1,1,1,Bot,True
2026-03-15 09:58:12.276703434,53,6,2616.7850966881497,7,4,308,244,70.88371519899285,48.04596616348226,4832.1399969184295,1,0,1,1,1,Bot,True
2026-03-15 09:58:12.962878613,443,6,2938.677360814096,4,3,406,251,72.8710730567005,65.41182070138365,4803.274395594774,1,0,1,1,1,Bot,True
2026-03-15 09:58:14.417406360,53,6,2120.1324291031815,6,4,375,390,84.04196044535978,67.50952178061756,4914.4063474056675,0,0,1,1,1,Bot,True
2026-03-15 09:58:15.463541154,8443,6,2005.3041764280022,7,3,478,282,75.63324973628704,52.90514555621949,5145.207588157559,1,0,1,1,1,Bot,True
2026-03-15 09:58:16.658484398,53,6,2311.892324516669,5,5,231,397,55.73156168963039,65.13915245961249,5058.1127380367,0,0,1,1,1,Bot,True
2026-03-15 09:58:18.056751731,53,6,1117.6432963310035,6,4,585,202,56.11633157439466,76.55780252887935,4994.6330977403795,1,0,1,1,1,Bot,True
2026-03-15 09:58:19.378760470,443,6,1274.063784588262,5,5,213,309,52.007391397060815,79.60408019075489,4893.324769565279,0,0,1,1,1,Bot,True
2026-03-15 09:58:20.566307689,8443,6,3427.9240678996,6,5,588,399,59.75822528201995,41.92627603643328,5089.295409102958,1,0,1,1,1,Bot,True
2026-03-15 09:58:21.821281013,53,6,3794.852996101912,5,5,508,201,78.79115246883224,40.03829623799674,4935.814781305957,0,0,1,1,1,Bot,True
2026-03-15 09:58:22.675741642,8443,6,1776.8644146850952,7,3,465,314,83.16161619146754,47.20933543785756,4966.916787173955,1,0,1,1,1,Bot,True
2026-03-15 09:58:23.979450829,53,6,1954.4053089693775,4,5,278,105,86.08201953865799,58.51377359340301,5068.421471899554,1,0,1,1,1,Bot,True
2026-03-15 09:58:24.905600743,8443,6,3970.0934646512737,5,4,397,155,50.41602407796954,45.55782775673706,4849.870183336033,1,0,1,1,1,Bot,True
2026-03-15 09:58:26.548114573,53,6,2766.700199623234,5,4,231,233,54.357110068353165,67.33955902646683,5077.156303424788,1,0,1,1,1,Bot,True
2026-03-15 09:58:27.481405867,53,6,1359.5118946214552,6,4,309,377,82.20718932492001,45.19726946547766,4932.430752500947,1,0,1,1,1,Bot,True
2026-03-15 09:58:28.836896119,8443,6,3087.724493997597,4,3,567,101,53.76755840415242,58.40853423497565,4925.346346275495,1,0,1,1,1,Bot,True
2026-03-15 09:58:29.801580169,443,6,1768.8077986281537,5,4,481,147,56.90926610312227,55.39020813996802,4835.870297619835,1,0,1,1,1,Bot,True
2026-03-15 09:58:31.391639704,443,6,1439.8511108465761,5,4,481,243,88.31574459253375,42.11823883319467,4991.645954235353,0,0,1,1,1,Bot,True
2026-03-15 09:58:32.590363331,8443,6,3050.155346294792,7,4,283,171,71.00322969434396,71.14366462182696,5189.908160608726,0,0,1,1,1,Bot,True
2026-03-15 09:58:33.826471748,53,6,2610.5753412429076,4,3,323,360,80.7278610725574,47.568706843955844,4978.894006332183,0,0,1,1,1,Bot,True
2026-03-15 09:58:34.527562198,53,6,3121.7288422880956,5,4,277,393,63.524612503208914,66.27697144157733,5029.0920948745315,1,0,1,1,1,Bot,True
2026-03-15 09:58:36.295475225,8443,6,1993.4609671210164,5,5,292,113,78.14851055479232,66.67711953063437,5191.160013251658,0,0,1,1,1,Bot,True
2026-03-15 09:58:37.048667648,53,6,1315.5997770306908,7,3,529,139,60.60029865213265,42.3957829590798,5177.504723639623,0,0,1,1,1,Bot,True
2026-03-15 09:58:38.285660211,53,6,2003.610074080968,7,5,416,185,65.94819772395623,54.302037047805584,5065.2270085668715,1,0,1,1,1,Bot,True
2026-03-15 09:58:39.449601437,8443,6,3193.1060298430284,5,4,227,335,75.31134913613538,60.45102450932733,5153.943205449145,1,0,1,1,1,Bot,True
2026-03-15 09:58:40.660519619,8443,6,2934.7544807480344,5,3,373,144,70.60165201986479,77.51830256885324,5000.7120779902225,1,0,1,1,1,Bot,True
2026-03-15 09:58:42.031596813,443,6,3424.392778307214,5,4,381,201,75.82345440074084,78.18874673004078,4965.60601248832,0,0,1,1,1,Bot,True
2026-03-15 09:58:43.043886326,53,6,2454.098614903408,4,5,377,102,69.44485190349279,62.967962711845665,4925.567638846969,0,0,1,1,1,Bot,True
2026-03-15 09:58:44.336262786,8443,6,2167.6754844880716,5,4,533,234,76.00435615579522,68.41849936497003,4960.163522775544,1,0,1,1,1,Bot,True
2026-03-15 09:58:45.693363949,53,6,3259.1849922233387,7,5,510,356,65.74238012040867,78.19509790098772,4876.805756109136,0,0,1,1,1,Bot,True
2026-03-15 09:58:47.001615722,53,6,1464.1521198555733,7,4,348,324,60.3355733464151,78.4259726765296,5064.333288927632,1,0,1,1,1,Bot,True
2026-03-15 09:58:48.115644900,8443,6,2679.1257364118674,6,3,585,258,77.75071938647082,44.58415270020171,4847.25083595872,0,0,1,1,1,Bot,True
2026-03-15 09:58:49.256593706,53,6,1271.799879049016,4,4,283,233,77.75559675973057,75.68597516435182,4950.61251826654,1,0,1,1,1,Bot,True
2026-03-15 09:58:50.188637137,8443,6,2969.6629718671356,7,4,534,126,68.27240006065588,60.122544315235956,5006.487757955719,0,0,1,1,1,Bot,True
2026-03-15 09:58:51.789669360,53,6,3833.9146986525884,7,3,292,208,86.25718077761351,70.97436965698441,4915.3344041578475,1,0,1,1,1,Bot,True
2026-03-15 09:58:52.522364932,8443,6,2504.568010978248,4,3,567,327,86.3638205860147,43.02190992445959,5013.481848500611,1,0,1,1,1,Bot,True
2026-03-15 09:58:53.858514997,8443,6,906.4226710531639,5,5,597,176,84.59196402679262,51.188378881825365,5192.599075821527,1,0,1,1,1,Bot,True
2026-03-15 09:58:54.934235350,443,6,2999.84059198034,7,4,360,320,73.48545105982143,50.69381139718449,4902.535836272385,0,0,1,1,1,Bot,True
2026-03-15 09:58:56.500457385,8443,6,2492.396061518366,4,5,597,323,75.00685851259097,66.16964583434999,5148.665472626961,0,0,1,1,1,Bot,True
2026-03-15 09:58:57.521022649,53,6,993.5944690467153,6,3,244,188,65.66878441399588,69.35732166729159,5127.4577577983555,1,0,1,1,1,Bot,True
2026-03-15 09:58:58.891229089,8443,6,2655.072332025072,5,3,593,107,57.60740398510718,50.73106109343664,4984.356192705656,0,0,1,1,1,Bot,True
2026-03-15 09:58:59.908218575,443,6,1108.5825762516638,4,5,208,112,50.024122250483714,41.29125601505644,4978.919190328302,1,0,1,1,1,Bot,True
2026-03-15 09:59:01.173444438,443,6,2139.6965143923317,4,3,207,284,75.29345428903017,68.44085816796759,4913.7201575986255,1,0,1,1,1,Bot,True
2026-03-15 09:59:02.374776606,53,6,3883.1544930163336,4,5,453,317,57.96598452069232,49.26751710421406,5058.436720195553,1,0,1,1,1,Bot,True
2026-03-15 09:59:03.327348392,443,6,3576.866523812132,6,5,491,196,65.51123818008105,69.8797240413232,4900.116393660126,0,0,1,1,1,Bot,True
2026-03-15 09:59:04.758135915,53,6,2105.4502527285567,5,4,508,205,51.040863060900186,40.147446039245814,5055.7619558573815,0,0,1,1,1,Bot,True
2026-03-15 09:59:06.084638617,443,6,2307.4021106765936,7,4,344,160,81.62110269688475,47.46677198156262,5073.709411579566,1,0,1,1,1,Bot,True
2026-03-15 09:59:07.227631347,53,6,3069.411962007956,5,5,286,245,78.67916681648279,45.82638460346432,5070.859554866675,0,0,1,1,1,Bot,True
2026-03-15 09:59:08.145170259,8443,6,1027.7613211632922,5,4,326,165,55.966415546178105,50.33825996829499,5104.816069482,1,0,1,1,1,Bot,True
2026-03-15 09:59:09.700833591,8443,6,3843.770807014155,7,5,451,213,62.20784793055139,75.80055303898217,4939.423996051522,1,0,1,1,1,Bot,True
2026-03-15 09:59:10.685317652,53,6,3311.4367646499245,7,5,388,109,60.04501015062004,58.860593201010744,5118.980373219624,1,0,1,1,1,Bot,True
2026-03-15 09:59:11.708660881,53,6,3542.6613482761313,4,3,364,335,85.35204994327302,76.71958974615985,5114.297951896845,1,0,1,1,1,Bot,True
2026-03-15 09:59:12.993357334,53,6,2433.552422477497,4,4,596,254,70.6273271147227,48.4272945318631,4931.195455471195,0,0,1,1,1,Bot,True
2026-03-15 09:59:14.398535794,8443,6,2145.3519365885413,6,3,297,395,85.81726944570833,40.185603706653666,5151.260141903111,0,0,1,1,1,Bot,True
2026-03-15 09:59:15.486240995,53,6,3071.382340593724,4,5,591,170,87.7406744923826,68.8067653444388,5193.514079737879,0,0,1,1,1,Bot,True
2026-03-15 09:59:16.916629808,443,6,2917.2459893462196,4,4,405,322,67.16245787469458,40.079683294996904,4994.013933046587,1,0,1,1,1,Bot,True
2026-03-15 09:59:17.844392085,53,6,1799.1146261470974,6,4,279,281,78.72354596226991,49.425920485346886,4907.54042426892,1,0,1,1,1,Bot,True
2026-03-15 09:59:19.363677701,53,6,3201.3002380109347,5,3,307,271,56.30192383630877,58.09332174032444,4876.605004354357,1,0,1,1,1,Bot,True
2026-03-15 09:59:20.271886308,53,6,3040.526687477941,6,4,229,148,86.8537104519203,40.19076155707999,5092.218478143686,1,0,1,1,1,Bot,True
2026-03-15 09:59:21.672518224,443,6,3555.814665218554,7,5,260,299,56.03941058253013,62.55270066253688,4862.581429517053,0,0,1,1,1,Bot,True
2026-03-15 09:59:22.979529828,53,6,3336.41636687594,6,5,294,196,67.439569532094,72.09448881812735,5038.471554229786,1,0,1,1,1,Bot,True
2026-03-15 09:59:23.931333677,443,6,1400.1894028407937,5,3,419,248,85.24001246205144,43.558060770950604,4818.1848219294,0,0,1,1,1,Bot,True
2026-03-15 09:59:24.928082965,8443,6,2949.8525464318323,7,3,343,129,85.45813470049725,70.4921292435187,5153.7568657584825,0,0,1,1,1,Bot,True
2026-03-15 09:59:26.421267312,8443,6,2800.4110130281806,5,4,231,287,89.71229780647025,60.74402881883732,5197.480884296401,1,0,1,1,1,Bot,True
2026-03-15 09:59:27.897245436,53,6,2748.9046894316407,7,3,572,137,61.89653522438091,72.94762939138289,5015.862450043871,1,0,1,1,1,Bot,True
2026-03-15 09:59:29.081395119,443,6,3407.9526293059043,6,3,306,295,53.09840372768767,67.58597854864199,4994.884543365927,0,0,1,1,1,Bot,True
2026-03-15 09:59:29.832613316,53,6,3027.927411028198,4,3,314,331,71.4307398986005,57.22399575501264,5011.8801053357,0,0,1,1,1,Bot,True
2026-03-15 09:59:31.353417905,53,6,1531.5138442348011,6,3,570,210,85.35316480376414,68.60768899194832,4832.3699076930425,1,0,1,1,1,Bot,True
2026-03-15 09:59:32.306971099,53,6,3052.366852725463,5,4,495,305,71.42713878402596,65.32120530399823,5024.325215572318,0,0,1,1,1,Bot,True
2026-03-15 09:59:33.396163488,443,6,2291.112892398348,6,5,401,341,86.15814057609094,73.55622452311646,4820.01074463148,1,0,1,1,1,Bot,True
2026-03-15 09:59:34.899548820,443,6,3499.6722513590225,6,5,579,379,76.38779074425705,44.901950993687215,4863.952115357393,0,0,1,1,1,Bot,True
2026-03-15 09:59:36.000521237,443,6,1323.980122122301,5,5,213,135,62.28048303357256,47.945010815420865,5080.443666663877,1,0,1,1,1,Bot,True
2026-03-15 09:59:37.223538334,8443,6,2564.8451509574443,6,4,443,326,56.09464243802967,57.7778212591469,4954.839498819838,1,0,1,1,1,Bot,True
2026-03-15 09:59:38.596435597,8443,6,3958.5079010857403,4,3,263,241,74.26253577041469,56.90156593938168,5150.371057738862,1,0,1,1,1,Bot,True
2026-03-15 09:59:39.501926205,8443,6,2980.182888061444,6,5,444,138,67.88212864074804,56.07355531216864,5100.366640916784,1,0,1,1,1,Bot,True
2026-03-15 09:59:40.900256855,8443,6,1174.730984963741,5,4,504,354,61.01789446035814,46.859656324680344,4856.554950356739,0,0,1,1,1,Bot,True
2026-03-15 09:59:41.919714880,53,6,1729.4952641488794,6,5,356,185,83.50600273273275,53.369630406086465,5082.070944648508,0,0,1,1,1,Bot,True
2026-03-15 09:59:42.925634337,53,6,1572.6798525717954,4,3,450,307,74.81122846256235,56.886451741488,5023.83318414191,1,0,1,1,1,Bot,True
2026-03-15 09:59:44.326809064,8443,6,1039.2953641436982,6,3,343,248,82.0771092203287,75.14189142741452,5092.187779488119,0,0,1,1,1,Bot,True
2026-03-15 09:59:45.870020677,8443,6,1496.1633312302292,7,4,205,257,88.72764815869631,68.57388770272146,4858.7494311150795,0,0,1,1,1,Bot,True
2026-03-15 09:59:46.789957489,443,6,3625.763969632249,6,5,453,173,89.08065897832275,63.2831046220758,5019.754778372728,1,0,1,1,1,Bot,True
2026-03-15 09:59:47.764938262,443,6,1642.7425450812998,6,3,209,196,68.95592553704451,72.45550904242701,5170.947829823392,1,0,1,1,1,Bot,True
2026-03-15 09:59:49.312696097,8443,6,2704.4597795632517,5,4,555,123,64.52096214268866,66.29863699759153,5010.79353560679,1,0,1,1,1,Bot,True
2026-03-15 09:59:50.678027609,53,6,2837.6986451414987,4,5,535,397,53.08428184640911,66.52167356699059,5140.193005271842,0,0,1,1,1,Bot,True
2026-03-15 09:59:51.844767147,8443,6,2779.8727657262843,6,4,575,167,67.67511483129363,56.91517210232893,5028.598000235842,1,0,1,1,1,Bot,True
2026-03-15 09:59:52.843176502,443,6,1444.011421785097,4,5,456,142,76.29092845919442,66.27941828122624,4934.652212113499,1,0,1,1,1,Bot,True
2026-03-15 09:59:53.925768446,443,6,2316.4443324765234,5,5,248,153,87.41494134833977,63.05565261538497,5195.912696354558,1,0,1,1,1,Bot,True
2026-03-15 09:59:55.248406601,8443,6,1918.3473039905748,7,4,453,354,73.32422123958463,54.999641703422256,5129.607248451048,0,0,1,1,1,Bot,True
2026-03-15 09:59:56.589558637,443,6,2473.9715111987043,6,5,234,367,87.26082784291545,46.787082528819866,5152.085262261918,0,0,1,1,1,Bot,True
2026-03-15 09:59:57.816742405,53,6,2427.6182250503452,7,4,466,251,57.78439042377923,62.29615462460176,4857.317161089296,1,0,1,1,1,Bot,True
2026-03-15 09:59:58.991306330,443,6,904.7217051911922,6,3,495,182,56.748851013148695,44.73249439725934,5105.480635938962,0,0,1,1,1,Bot,True
